2026-04-11 23:52:58,917 | INFO | ai-websocket | [WS CONNECT] Origin: None
2026-04-11 23:54:41,169 | DEBUG | ai-websocket | [WS RECEIVED] Raw Data: {'query': 'want to find jobs in dubai', 'user_id': 402981, 'org_id': 1}
2026-04-11 23:54:41,173 | INFO | ai-websocket | [QUERY] User:402981 Org:1 : want to find jobs in dubai
2026-04-11 23:54:42,220 | DEBUG | ai-websocket | [CONVERSATION] ID: 448
2026-04-11 23:54:52,264 | INFO | ai-websocket | Intent detected: {'intent': 'JOB', 'type': 'job', 'keywords': 'jobs dubai', 'location': 'dubai', 'rephrased_query': 'want to find jobs in dubai'}
2026-04-11 23:54:52,264 | DEBUG | ai-websocket | [INTENT] {'intent': 'JOB', 'type': 'job', 'keywords': 'jobs dubai', 'location': 'dubai', 'rephrased_query': 'want to find jobs in dubai'}
2026-04-11 23:54:52,267 | DEBUG | ai-websocket | [BASE QUERY] jobs dubai
2026-04-11 23:55:01,390 | INFO | ai-websocket | [FOLLOWUP DETECT] {'is_followup': False, 'type': 'new topic'}
2026-04-11 23:55:01,390 | INFO | ai-websocket | [FINAL QUERY] jobs dubai dubai
2026-04-11 23:55:01,391 | INFO | ai-websocket | [INTENT TYPE] job | Location: dubai
2026-04-11 23:55:01,722 | INFO | ai-websocket | SQL: 
            SELECT msi.title, msi.content, msi.category_text, msi.location_text, msi.slug, ua.package_id
            FROM master_search_mastersearchindex msi
            LEFT JOIN user_accounts ua ON msi.user_name = ua.username
            WHERE msi.is_live = TRUE
             AND LOWER(msi.category_text) LIKE %s AND LOWER(msi.location_text) LIKE %s
                AND (
                    LOWER(msi.title) LIKE %s
                    OR LOWER(msi.content) LIKE %s
                )
                ORDER BY 
                    CASE 
                        WHEN LOWER(msi.title) = %s THEN 0
                        WHEN LOWER(msi.title) LIKE %s THEN 1
                        ELSE 2
                    END
                LIMIT 12
                
2026-04-11 23:55:01,732 | INFO | ai-websocket | Params: ['%job%', '%dubai%', '%jobs%', '%jobs%', 'jobs', '%jobs%']
2026-04-12 00:17:37,664 | DEBUG | ai-websocket | [WS RECEIVED] Raw Data: {'query': 'jobs in mumbai', 'user_id': 402981, 'org_id': 1}
2026-04-12 00:17:37,681 | INFO | ai-websocket | [QUERY] User:402981 Org:1 : jobs in mumbai
2026-04-12 00:17:37,744 | ERROR | ai-websocket | [DB ERROR create_conversation] server closed the connection unexpectedly
	This probably means the server terminated abnormally
	before or while processing the request.
server closed the connection unexpectedly
	This probably means the server terminated abnormally
	before or while processing the request.
Traceback (most recent call last):
  File "E:\hospitality\hozpitality-ai\ai_server_2.py", line 610, in create_conversation
    cur.execute("""
psycopg2.OperationalError: server closed the connection unexpectedly
	This probably means the server terminated abnormally
	before or while processing the request.
server closed the connection unexpectedly
	This probably means the server terminated abnormally
	before or while processing the request.

2026-04-12 00:17:37,781 | DEBUG | ai-websocket | [CONVERSATION] ID: None
2026-04-12 00:17:41,639 | INFO | ai-websocket | Intent detected: {'intent': 'JOB', 'type': 'job', 'keywords': 'jobs mumbai', 'location': 'mumbai', 'rephrased_query': 'jobs in mumbai'}
2026-04-12 00:17:41,639 | DEBUG | ai-websocket | [INTENT] {'intent': 'JOB', 'type': 'job', 'keywords': 'jobs mumbai', 'location': 'mumbai', 'rephrased_query': 'jobs in mumbai'}
2026-04-12 00:17:41,639 | DEBUG | ai-websocket | [BASE QUERY] jobs mumbai
2026-04-12 00:17:45,734 | ERROR | ai-websocket | Followup detect error: Expecting property name enclosed in double quotes: line 4 column 1 (char 48)
2026-04-12 00:17:45,737 | INFO | ai-websocket | [FOLLOWUP DETECT] {'is_followup': False, 'type': 'switch'}
2026-04-12 00:17:45,737 | INFO | ai-websocket | [FINAL QUERY] jobs mumbai mumbai
2026-04-12 00:17:45,740 | INFO | ai-websocket | [INTENT TYPE] job | Location: mumbai
2026-04-12 00:17:46,089 | INFO | ai-websocket | SQL: 
            SELECT msi.title, msi.content, msi.category_text, msi.location_text, msi.slug, ua.package_id
            FROM master_search_mastersearchindex msi
            LEFT JOIN user_accounts ua ON msi.user_name = ua.username
            WHERE msi.is_live = TRUE
             AND LOWER(msi.category_text) LIKE %s AND LOWER(msi.location_text) LIKE %s
                AND (
                    LOWER(msi.title) LIKE %s
                    OR LOWER(msi.content) LIKE %s
                )
                ORDER BY 
                    CASE 
                        WHEN LOWER(msi.title) = %s THEN 0
                        WHEN LOWER(msi.title) LIKE %s THEN 1
                        ELSE 2
                    END
                LIMIT 12
                
2026-04-12 00:17:46,089 | INFO | ai-websocket | Params: ['%job%', '%mumbai%', '%jobs%', '%jobs%', 'jobs', '%jobs%']
2026-04-12 00:17:46,104 | ERROR | ai-websocket | DB ERROR: server closed the connection unexpectedly
	This probably means the server terminated abnormally
	before or while processing the request.
server closed the connection unexpectedly
	This probably means the server terminated abnormally
	before or while processing the request.
Traceback (most recent call last):
  File "E:\hospitality\hozpitality-ai\ai_server_2.py", line 961, in search_db
    results = execute(sql, params)
              ^^^^^^^^^^^^^^^^^^^^
  File "E:\hospitality\hozpitality-ai\ai_server_2.py", line 895, in execute
    cur.execute(sql, params)
psycopg2.OperationalError: server closed the connection unexpectedly
	This probably means the server terminated abnormally
	before or while processing the request.
server closed the connection unexpectedly
	This probably means the server terminated abnormally
	before or while processing the request.

2026-04-12 00:17:47,325 | WARNING | ai-websocket | [NO RESULTS] - switching to AI mode
2026-04-12 00:17:54,593 | ERROR | ai-websocket | [DB ERROR save_message] server closed the connection unexpectedly
	This probably means the server terminated abnormally
	before or while processing the request.
server closed the connection unexpectedly
	This probably means the server terminated abnormally
	before or while processing the request.
Traceback (most recent call last):
  File "E:\hospitality\hozpitality-ai\ai_server_2.py", line 636, in save_message
    cur.execute("""
psycopg2.OperationalError: server closed the connection unexpectedly
	This probably means the server terminated abnormally
	before or while processing the request.
server closed the connection unexpectedly
	This probably means the server terminated abnormally
	before or while processing the request.

2026-04-12 00:17:54,597 | ERROR | ai-websocket | [DB ERROR save_message] server closed the connection unexpectedly
	This probably means the server terminated abnormally
	before or while processing the request.
server closed the connection unexpectedly
	This probably means the server terminated abnormally
	before or while processing the request.
Traceback (most recent call last):
  File "E:\hospitality\hozpitality-ai\ai_server_2.py", line 636, in save_message
    cur.execute("""
psycopg2.OperationalError: server closed the connection unexpectedly
	This probably means the server terminated abnormally
	before or while processing the request.
server closed the connection unexpectedly
	This probably means the server terminated abnormally
	before or while processing the request.

2026-04-12 00:17:56,014 | DEBUG | ai-websocket | [WS RECEIVED] Raw Data: {'query': 'jobs in mumbai', 'user_id': 402981, 'org_id': 1}
2026-04-12 00:17:56,014 | INFO | ai-websocket | [QUERY] User:402981 Org:1 : jobs in mumbai
2026-04-12 00:17:56,014 | ERROR | ai-websocket | [DB ERROR create_conversation] server closed the connection unexpectedly
	This probably means the server terminated abnormally
	before or while processing the request.
server closed the connection unexpectedly
	This probably means the server terminated abnormally
	before or while processing the request.
Traceback (most recent call last):
  File "E:\hospitality\hozpitality-ai\ai_server_2.py", line 610, in create_conversation
    cur.execute("""
psycopg2.OperationalError: server closed the connection unexpectedly
	This probably means the server terminated abnormally
	before or while processing the request.
server closed the connection unexpectedly
	This probably means the server terminated abnormally
	before or while processing the request.

2026-04-12 00:17:56,022 | DEBUG | ai-websocket | [CONVERSATION] ID: None
2026-04-12 00:17:59,761 | INFO | ai-websocket | Intent detected: {'intent': 'JOB', 'type': 'job', 'keywords': 'jobs mumbai', 'location': 'mumbai', 'rephrased_query': 'jobs in mumbai'}
2026-04-12 00:17:59,761 | DEBUG | ai-websocket | [INTENT] {'intent': 'JOB', 'type': 'job', 'keywords': 'jobs mumbai', 'location': 'mumbai', 'rephrased_query': 'jobs in mumbai'}
2026-04-12 00:17:59,761 | DEBUG | ai-websocket | [BASE QUERY] jobs mumbai
2026-04-12 00:18:03,070 | INFO | ai-websocket | [FOLLOWUP DETECT] {'is_followup': False, 'type': 'switch'}
2026-04-12 00:18:03,070 | INFO | ai-websocket | [FINAL QUERY] jobs mumbai mumbai
2026-04-12 00:18:03,070 | INFO | ai-websocket | [INTENT TYPE] job | Location: mumbai
2026-04-12 00:18:06,228 | INFO | ai-websocket | SQL: 
            SELECT msi.title, msi.content, msi.category_text, msi.location_text, msi.slug, ua.package_id
            FROM master_search_mastersearchindex msi
            LEFT JOIN user_accounts ua ON msi.user_name = ua.username
            WHERE msi.is_live = TRUE
             AND LOWER(msi.category_text) LIKE %s AND LOWER(msi.location_text) LIKE %s
                AND (
                    LOWER(msi.title) LIKE %s
                    OR LOWER(msi.content) LIKE %s
                )
                ORDER BY 
                    CASE 
                        WHEN LOWER(msi.title) = %s THEN 0
                        WHEN LOWER(msi.title) LIKE %s THEN 1
                        ELSE 2
                    END
                LIMIT 12
                
2026-04-12 00:18:06,228 | INFO | ai-websocket | Params: ['%job%', '%mumbai%', '%jobs%', '%jobs%', 'jobs', '%jobs%']
2026-04-12 00:18:17,203 | WARNING | ai-websocket | [WS DISCONNECTED]
2026-04-12 00:21:30,188 | INFO | ai-websocket | [WS CONNECT] Origin: None
2026-04-12 00:21:35,905 | DEBUG | ai-websocket | [WS RECEIVED] Raw Data: {'query': 'jobs in mumbai', 'user_id': 402981, 'org_id': 1}
2026-04-12 00:21:35,905 | INFO | ai-websocket | [QUERY] User:402981 Org:1 : jobs in mumbai
2026-04-12 00:21:37,156 | DEBUG | ai-websocket | [CONVERSATION] ID: 449
2026-04-12 00:21:40,804 | INFO | ai-websocket | Intent detected: {'intent': 'JOB', 'type': 'job', 'keywords': 'jobs mumbai', 'location': 'mumbai', 'rephrased_query': 'jobs in mumbai'}
2026-04-12 00:21:40,804 | DEBUG | ai-websocket | [INTENT] {'intent': 'JOB', 'type': 'job', 'keywords': 'jobs mumbai', 'location': 'mumbai', 'rephrased_query': 'jobs in mumbai'}
2026-04-12 00:21:40,804 | DEBUG | ai-websocket | [BASE QUERY] jobs mumbai
2026-04-12 00:21:44,157 | INFO | ai-websocket | [FOLLOWUP DETECT] {'is_followup': False, 'type': 'switch'}
2026-04-12 00:21:44,157 | INFO | ai-websocket | [FINAL QUERY] jobs mumbai mumbai
2026-04-12 00:21:44,157 | INFO | ai-websocket | [INTENT TYPE] job | Location: mumbai
2026-04-12 00:21:44,596 | INFO | ai-websocket | SQL: 
            SELECT msi.title, msi.content, msi.category_text, msi.location_text, msi.slug, ua.package_id
            FROM master_search_mastersearchindex msi
            LEFT JOIN user_accounts ua ON msi.user_name = ua.username
            WHERE msi.is_live = TRUE
             AND LOWER(msi.category_text) LIKE %s AND LOWER(msi.location_text) LIKE %s
                AND (
                    LOWER(msi.title) LIKE %s
                    OR LOWER(msi.content) LIKE %s
                )
                ORDER BY 
                    CASE 
                        WHEN LOWER(msi.title) = %s THEN 0
                        WHEN LOWER(msi.title) LIKE %s THEN 1
                        ELSE 2
                    END
                LIMIT 12
                
2026-04-12 00:21:44,599 | INFO | ai-websocket | Params: ['%job%', '%mumbai%', '%jobs%', '%jobs%', 'jobs', '%jobs%']
2026-04-12 00:26:40,641 | WARNING | ai-websocket | [WS DISCONNECTED]
2026-04-12 00:28:02,242 | INFO | ai-websocket | [WS CONNECT] Origin: None
2026-04-12 00:28:04,598 | DEBUG | ai-websocket | [WS RECEIVED] Raw Data: {'query': 'jobs in mumbai', 'user_id': 402981, 'org_id': 1}
2026-04-12 00:28:04,601 | INFO | ai-websocket | [QUERY] User:402981 Org:1 : jobs in mumbai
2026-04-12 00:28:05,627 | DEBUG | ai-websocket | [CONVERSATION] ID: 450
2026-04-12 00:28:18,244 | INFO | ai-websocket | Intent detected: {'intent': 'JOB', 'type': 'job', 'keywords': 'jobs mumbai', 'location': 'mumbai', 'rephrased_query': 'jobs in mumbai'}
2026-04-12 00:28:18,244 | DEBUG | ai-websocket | [INTENT] {'intent': 'JOB', 'type': 'job', 'keywords': 'jobs mumbai', 'location': 'mumbai', 'rephrased_query': 'jobs in mumbai'}
2026-04-12 00:28:18,246 | DEBUG | ai-websocket | [BASE QUERY] jobs mumbai
2026-04-12 00:28:24,156 | INFO | ai-websocket | [FOLLOWUP DETECT] {'is_followup': False, 'type': 'new topic'}
2026-04-12 00:28:24,156 | INFO | ai-websocket | [FINAL QUERY] jobs mumbai mumbai
2026-04-12 00:28:24,156 | INFO | ai-websocket | [INTENT TYPE] job | Location: mumbai
2026-04-12 00:28:24,493 | INFO | ai-websocket | [SEARCH STAGE]: Trying Full Phrase Match for 'jobs'
2026-04-12 00:28:24,494 | INFO | ai-websocket | --- STARTING DB EXECUTION ---
2026-04-12 00:28:24,494 | INFO | ai-websocket | SQL: 
            SELECT msi.title, msi.content, msi.category_text, msi.location_text, msi.slug, ua.package_id
            FROM master_search_mastersearchindex msi
            LEFT JOIN user_accounts ua ON msi.user_name = ua.username
            WHERE msi.is_live = TRUE
             AND LOWER(msi.category_text) LIKE %s AND LOWER(msi.location_text) LIKE %s
                AND (LOWER(msi.title) LIKE %s OR LOWER(msi.content) LIKE %s)
                ORDER BY CASE 
                    WHEN LOWER(msi.title) = %s THEN 0
                    WHEN LOWER(msi.title) LIKE %s THEN 1
                    ELSE 2
                END LIMIT 12
                
2026-04-12 00:28:24,496 | INFO | ai-websocket | Params: ['%job%', '%mumbai%', '%jobs%', '%jobs%', 'jobs', '%jobs%']
2026-04-12 00:28:26,075 | INFO | ai-websocket | [DB RAW COUNT]: 3 results found in database
2026-04-12 00:28:26,075 | INFO | ai-websocket | --- RAW RESULTS BEFORE SORTING ---
2026-04-12 00:28:26,075 | INFO | ai-websocket | Row 1: Butler | Paid: False | PkgID: None
2026-04-12 00:28:26,075 | INFO | ai-websocket | Row 2: F&B Associate | Paid: False | PkgID: None
2026-04-12 00:28:26,075 | INFO | ai-websocket | Row 3: Bartender | Paid: False | PkgID: None
2026-04-12 00:28:26,075 | INFO | ai-websocket | --- RESULTS AFTER PRIORITY SORTING ---
2026-04-12 00:28:26,084 | INFO | ai-websocket | Sorted 1: Butler | Paid: False
2026-04-12 00:28:26,084 | INFO | ai-websocket | Sorted 2: F&B Associate | Paid: False
2026-04-12 00:28:26,086 | INFO | ai-websocket | Sorted 3: Bartender | Paid: False
2026-04-12 00:28:26,086 | INFO | ai-websocket | [SEARCH RESULT]: Successfully returning 3 results from DB
2026-04-12 00:51:42,039 | DEBUG | ai-websocket | [WS RECEIVED] Raw Data: {'query': 'jobs in United states', 'user_id': 402981, 'org_id': 1}
2026-04-12 00:51:42,057 | INFO | ai-websocket | [QUERY] User:402981 Org:1 : jobs in United states
2026-04-12 00:51:42,114 | ERROR | ai-websocket | [DB ERROR create_conversation] server closed the connection unexpectedly
	This probably means the server terminated abnormally
	before or while processing the request.
server closed the connection unexpectedly
	This probably means the server terminated abnormally
	before or while processing the request.
Traceback (most recent call last):
  File "E:\hospitality\hozpitality-ai\ai_server_2.py", line 610, in create_conversation
    cur.execute("""
psycopg2.OperationalError: server closed the connection unexpectedly
	This probably means the server terminated abnormally
	before or while processing the request.
server closed the connection unexpectedly
	This probably means the server terminated abnormally
	before or while processing the request.

2026-04-12 00:51:42,151 | DEBUG | ai-websocket | [CONVERSATION] ID: None
2026-04-12 00:51:46,916 | INFO | ai-websocket | Intent detected: {'intent': 'JOB', 'type': 'job', 'keywords': 'jobs united states', 'location': '', 'rephrased_query': 'jobs in united states'}
2026-04-12 00:51:46,916 | DEBUG | ai-websocket | [INTENT] {'intent': 'JOB', 'type': 'job', 'keywords': 'jobs united states', 'location': '', 'rephrased_query': 'jobs in united states'}
2026-04-12 00:51:46,916 | DEBUG | ai-websocket | [BASE QUERY] jobs united states
2026-04-12 00:51:52,191 | ERROR | ai-websocket | Followup detect error: Expecting property name enclosed in double quotes: line 4 column 1 (char 51)
2026-04-12 00:51:52,191 | INFO | ai-websocket | [FOLLOWUP DETECT] {'is_followup': False, 'type': 'switch'}
2026-04-12 00:51:52,191 | INFO | ai-websocket | [FINAL QUERY] jobs united states
2026-04-12 00:51:52,191 | INFO | ai-websocket | [INTENT TYPE] job | Location: 
2026-04-12 00:51:52,613 | INFO | ai-websocket | [SEARCH STAGE]: Trying Full Phrase Match for 'jobs united states'
2026-04-12 00:51:52,619 | INFO | ai-websocket | --- STARTING DB EXECUTION ---
2026-04-12 00:51:52,619 | INFO | ai-websocket | SQL: 
            SELECT msi.title, msi.content, msi.category_text, msi.location_text, msi.slug, ua.package_id
            FROM master_search_mastersearchindex msi
            LEFT JOIN user_accounts ua ON msi.user_name = ua.username
            WHERE msi.is_live = TRUE
             AND LOWER(msi.category_text) LIKE %s
                AND (LOWER(msi.title) LIKE %s OR LOWER(msi.content) LIKE %s)
                ORDER BY CASE 
                    WHEN LOWER(msi.title) = %s THEN 0
                    WHEN LOWER(msi.title) LIKE %s THEN 1
                    ELSE 2
                END LIMIT 12
                
2026-04-12 00:51:52,619 | INFO | ai-websocket | Params: ['%job%', '%jobs united states%', '%jobs united states%', 'jobs united states', '%jobs united states%']
2026-04-12 00:51:52,631 | ERROR | ai-websocket | DB ERROR in search_db: server closed the connection unexpectedly
	This probably means the server terminated abnormally
	before or while processing the request.
server closed the connection unexpectedly
	This probably means the server terminated abnormally
	before or while processing the request.
Traceback (most recent call last):
  File "E:\hospitality\hozpitality-ai\ai_server_2.py", line 972, in search_db
    results = execute(sql, params)
              ^^^^^^^^^^^^^^^^^^^^
  File "E:\hospitality\hozpitality-ai\ai_server_2.py", line 896, in execute
    cur.execute(sql, params)
psycopg2.OperationalError: server closed the connection unexpectedly
	This probably means the server terminated abnormally
	before or while processing the request.
server closed the connection unexpectedly
	This probably means the server terminated abnormally
	before or while processing the request.

2026-04-12 00:51:56,689 | WARNING | ai-websocket | [NO RESULTS] - switching to AI mode
2026-04-12 00:52:12,477 | ERROR | ai-websocket | [DB ERROR save_message] server closed the connection unexpectedly
	This probably means the server terminated abnormally
	before or while processing the request.
server closed the connection unexpectedly
	This probably means the server terminated abnormally
	before or while processing the request.
Traceback (most recent call last):
  File "E:\hospitality\hozpitality-ai\ai_server_2.py", line 636, in save_message
    cur.execute("""
psycopg2.OperationalError: server closed the connection unexpectedly
	This probably means the server terminated abnormally
	before or while processing the request.
server closed the connection unexpectedly
	This probably means the server terminated abnormally
	before or while processing the request.

2026-04-12 00:52:12,483 | ERROR | ai-websocket | [DB ERROR save_message] server closed the connection unexpectedly
	This probably means the server terminated abnormally
	before or while processing the request.
server closed the connection unexpectedly
	This probably means the server terminated abnormally
	before or while processing the request.
Traceback (most recent call last):
  File "E:\hospitality\hozpitality-ai\ai_server_2.py", line 636, in save_message
    cur.execute("""
psycopg2.OperationalError: server closed the connection unexpectedly
	This probably means the server terminated abnormally
	before or while processing the request.
server closed the connection unexpectedly
	This probably means the server terminated abnormally
	before or while processing the request.

2026-04-12 00:52:13,630 | WARNING | ai-websocket | [WS DISCONNECTED]
2026-04-12 00:55:47,357 | INFO | ai-websocket | [WS CONNECT] Origin: None
2026-04-12 00:55:48,887 | DEBUG | ai-websocket | [WS RECEIVED] Raw Data: {'query': 'jobs in United states', 'user_id': 402981, 'org_id': 1}
2026-04-12 00:55:48,888 | INFO | ai-websocket | [QUERY] User:402981 Org:1 : jobs in United states
2026-04-12 00:55:49,864 | DEBUG | ai-websocket | [CONVERSATION] ID: 454
2026-04-12 00:55:54,513 | INFO | ai-websocket | Intent detected: {'intent': 'JOB', 'type': 'job', 'keywords': 'jobs united states', 'location': 'united states', 'rephrased_query': 'jobs in united states'}
2026-04-12 00:55:54,517 | DEBUG | ai-websocket | [INTENT] {'intent': 'JOB', 'type': 'job', 'keywords': 'jobs united states', 'location': 'united states', 'rephrased_query': 'jobs in united states'}
2026-04-12 00:55:54,517 | DEBUG | ai-websocket | [BASE QUERY] jobs united states
2026-04-12 00:55:59,209 | INFO | ai-websocket | [FOLLOWUP DETECT] {'is_followup': False, 'type': 'switch'}
2026-04-12 00:55:59,211 | INFO | ai-websocket | [FINAL QUERY] jobs united states united states
2026-04-12 00:55:59,211 | INFO | ai-websocket | [INTENT TYPE] job | Location: united states
2026-04-12 00:55:59,529 | INFO | ai-websocket | [SEARCH STAGE]: Trying Full Phrase Match for 'jobs united states united states'
2026-04-12 00:55:59,529 | INFO | ai-websocket | --- STARTING DB EXECUTION ---
2026-04-12 00:55:59,532 | INFO | ai-websocket | SQL: 
            SELECT msi.title, msi.content, msi.category_text, msi.location_text, msi.slug, ua.package_id
            FROM master_search_mastersearchindex msi
            LEFT JOIN user_accounts ua ON msi.user_name = ua.username
            WHERE msi.is_live = TRUE
             AND LOWER(msi.category_text) LIKE %s AND LOWER(msi.location_text) LIKE %s
                AND (LOWER(msi.title) LIKE %s OR LOWER(msi.content) LIKE %s)
                ORDER BY CASE 
                    WHEN LOWER(msi.title) = %s THEN 0
                    WHEN LOWER(msi.title) LIKE %s THEN 1
                    ELSE 2
                END LIMIT 12
                
2026-04-12 00:55:59,532 | INFO | ai-websocket | Params: ['%job%', '%united states%', '%jobs united states united states%', '%jobs united states united states%', 'jobs united states united states', '%jobs united states united states%']
2026-04-12 00:56:00,387 | INFO | ai-websocket | [DB RAW COUNT]: 0 results found in database
2026-04-12 00:56:00,389 | INFO | ai-websocket | [SEARCH STAGE]: Full phrase failed. Trying AND condition for words: ['jobs', 'united', 'states', 'united', 'states']
2026-04-12 00:56:00,389 | INFO | ai-websocket | --- STARTING DB EXECUTION ---
2026-04-12 00:56:00,391 | INFO | ai-websocket | SQL: 
            SELECT msi.title, msi.content, msi.category_text, msi.location_text, msi.slug, ua.package_id
            FROM master_search_mastersearchindex msi
            LEFT JOIN user_accounts ua ON msi.user_name = ua.username
            WHERE msi.is_live = TRUE
             AND LOWER(msi.category_text) LIKE %s AND LOWER(msi.location_text) LIKE %s AND (LOWER(msi.title) LIKE %s OR LOWER(msi.content) LIKE %s) AND (LOWER(msi.title) LIKE %s OR LOWER(msi.content) LIKE %s) AND (LOWER(msi.title) LIKE %s OR LOWER(msi.content) LIKE %s) AND (LOWER(msi.title) LIKE %s OR LOWER(msi.content) LIKE %s) AND (LOWER(msi.title) LIKE %s OR LOWER(msi.content) LIKE %s) LIMIT 12
2026-04-12 00:56:00,393 | INFO | ai-websocket | Params: ['%job%', '%united states%', '%jobs%', '%jobs%', '%united%', '%united%', '%states%', '%states%', '%united%', '%united%', '%states%', '%states%']
2026-04-12 00:56:00,781 | INFO | ai-websocket | [DB RAW COUNT]: 12 results found in database
2026-04-12 00:56:00,788 | INFO | ai-websocket | --- RAW RESULTS BEFORE SORTING ---
2026-04-12 00:56:00,788 | INFO | ai-websocket | Row 1: Food Runner | Paid: False | PkgID: None
2026-04-12 00:56:00,788 | INFO | ai-websocket | Row 2: Food Runner | Paid: False | PkgID: None
2026-04-12 00:56:00,791 | INFO | ai-websocket | Row 3: Food Runner - Evening | Paid: False | PkgID: None
2026-04-12 00:56:00,791 | INFO | ai-websocket | Row 4: Food Runner - Morning | Paid: False | PkgID: None
2026-04-12 00:56:00,791 | INFO | ai-websocket | Row 5: Food Runner - Morning | Paid: False | PkgID: None
2026-04-12 00:56:00,793 | INFO | ai-websocket | --- RESULTS AFTER PRIORITY SORTING ---
2026-04-12 00:56:00,793 | INFO | ai-websocket | Sorted 1: Food Runner | Paid: False
2026-04-12 00:56:00,795 | INFO | ai-websocket | Sorted 2: Food Runner | Paid: False
2026-04-12 00:56:00,795 | INFO | ai-websocket | Sorted 3: Food Runner - Evening | Paid: False
2026-04-12 00:56:00,796 | INFO | ai-websocket | Sorted 4: Food Runner - Morning | Paid: False
2026-04-12 00:56:00,798 | INFO | ai-websocket | Sorted 5: Food Runner - Morning | Paid: False
2026-04-12 00:56:00,798 | INFO | ai-websocket | [SEARCH RESULT]: Successfully returning 6 results from DB
2026-04-12 01:05:16,848 | DEBUG | ai-websocket | [WS RECEIVED] Raw Data: {'query': 'jobs in riyadh', 'user_id': 402981, 'org_id': 1}
2026-04-12 01:05:16,858 | INFO | ai-websocket | [QUERY] User:402981 Org:1 : jobs in riyadh
2026-04-12 01:05:17,911 | DEBUG | ai-websocket | [CONVERSATION] ID: 455
2026-04-12 01:05:23,408 | INFO | ai-websocket | Intent detected: {'intent': 'JOB', 'type': 'job', 'keywords': 'jobs riyadh', 'location': 'riyadh', 'rephrased_query': 'jobs in riyadh'}
2026-04-12 01:05:23,412 | DEBUG | ai-websocket | [INTENT] {'intent': 'JOB', 'type': 'job', 'keywords': 'jobs riyadh', 'location': 'riyadh', 'rephrased_query': 'jobs in riyadh'}
2026-04-12 01:05:23,412 | DEBUG | ai-websocket | [BASE QUERY] jobs riyadh
2026-04-12 01:05:26,639 | INFO | ai-websocket | [FOLLOWUP DETECT] {'is_followup': False, 'type': 'switch'}
2026-04-12 01:05:26,641 | INFO | ai-websocket | [FINAL QUERY] jobs riyadh riyadh
2026-04-12 01:05:26,643 | INFO | ai-websocket | [INTENT TYPE] job | Location: riyadh
2026-04-12 01:05:26,991 | INFO | ai-websocket | [SEARCH STAGE]: Trying Full Phrase Match for 'jobs'
2026-04-12 01:05:26,991 | INFO | ai-websocket | --- STARTING DB EXECUTION ---
2026-04-12 01:05:26,991 | INFO | ai-websocket | SQL: 
            SELECT msi.title, msi.content, msi.category_text, msi.location_text, msi.slug, ua.package_id
            FROM master_search_mastersearchindex msi
            LEFT JOIN user_accounts ua ON msi.user_name = ua.username
            WHERE msi.is_live = TRUE
             AND LOWER(msi.category_text) LIKE %s AND LOWER(msi.location_text) LIKE %s
                AND (LOWER(msi.title) LIKE %s OR LOWER(msi.content) LIKE %s)
                ORDER BY CASE 
                    WHEN LOWER(msi.title) = %s THEN 0
                    WHEN LOWER(msi.title) LIKE %s THEN 1
                    ELSE 2
                END LIMIT 12
                
2026-04-12 01:05:27,004 | INFO | ai-websocket | Params: ['%job%', '%riyadh%', '%jobs%', '%jobs%', 'jobs', '%jobs%']
2026-04-12 01:05:28,268 | INFO | ai-websocket | [DB RAW COUNT]: 1 results found in database
2026-04-12 01:05:28,271 | INFO | ai-websocket | --- RAW RESULTS BEFORE SORTING ---
2026-04-12 01:05:28,272 | INFO | ai-websocket | Row 1: Concierge | Paid: False | PkgID: None
2026-04-12 01:05:28,272 | INFO | ai-websocket | --- RESULTS AFTER PRIORITY SORTING ---
2026-04-12 01:05:28,272 | INFO | ai-websocket | Sorted 1: Concierge | Paid: False
2026-04-12 01:05:28,276 | INFO | ai-websocket | [SEARCH RESULT]: Successfully returning 1 results from DB
2026-04-12 01:15:16,223 | DEBUG | ai-websocket | [WS RECEIVED] Raw Data: {'query': 'waiter in riyadh', 'user_id': 402981, 'org_id': 1}
2026-04-12 01:15:16,261 | INFO | ai-websocket | [QUERY] User:402981 Org:1 : waiter in riyadh
2026-04-12 01:15:17,305 | DEBUG | ai-websocket | [CONVERSATION] ID: 456
2026-04-12 01:15:21,400 | INFO | ai-websocket | Intent detected: {'intent': 'JOB', 'type': 'job', 'keywords': 'waiter riyadh', 'location': 'riyadh', 'rephrased_query': 'waiter in riyadh'}
2026-04-12 01:15:21,401 | DEBUG | ai-websocket | [INTENT] {'intent': 'JOB', 'type': 'job', 'keywords': 'waiter riyadh', 'location': 'riyadh', 'rephrased_query': 'waiter in riyadh'}
2026-04-12 01:15:21,401 | DEBUG | ai-websocket | [BASE QUERY] waiter riyadh
2026-04-12 01:15:24,675 | INFO | ai-websocket | [FOLLOWUP DETECT] {'is_followup': False, 'type': 'switch'}
2026-04-12 01:15:24,675 | INFO | ai-websocket | [FINAL QUERY] waiter riyadh riyadh
2026-04-12 01:15:24,675 | INFO | ai-websocket | [INTENT TYPE] job | Location: riyadh
2026-04-12 01:15:25,014 | INFO | ai-websocket | [SEARCH STAGE]: Trying Full Phrase Match for 'waiter'
2026-04-12 01:15:25,016 | INFO | ai-websocket | --- STARTING DB EXECUTION ---
2026-04-12 01:15:25,017 | INFO | ai-websocket | SQL: 
            SELECT msi.title, msi.content, msi.category_text, msi.location_text, msi.slug, ua.package_id
            FROM master_search_mastersearchindex msi
            LEFT JOIN user_accounts ua ON msi.user_name = ua.username
            WHERE msi.is_live = TRUE
             AND LOWER(msi.category_text) LIKE %s AND LOWER(msi.location_text) LIKE %s
                AND (LOWER(msi.title) LIKE %s OR LOWER(msi.content) LIKE %s)
                ORDER BY CASE 
                    WHEN LOWER(msi.title) = %s THEN 0
                    WHEN LOWER(msi.title) LIKE %s THEN 1
                    ELSE 2
                END LIMIT 12
                
2026-04-12 01:15:25,019 | INFO | ai-websocket | Params: ['%job%', '%riyadh%', '%waiter%', '%waiter%', 'waiter', '%waiter%']
2026-04-12 01:15:25,810 | INFO | ai-websocket | [DB RAW COUNT]: 1 results found in database
2026-04-12 01:15:25,810 | INFO | ai-websocket | --- RAW RESULTS BEFORE SORTING ---
2026-04-12 01:15:25,810 | INFO | ai-websocket | Row 1: Assistant waiter | Paid: True | PkgID: 8
2026-04-12 01:15:25,810 | INFO | ai-websocket | --- RESULTS AFTER PRIORITY SORTING ---
2026-04-12 01:15:25,810 | INFO | ai-websocket | Sorted 1: Assistant waiter | Paid: True
2026-04-12 01:15:25,810 | INFO | ai-websocket | [SEARCH RESULT]: Successfully returning 1 results from DB
2026-04-12 01:15:46,012 | DEBUG | ai-websocket | [WS RECEIVED] Raw Data: {'query': 'waiter in riyadh', 'user_id': 402981, 'org_id': 1}
2026-04-12 01:15:46,012 | INFO | ai-websocket | [QUERY] User:402981 Org:1 : waiter in riyadh
2026-04-12 01:15:47,650 | DEBUG | ai-websocket | [CONVERSATION] ID: 457
2026-04-12 01:15:53,269 | INFO | ai-websocket | Intent detected: {'intent': 'SEARCH', 'type': 'job', 'keywords': 'waiter riyadh', 'location': 'riyadh', 'rephrased_query': 'waiter in riyadh'}
2026-04-12 01:15:53,270 | DEBUG | ai-websocket | [INTENT] {'intent': 'SEARCH', 'type': 'job', 'keywords': 'waiter riyadh', 'location': 'riyadh', 'rephrased_query': 'waiter in riyadh'}
2026-04-12 01:15:53,270 | DEBUG | ai-websocket | [BASE QUERY] waiter riyadh
2026-04-12 01:15:56,533 | INFO | ai-websocket | [FOLLOWUP DETECT] {'is_followup': False, 'type': 'switch'}
2026-04-12 01:15:56,533 | INFO | ai-websocket | [FINAL QUERY] waiter riyadh riyadh
2026-04-12 01:15:56,533 | INFO | ai-websocket | [INTENT TYPE] job | Location: riyadh
2026-04-12 01:15:56,850 | INFO | ai-websocket | [SEARCH STAGE]: Trying Full Phrase Match for 'waiter'
2026-04-12 01:15:56,851 | INFO | ai-websocket | --- STARTING DB EXECUTION ---
2026-04-12 01:15:56,851 | INFO | ai-websocket | SQL: 
            SELECT msi.title, msi.content, msi.category_text, msi.location_text, msi.slug, ua.package_id
            FROM master_search_mastersearchindex msi
            LEFT JOIN user_accounts ua ON msi.user_name = ua.username
            WHERE msi.is_live = TRUE
             AND LOWER(msi.category_text) LIKE %s AND LOWER(msi.location_text) LIKE %s
                AND (LOWER(msi.title) LIKE %s OR LOWER(msi.content) LIKE %s)
                ORDER BY CASE 
                    WHEN LOWER(msi.title) = %s THEN 0
                    WHEN LOWER(msi.title) LIKE %s THEN 1
                    ELSE 2
                END LIMIT 12
                
2026-04-12 01:15:56,852 | INFO | ai-websocket | Params: ['%job%', '%riyadh%', '%waiter%', '%waiter%', 'waiter', '%waiter%']
2026-04-12 01:15:57,643 | INFO | ai-websocket | [DB RAW COUNT]: 1 results found in database
2026-04-12 01:15:57,643 | INFO | ai-websocket | --- RAW RESULTS BEFORE SORTING ---
2026-04-12 01:15:57,643 | INFO | ai-websocket | Row 1: Assistant waiter | Paid: True | PkgID: 8
2026-04-12 01:15:57,643 | INFO | ai-websocket | --- RESULTS AFTER PRIORITY SORTING ---
2026-04-12 01:15:57,643 | INFO | ai-websocket | Sorted 1: Assistant waiter | Paid: True
2026-04-12 01:15:57,643 | INFO | ai-websocket | [SEARCH RESULT]: Successfully returning 1 results from DB
2026-04-12 01:16:09,214 | DEBUG | ai-websocket | [WS RECEIVED] Raw Data: {'query': 'waiter jobs', 'user_id': 402981, 'org_id': 1}
2026-04-12 01:16:09,214 | INFO | ai-websocket | [QUERY] User:402981 Org:1 : waiter jobs
2026-04-12 01:16:10,580 | DEBUG | ai-websocket | [CONVERSATION] ID: 458
2026-04-12 01:16:14,086 | INFO | ai-websocket | Intent detected: {'intent': 'JOB', 'type': 'professional', 'keywords': 'waiter jobs', 'location': '', 'rephrased_query': 'waiter jobs'}
2026-04-12 01:16:14,086 | DEBUG | ai-websocket | [INTENT] {'intent': 'JOB', 'type': 'professional', 'keywords': 'waiter jobs', 'location': '', 'rephrased_query': 'waiter jobs'}
2026-04-12 01:16:14,086 | DEBUG | ai-websocket | [BASE QUERY] waiter jobs
2026-04-12 01:16:17,409 | INFO | ai-websocket | [FOLLOWUP DETECT] {'is_followup': False, 'type': 'switch'}
2026-04-12 01:16:17,409 | INFO | ai-websocket | [FINAL QUERY] waiter jobs
2026-04-12 01:16:17,409 | INFO | ai-websocket | [INTENT TYPE] professional | Location: 
2026-04-12 01:16:17,731 | INFO | ai-websocket | [SEARCH STAGE]: Trying Full Phrase Match for 'waiter jobs'
2026-04-12 01:16:17,731 | INFO | ai-websocket | --- STARTING DB EXECUTION ---
2026-04-12 01:16:17,732 | INFO | ai-websocket | SQL: 
            SELECT msi.title, msi.content, msi.category_text, msi.location_text, msi.slug, ua.package_id
            FROM master_search_mastersearchindex msi
            LEFT JOIN user_accounts ua ON msi.user_name = ua.username
            WHERE msi.is_live = TRUE
             AND LOWER(msi.category_text) LIKE %s
                AND (LOWER(msi.title) LIKE %s OR LOWER(msi.content) LIKE %s)
                ORDER BY CASE 
                    WHEN LOWER(msi.title) = %s THEN 0
                    WHEN LOWER(msi.title) LIKE %s THEN 1
                    ELSE 2
                END LIMIT 12
                
2026-04-12 01:16:17,733 | INFO | ai-websocket | Params: ['%professional%', '%waiter jobs%', '%waiter jobs%', 'waiter jobs', '%waiter jobs%']
2026-04-12 01:16:20,140 | INFO | ai-websocket | [DB RAW COUNT]: 2 results found in database
2026-04-12 01:16:20,143 | INFO | ai-websocket | --- RAW RESULTS BEFORE SORTING ---
2026-04-12 01:16:20,143 | INFO | ai-websocket | Row 1: DHANABALAN S N | Paid: False | PkgID: None
2026-04-12 01:16:20,143 | INFO | ai-websocket | Row 2: Mohamed Yusuf | Paid: False | PkgID: None
2026-04-12 01:16:20,143 | INFO | ai-websocket | --- RESULTS AFTER PRIORITY SORTING ---
2026-04-12 01:16:20,143 | INFO | ai-websocket | Sorted 1: DHANABALAN S N | Paid: False
2026-04-12 01:16:20,143 | INFO | ai-websocket | Sorted 2: Mohamed Yusuf | Paid: False
2026-04-12 01:16:20,146 | INFO | ai-websocket | [SEARCH RESULT]: Successfully returning 2 results from DB
2026-04-12 01:16:36,869 | WARNING | ai-websocket | [WS DISCONNECTED]
2026-04-12 01:40:09,323 | INFO | ai-websocket | [WS CONNECT] Origin: None
2026-04-12 01:40:14,540 | DEBUG | ai-websocket | [WS RECEIVED] Raw Data: {'query': 'waiter jobs', 'user_id': 402981, 'org_id': 1}
2026-04-12 01:40:14,542 | INFO | ai-websocket | [QUERY] User:402981 Org:1 : waiter jobs
2026-04-12 01:40:15,669 | DEBUG | ai-websocket | [CONVERSATION] ID: 459
2026-04-12 01:40:50,061 | ERROR | ai-websocket | Intent error: ('Connection aborted.', ConnectionResetError(10054, 'An existing connection was forcibly closed by the remote host', None, 10054, None))
2026-04-12 01:40:50,061 | DEBUG | ai-websocket | [INTENT] {'intent': 'SEARCH', 'type': 'article', 'keywords': 'waiter jobs', 'location': '', 'rephrased_query': 'waiter jobs'}
2026-04-12 01:40:50,061 | DEBUG | ai-websocket | [BASE QUERY] waiter jobs
2026-04-12 01:40:55,664 | ERROR | ai-websocket | Followup detect error: HTTPConnectionPool(host='localhost', port=11434): Max retries exceeded with url: /api/generate (Caused by NewConnectionError("HTTPConnection(host='localhost', port=11434): Failed to establish a new connection: [WinError 10061] No connection could be made because the target machine actively refused it"))
2026-04-12 01:40:55,665 | INFO | ai-websocket | [FOLLOWUP DETECT] {'is_followup': False, 'type': 'switch'}
2026-04-12 01:40:55,665 | INFO | ai-websocket | [FINAL QUERY] waiter jobs
2026-04-12 01:40:55,665 | INFO | ai-websocket | [INTENT TYPE] article | Location: 
2026-04-12 01:40:55,981 | INFO | ai-websocket | [SEARCH STAGE]: Trying Full Phrase Match for 'waiter jobs'
2026-04-12 01:40:55,982 | INFO | ai-websocket | --- STARTING DB EXECUTION ---
2026-04-12 01:40:55,982 | INFO | ai-websocket | SQL: 
            SELECT msi.title, msi.content, msi.category_text, msi.location_text, msi.slug, ua.package_id
            FROM master_search_mastersearchindex msi
            LEFT JOIN user_accounts ua ON msi.user_name = ua.username
            WHERE msi.is_live = TRUE
             AND LOWER(msi.category_text) LIKE %s
                AND (LOWER(msi.title) LIKE %s OR LOWER(msi.content) LIKE %s)
                ORDER BY CASE 
                    WHEN LOWER(msi.title) = %s THEN 0
                    WHEN LOWER(msi.title) LIKE %s THEN 1
                    ELSE 2
                END LIMIT 12
                
2026-04-12 01:40:55,983 | INFO | ai-websocket | Params: ['%article%', '%waiter jobs%', '%waiter jobs%', 'waiter jobs', '%waiter jobs%']
2026-04-12 01:40:56,834 | INFO | ai-websocket | [DB RAW COUNT]: 0 results found in database
2026-04-12 01:40:56,834 | INFO | ai-websocket | [SEARCH STAGE]: Full phrase failed. Trying AND condition for words: ['waiter', 'jobs']
2026-04-12 01:40:56,834 | INFO | ai-websocket | --- STARTING DB EXECUTION ---
2026-04-12 01:40:56,834 | INFO | ai-websocket | SQL: 
            SELECT msi.title, msi.content, msi.category_text, msi.location_text, msi.slug, ua.package_id
            FROM master_search_mastersearchindex msi
            LEFT JOIN user_accounts ua ON msi.user_name = ua.username
            WHERE msi.is_live = TRUE
             AND LOWER(msi.category_text) LIKE %s AND (LOWER(msi.title) LIKE %s OR LOWER(msi.content) LIKE %s) AND (LOWER(msi.title) LIKE %s OR LOWER(msi.content) LIKE %s) LIMIT 12
2026-04-12 01:40:56,834 | INFO | ai-websocket | Params: ['%article%', '%waiter%', '%waiter%', '%jobs%', '%jobs%']
2026-04-12 01:40:57,298 | INFO | ai-websocket | [DB RAW COUNT]: 0 results found in database
2026-04-12 01:40:57,311 | INFO | ai-websocket | [SEARCH STAGE]: AND match failed. Trying OR condition for words: ['waiter', 'jobs']
2026-04-12 01:40:57,312 | INFO | ai-websocket | --- STARTING DB EXECUTION ---
2026-04-12 01:40:57,312 | INFO | ai-websocket | SQL: 
            SELECT msi.title, msi.content, msi.category_text, msi.location_text, msi.slug, ua.package_id
            FROM master_search_mastersearchindex msi
            LEFT JOIN user_accounts ua ON msi.user_name = ua.username
            WHERE msi.is_live = TRUE
             AND LOWER(msi.category_text) LIKE %s AND ((LOWER(msi.title) LIKE %s OR LOWER(msi.content) LIKE %s) OR (LOWER(msi.title) LIKE %s OR LOWER(msi.content) LIKE %s)) LIMIT 12
2026-04-12 01:40:57,314 | INFO | ai-websocket | Params: ['%article%', '%waiter%', '%waiter%', '%jobs%', '%jobs%']
2026-04-12 01:40:57,813 | INFO | ai-websocket | [DB RAW COUNT]: 12 results found in database
2026-04-12 01:40:57,813 | INFO | ai-websocket | --- RAW RESULTS BEFORE SORTING ---
2026-04-12 01:40:57,813 | INFO | ai-websocket | Row 1: CDC’s new mandate calls for new jobs for the hospitality industry | Paid: False | PkgID: None
2026-04-12 01:40:57,821 | INFO | ai-websocket | Row 2: Unlocking Career Opportunities in Dubai: A Comprehensive Guide for Jobseekers | Paid: False | PkgID: None
2026-04-12 01:40:57,821 | INFO | ai-websocket | Row 3: How Check List For Housekeeping Can Ease Your Pain | Paid: False | PkgID: None
2026-04-12 01:40:57,821 | INFO | ai-websocket | Row 4: Welcome to Dubai, find job, important tips | Paid: False | PkgID: None
2026-04-12 01:40:57,821 | INFO | ai-websocket | Row 5: Vijay Sonar Wins Gold Award for F&amp;B Server of the Year at Middle East F&amp;B Excellence Awards | Paid: False | PkgID: None
2026-04-12 01:40:57,821 | INFO | ai-websocket | --- RESULTS AFTER PRIORITY SORTING ---
2026-04-12 01:40:57,826 | INFO | ai-websocket | Sorted 1: CDC’s new mandate calls for new jobs for the hospitality industry | Paid: False
2026-04-12 01:40:57,826 | INFO | ai-websocket | Sorted 2: Unlocking Career Opportunities in Dubai: A Comprehensive Guide for Jobseekers | Paid: False
2026-04-12 01:40:57,827 | INFO | ai-websocket | Sorted 3: How Check List For Housekeeping Can Ease Your Pain | Paid: False
2026-04-12 01:40:57,827 | INFO | ai-websocket | Sorted 4: Welcome to Dubai, find job, important tips | Paid: False
2026-04-12 01:40:57,827 | INFO | ai-websocket | Sorted 5: Vijay Sonar Wins Gold Award for F&amp;B Server of the Year at Middle East F&amp;B Excellence Awards | Paid: False
2026-04-12 01:40:57,829 | INFO | ai-websocket | [SEARCH RESULT]: Successfully returning 6 results from DB
2026-04-12 01:41:03,772 | ERROR | ai-websocket | [LLM ERROR] HTTPConnectionPool(host='localhost', port=11434): Max retries exceeded with url: /api/generate (Caused by NewConnectionError("HTTPConnection(host='localhost', port=11434): Failed to establish a new connection: [WinError 10061] No connection could be made because the target machine actively refused it"))
2026-04-12 01:42:03,428 | DEBUG | ai-websocket | [WS RECEIVED] Raw Data: {'query': 'waiter jobs', 'user_id': 402981, 'org_id': 1}
2026-04-12 01:42:03,428 | INFO | ai-websocket | [QUERY] User:402981 Org:1 : waiter jobs
2026-04-12 01:42:04,446 | DEBUG | ai-websocket | [CONVERSATION] ID: 460
2026-04-12 01:42:18,802 | INFO | ai-websocket | Intent detected: {'intent': 'JOB', 'type': 'professional', 'keywords': 'waiter', 'location': '', 'rephrased_query': 'waiter jobs'}
2026-04-12 01:42:18,803 | DEBUG | ai-websocket | [INTENT] {'intent': 'JOB', 'type': 'professional', 'keywords': 'waiter', 'location': '', 'rephrased_query': 'waiter jobs'}
2026-04-12 01:42:18,804 | DEBUG | ai-websocket | [BASE QUERY] waiter
2026-04-12 01:42:25,877 | INFO | ai-websocket | [FOLLOWUP DETECT] {'is_followup': False, 'type': 'new topic'}
2026-04-12 01:42:25,878 | INFO | ai-websocket | [FINAL QUERY] waiter
2026-04-12 01:42:25,878 | INFO | ai-websocket | [INTENT TYPE] professional | Location: 
2026-04-12 01:42:26,194 | INFO | ai-websocket | [SEARCH STAGE]: Trying Full Phrase Match for 'waiter'
2026-04-12 01:42:26,194 | INFO | ai-websocket | --- STARTING DB EXECUTION ---
2026-04-12 01:42:26,194 | INFO | ai-websocket | SQL: 
            SELECT msi.title, msi.content, msi.category_text, msi.location_text, msi.slug, ua.package_id
            FROM master_search_mastersearchindex msi
            LEFT JOIN user_accounts ua ON msi.user_name = ua.username
            WHERE msi.is_live = TRUE
             AND LOWER(msi.category_text) LIKE %s
                AND (LOWER(msi.title) LIKE %s OR LOWER(msi.content) LIKE %s)
                ORDER BY CASE 
                    WHEN LOWER(msi.title) = %s THEN 0
                    WHEN LOWER(msi.title) LIKE %s THEN 1
                    ELSE 2
                END LIMIT 12
                
2026-04-12 01:42:26,195 | INFO | ai-websocket | Params: ['%professional%', '%waiter%', '%waiter%', 'waiter', '%waiter%']
2026-04-12 01:42:28,937 | INFO | ai-websocket | [DB RAW COUNT]: 12 results found in database
2026-04-12 01:42:28,937 | INFO | ai-websocket | --- RAW RESULTS BEFORE SORTING ---
2026-04-12 01:42:28,937 | INFO | ai-websocket | Row 1: Hussain waiter | Paid: False | PkgID: None
2026-04-12 01:42:28,937 | INFO | ai-websocket | Row 2: Farah Shwaiter | Paid: False | PkgID: None
2026-04-12 01:42:28,937 | INFO | ai-websocket | Row 3: K Shiva | Paid: False | PkgID: None
2026-04-12 01:42:28,937 | INFO | ai-websocket | Row 4: kunj.singh SINGH | Paid: False | PkgID: None
2026-04-12 01:42:28,942 | INFO | ai-websocket | Row 5: Allan Kami | Paid: False | PkgID: None
2026-04-12 01:42:28,942 | INFO | ai-websocket | --- RESULTS AFTER PRIORITY SORTING ---
2026-04-12 01:42:28,942 | INFO | ai-websocket | Sorted 1: Hussain waiter | Paid: False
2026-04-12 01:42:28,943 | INFO | ai-websocket | Sorted 2: Farah Shwaiter | Paid: False
2026-04-12 01:42:28,943 | INFO | ai-websocket | Sorted 3: K Shiva | Paid: False
2026-04-12 01:42:28,943 | INFO | ai-websocket | Sorted 4: kunj.singh SINGH | Paid: False
2026-04-12 01:42:28,943 | INFO | ai-websocket | Sorted 5: Allan Kami | Paid: False
2026-04-12 01:42:28,944 | INFO | ai-websocket | [SEARCH RESULT]: Successfully returning 6 results from DB
2026-04-12 01:42:45,043 | WARNING | ai-websocket | [WS DISCONNECTED]
2026-04-13 18:23:13,390 | INFO | ai-websocket | [WS CONNECT] Origin: None
2026-04-13 18:35:33,925 | WARNING | ai-websocket | [WS DISCONNECTED]
2026-04-13 19:11:53,872 | INFO | ai-websocket | [WS CONNECT] Origin: None
2026-04-13 19:16:35,747 | DEBUG | ai-websocket | [WS RECEIVED] Raw Data: {'query': 'waiter jobs in riyadh', 'user_id': 402981, 'org_id': 1, 'conversation_id': None}
2026-04-13 19:16:35,767 | INFO | ai-websocket | [QUERY] User:402981 Org:1 : waiter jobs in riyadh
2026-04-13 19:16:35,842 | ERROR | ai-websocket | [DB ERROR create_conversation] server closed the connection unexpectedly
	This probably means the server terminated abnormally
	before or while processing the request.
server closed the connection unexpectedly
	This probably means the server terminated abnormally
	before or while processing the request.
Traceback (most recent call last):
  File "E:\hospitality\hozpitality-ai\ai_server_2.py", line 610, in create_conversation
    cur.execute("""
psycopg2.OperationalError: server closed the connection unexpectedly
	This probably means the server terminated abnormally
	before or while processing the request.
server closed the connection unexpectedly
	This probably means the server terminated abnormally
	before or while processing the request.

2026-04-13 19:16:35,879 | DEBUG | ai-websocket | [CONVERSATION] ID: None
2026-04-13 19:17:15,259 | ERROR | ai-websocket | Intent error: ('Connection aborted.', ConnectionResetError(10054, 'An existing connection was forcibly closed by the remote host', None, 10054, None))
2026-04-13 19:17:15,263 | DEBUG | ai-websocket | [INTENT] {'intent': 'SEARCH', 'type': 'article', 'keywords': 'waiter jobs in riyadh', 'location': '', 'rephrased_query': 'waiter jobs in riyadh'}
2026-04-13 19:17:15,264 | DEBUG | ai-websocket | [BASE QUERY] waiter jobs in riyadh
2026-04-13 19:18:24,144 | ERROR | ai-websocket | [WS ERROR] Error 10061 connecting to localhost:6379. No connection could be made because the target machine actively refused it.
Traceback (most recent call last):
  File "E:\hospitality\hozpitality-ai\venv\Lib\site-packages\redis\connection.py", line 1003, in connect_check_health
    sock = self._connect()
           ^^^^^^^^^^^^^^^
  File "E:\hospitality\hozpitality-ai\venv\Lib\site-packages\redis\connection.py", line 1515, in _connect
    raise err
  File "E:\hospitality\hozpitality-ai\venv\Lib\site-packages\redis\connection.py", line 1499, in _connect
    sock.connect(socket_address)
ConnectionRefusedError: [WinError 10061] No connection could be made because the target machine actively refused it

During handling of the above exception, another exception occurred:

Traceback (most recent call last):
  File "E:\hospitality\hozpitality-ai\ai_server_2.py", line 1496, in websocket_chat
    last_ai = get_last_ai_response(user_id, org_id)
              ^^^^^^^^^^^^^^^^^^^^^^^^^^^^^^^^^^^^^
  File "E:\hospitality\hozpitality-ai\ai_server_2.py", line 338, in get_last_ai_response
    return redis_client.get(key) or ""
           ^^^^^^^^^^^^^^^^^^^^^
  File "E:\hospitality\hozpitality-ai\venv\Lib\site-packages\redis\commands\core.py", line 2073, in get
    return self.execute_command("GET", name, keys=[name])
           ^^^^^^^^^^^^^^^^^^^^^^^^^^^^^^^^^^^^^^^^^^^^^^
  File "E:\hospitality\hozpitality-ai\venv\Lib\site-packages\redis\client.py", line 716, in execute_command
    return self._execute_command(*args, **options)
           ^^^^^^^^^^^^^^^^^^^^^^^^^^^^^^^^^^^^^^^
  File "E:\hospitality\hozpitality-ai\venv\Lib\site-packages\redis\client.py", line 722, in _execute_command
    conn = self.connection or pool.get_connection()
                              ^^^^^^^^^^^^^^^^^^^^^
  File "E:\hospitality\hozpitality-ai\venv\Lib\site-packages\redis\utils.py", line 236, in wrapper
    return func(*args, **kwargs)
           ^^^^^^^^^^^^^^^^^^^^^
  File "E:\hospitality\hozpitality-ai\venv\Lib\site-packages\redis\connection.py", line 3041, in get_connection
    connection.connect()
  File "E:\hospitality\hozpitality-ai\venv\Lib\site-packages\redis\connection.py", line 976, in connect
    self.retry.call_with_retry(
  File "E:\hospitality\hozpitality-ai\venv\Lib\site-packages\redis\retry.py", line 132, in call_with_retry
    raise error
  File "E:\hospitality\hozpitality-ai\venv\Lib\site-packages\redis\retry.py", line 120, in call_with_retry
    return do()
           ^^^^
  File "E:\hospitality\hozpitality-ai\venv\Lib\site-packages\redis\connection.py", line 977, in <lambda>
    lambda: self.connect_check_health(
            ^^^^^^^^^^^^^^^^^^^^^^^^^^
  File "E:\hospitality\hozpitality-ai\venv\Lib\site-packages\redis\connection.py", line 1025, in connect_check_health
    raise e
redis.exceptions.ConnectionError: Error 10061 connecting to localhost:6379. No connection could be made because the target machine actively refused it.
2026-04-13 19:19:19,647 | INFO | ai-websocket | [WS CONNECT] Origin: None
2026-04-13 19:19:20,962 | DEBUG | ai-websocket | [WS RECEIVED] Raw Data: {'query': 'waiter jobs in riyadh', 'user_id': 402981, 'org_id': 1, 'conversation_id': None}
2026-04-13 19:19:20,962 | INFO | ai-websocket | [QUERY] User:402981 Org:1 : waiter jobs in riyadh
2026-04-13 19:19:21,026 | ERROR | ai-websocket | [DB ERROR create_conversation] server closed the connection unexpectedly
	This probably means the server terminated abnormally
	before or while processing the request.
server closed the connection unexpectedly
	This probably means the server terminated abnormally
	before or while processing the request.
Traceback (most recent call last):
  File "E:\hospitality\hozpitality-ai\ai_server_2.py", line 610, in create_conversation
    cur.execute("""
psycopg2.OperationalError: server closed the connection unexpectedly
	This probably means the server terminated abnormally
	before or while processing the request.
server closed the connection unexpectedly
	This probably means the server terminated abnormally
	before or while processing the request.

2026-04-13 19:19:21,033 | DEBUG | ai-websocket | [CONVERSATION] ID: None
2026-04-13 19:19:25,146 | ERROR | ai-websocket | Intent error: HTTPConnectionPool(host='localhost', port=11434): Max retries exceeded with url: /api/generate (Caused by NewConnectionError("HTTPConnection(host='localhost', port=11434): Failed to establish a new connection: [WinError 10061] No connection could be made because the target machine actively refused it"))
2026-04-13 19:19:25,147 | DEBUG | ai-websocket | [INTENT] {'intent': 'SEARCH', 'type': 'article', 'keywords': 'waiter jobs in riyadh', 'location': '', 'rephrased_query': 'waiter jobs in riyadh'}
2026-04-13 19:19:25,147 | DEBUG | ai-websocket | [BASE QUERY] waiter jobs in riyadh
2026-04-13 19:19:49,014 | ERROR | ai-websocket | [WS ERROR] Error 10061 connecting to localhost:6379. No connection could be made because the target machine actively refused it.
Traceback (most recent call last):
  File "E:\hospitality\hozpitality-ai\venv\Lib\site-packages\redis\connection.py", line 1003, in connect_check_health
    sock = self._connect()
           ^^^^^^^^^^^^^^^
  File "E:\hospitality\hozpitality-ai\venv\Lib\site-packages\redis\connection.py", line 1515, in _connect
    raise err
  File "E:\hospitality\hozpitality-ai\venv\Lib\site-packages\redis\connection.py", line 1499, in _connect
    sock.connect(socket_address)
ConnectionRefusedError: [WinError 10061] No connection could be made because the target machine actively refused it

During handling of the above exception, another exception occurred:

Traceback (most recent call last):
  File "E:\hospitality\hozpitality-ai\ai_server_2.py", line 1496, in websocket_chat
    last_ai = get_last_ai_response(user_id, org_id)
              ^^^^^^^^^^^^^^^^^^^^^^^^^^^^^^^^^^^^^
  File "E:\hospitality\hozpitality-ai\ai_server_2.py", line 338, in get_last_ai_response
    return redis_client.get(key) or ""
           ^^^^^^^^^^^^^^^^^^^^^
  File "E:\hospitality\hozpitality-ai\venv\Lib\site-packages\redis\commands\core.py", line 2073, in get
    return self.execute_command("GET", name, keys=[name])
           ^^^^^^^^^^^^^^^^^^^^^^^^^^^^^^^^^^^^^^^^^^^^^^
  File "E:\hospitality\hozpitality-ai\venv\Lib\site-packages\redis\client.py", line 716, in execute_command
    return self._execute_command(*args, **options)
           ^^^^^^^^^^^^^^^^^^^^^^^^^^^^^^^^^^^^^^^
  File "E:\hospitality\hozpitality-ai\venv\Lib\site-packages\redis\client.py", line 722, in _execute_command
    conn = self.connection or pool.get_connection()
                              ^^^^^^^^^^^^^^^^^^^^^
  File "E:\hospitality\hozpitality-ai\venv\Lib\site-packages\redis\utils.py", line 236, in wrapper
    return func(*args, **kwargs)
           ^^^^^^^^^^^^^^^^^^^^^
  File "E:\hospitality\hozpitality-ai\venv\Lib\site-packages\redis\connection.py", line 3041, in get_connection
    connection.connect()
  File "E:\hospitality\hozpitality-ai\venv\Lib\site-packages\redis\connection.py", line 976, in connect
    self.retry.call_with_retry(
  File "E:\hospitality\hozpitality-ai\venv\Lib\site-packages\redis\retry.py", line 132, in call_with_retry
    raise error
  File "E:\hospitality\hozpitality-ai\venv\Lib\site-packages\redis\retry.py", line 120, in call_with_retry
    return do()
           ^^^^
  File "E:\hospitality\hozpitality-ai\venv\Lib\site-packages\redis\connection.py", line 977, in <lambda>
    lambda: self.connect_check_health(
            ^^^^^^^^^^^^^^^^^^^^^^^^^^
  File "E:\hospitality\hozpitality-ai\venv\Lib\site-packages\redis\connection.py", line 1025, in connect_check_health
    raise e
redis.exceptions.ConnectionError: Error 10061 connecting to localhost:6379. No connection could be made because the target machine actively refused it.
2026-04-13 19:20:56,447 | INFO | ai-websocket | [WS CONNECT] Origin: None
2026-04-13 19:20:57,902 | DEBUG | ai-websocket | [WS RECEIVED] Raw Data: {'query': 'waiter jobs in riyadh', 'user_id': 402981, 'org_id': 1, 'conversation_id': None}
2026-04-13 19:20:57,902 | INFO | ai-websocket | [QUERY] User:402981 Org:1 : waiter jobs in riyadh
2026-04-13 19:20:57,947 | ERROR | ai-websocket | [DB ERROR create_conversation] server closed the connection unexpectedly
	This probably means the server terminated abnormally
	before or while processing the request.
server closed the connection unexpectedly
	This probably means the server terminated abnormally
	before or while processing the request.
Traceback (most recent call last):
  File "E:\hospitality\hozpitality-ai\ai_server_2.py", line 610, in create_conversation
    cur.execute("""
psycopg2.OperationalError: server closed the connection unexpectedly
	This probably means the server terminated abnormally
	before or while processing the request.
server closed the connection unexpectedly
	This probably means the server terminated abnormally
	before or while processing the request.

2026-04-13 19:20:57,956 | DEBUG | ai-websocket | [CONVERSATION] ID: None
2026-04-13 19:21:04,777 | INFO | ai-websocket | Intent detected: {'intent': 'JOB', 'type': 'job', 'keywords': 'waiter jobs riyadh', 'location': 'riyadh', 'rephrased_query': 'waiter jobs in riyadh'}
2026-04-13 19:21:04,781 | DEBUG | ai-websocket | [INTENT] {'intent': 'JOB', 'type': 'job', 'keywords': 'waiter jobs riyadh', 'location': 'riyadh', 'rephrased_query': 'waiter jobs in riyadh'}
2026-04-13 19:21:04,781 | DEBUG | ai-websocket | [BASE QUERY] waiter jobs riyadh
2026-04-13 19:21:11,427 | INFO | ai-websocket | [FOLLOWUP DETECT] {'is_followup': False, 'type': 'expand'}
2026-04-13 19:21:11,427 | INFO | ai-websocket | [FINAL QUERY] waiter jobs riyadh riyadh
2026-04-13 19:21:11,427 | INFO | ai-websocket | [INTENT TYPE] job | Location: riyadh
2026-04-13 19:21:12,060 | INFO | ai-websocket | [SEARCH STAGE]: Trying Full Phrase Match for 'waiter jobs'
2026-04-13 19:21:12,066 | INFO | ai-websocket | --- STARTING DB EXECUTION ---
2026-04-13 19:21:12,066 | INFO | ai-websocket | SQL: 
            SELECT msi.title, msi.content, msi.category_text, msi.location_text, msi.slug, ua.package_id
            FROM master_search_mastersearchindex msi
            LEFT JOIN user_accounts ua ON msi.user_name = ua.username
            WHERE msi.is_live = TRUE
             AND LOWER(msi.category_text) LIKE %s AND LOWER(msi.location_text) LIKE %s
                AND (LOWER(msi.title) LIKE %s OR LOWER(msi.content) LIKE %s)
                ORDER BY CASE 
                    WHEN LOWER(msi.title) = %s THEN 0
                    WHEN LOWER(msi.title) LIKE %s THEN 1
                    ELSE 2
                END LIMIT 100
                
2026-04-13 19:21:12,083 | INFO | ai-websocket | Params: ['%job%', '%riyadh%', '%waiter jobs%', '%waiter jobs%', 'waiter jobs', '%waiter jobs%']
2026-04-13 19:21:12,087 | ERROR | ai-websocket | DB ERROR in search_db: server closed the connection unexpectedly
	This probably means the server terminated abnormally
	before or while processing the request.
server closed the connection unexpectedly
	This probably means the server terminated abnormally
	before or while processing the request.
Traceback (most recent call last):
  File "E:\hospitality\hozpitality-ai\ai_server_2.py", line 972, in search_db
    results = execute(sql, params)
              ^^^^^^^^^^^^^^^^^^^^
  File "E:\hospitality\hozpitality-ai\ai_server_2.py", line 896, in execute
    cur.execute(sql, params)
psycopg2.OperationalError: server closed the connection unexpectedly
	This probably means the server terminated abnormally
	before or while processing the request.
server closed the connection unexpectedly
	This probably means the server terminated abnormally
	before or while processing the request.

2026-04-13 19:21:17,548 | WARNING | ai-websocket | [NO RESULTS] - switching to AI mode
2026-04-13 19:21:26,141 | ERROR | ai-websocket | [DB ERROR save_message] server closed the connection unexpectedly
	This probably means the server terminated abnormally
	before or while processing the request.
server closed the connection unexpectedly
	This probably means the server terminated abnormally
	before or while processing the request.
Traceback (most recent call last):
  File "E:\hospitality\hozpitality-ai\ai_server_2.py", line 636, in save_message
    cur.execute("""
psycopg2.OperationalError: server closed the connection unexpectedly
	This probably means the server terminated abnormally
	before or while processing the request.
server closed the connection unexpectedly
	This probably means the server terminated abnormally
	before or while processing the request.

2026-04-13 19:21:30,202 | ERROR | ai-websocket | [DB ERROR save_message] null value in column "conversation_id" of relation "master_search_usersearchmessage" violates not-null constraint
DETAIL:  Failing row contains (3650, assistant, <div class="ai-response">
  <div class="ai-intro">
    <p>Hello!..., null, 2026-04-13 13:51:20.313446+00, null).
Traceback (most recent call last):
  File "E:\hospitality\hozpitality-ai\ai_server_2.py", line 636, in save_message
    cur.execute("""
psycopg2.errors.NotNullViolation: null value in column "conversation_id" of relation "master_search_usersearchmessage" violates not-null constraint
DETAIL:  Failing row contains (3650, assistant, <div class="ai-response">
  <div class="ai-intro">
    <p>Hello!..., null, 2026-04-13 13:51:20.313446+00, null).

2026-04-13 19:21:32,606 | WARNING | ai-websocket | [WS DISCONNECTED]
2026-04-13 19:22:48,661 | INFO | ai-websocket | [WS CONNECT] Origin: None
2026-04-13 19:22:50,436 | DEBUG | ai-websocket | [WS RECEIVED] Raw Data: {'query': 'waiter jobs in riyadh', 'user_id': 402981, 'org_id': 1, 'conversation_id': None}
2026-04-13 19:22:50,436 | INFO | ai-websocket | [QUERY] User:402981 Org:1 : waiter jobs in riyadh
2026-04-13 19:22:52,025 | DEBUG | ai-websocket | [CONVERSATION] ID: 467
2026-04-13 19:22:56,134 | INFO | ai-websocket | Intent detected: {'intent': 'JOB', 'type': 'job', 'keywords': 'waiter jobs riyadh', 'location': 'riyadh', 'rephrased_query': 'waiter jobs in riyadh'}
2026-04-13 19:22:56,137 | DEBUG | ai-websocket | [INTENT] {'intent': 'JOB', 'type': 'job', 'keywords': 'waiter jobs riyadh', 'location': 'riyadh', 'rephrased_query': 'waiter jobs in riyadh'}
2026-04-13 19:22:56,137 | DEBUG | ai-websocket | [BASE QUERY] waiter jobs riyadh
2026-04-13 19:23:00,664 | INFO | ai-websocket | [FOLLOWUP DETECT] {'is_followup': False, 'type': 'switch'}
2026-04-13 19:23:00,664 | INFO | ai-websocket | [FINAL QUERY] waiter jobs riyadh riyadh
2026-04-13 19:23:00,664 | INFO | ai-websocket | [INTENT TYPE] job | Location: riyadh
2026-04-13 19:23:01,072 | INFO | ai-websocket | [SEARCH STAGE]: Trying Full Phrase Match for 'waiter jobs'
2026-04-13 19:23:01,072 | INFO | ai-websocket | --- STARTING DB EXECUTION ---
2026-04-13 19:23:01,072 | INFO | ai-websocket | SQL: 
            SELECT msi.title, msi.content, msi.category_text, msi.location_text, msi.slug, ua.package_id
            FROM master_search_mastersearchindex msi
            LEFT JOIN user_accounts ua ON msi.user_name = ua.username
            WHERE msi.is_live = TRUE
             AND LOWER(msi.category_text) LIKE %s AND LOWER(msi.location_text) LIKE %s
                AND (LOWER(msi.title) LIKE %s OR LOWER(msi.content) LIKE %s)
                ORDER BY CASE 
                    WHEN LOWER(msi.title) = %s THEN 0
                    WHEN LOWER(msi.title) LIKE %s THEN 1
                    ELSE 2
                END LIMIT 100
                
2026-04-13 19:23:01,072 | INFO | ai-websocket | Params: ['%job%', '%riyadh%', '%waiter jobs%', '%waiter jobs%', 'waiter jobs', '%waiter jobs%']
2026-04-13 19:23:03,320 | INFO | ai-websocket | [DB RAW COUNT]: 0 results found in database
2026-04-13 19:23:03,322 | INFO | ai-websocket | [SEARCH STAGE]: Full phrase failed. Trying AND condition for words: ['waiter', 'jobs']
2026-04-13 19:23:03,322 | INFO | ai-websocket | --- STARTING DB EXECUTION ---
2026-04-13 19:23:03,322 | INFO | ai-websocket | SQL: 
            SELECT msi.title, msi.content, msi.category_text, msi.location_text, msi.slug, ua.package_id
            FROM master_search_mastersearchindex msi
            LEFT JOIN user_accounts ua ON msi.user_name = ua.username
            WHERE msi.is_live = TRUE
             AND LOWER(msi.category_text) LIKE %s AND LOWER(msi.location_text) LIKE %s AND (LOWER(msi.title) LIKE %s OR LOWER(msi.content) LIKE %s) AND (LOWER(msi.title) LIKE %s OR LOWER(msi.content) LIKE %s) LIMIT 100
2026-04-13 19:23:03,322 | INFO | ai-websocket | Params: ['%job%', '%riyadh%', '%waiter%', '%waiter%', '%jobs%', '%jobs%']
2026-04-13 19:23:04,972 | INFO | ai-websocket | [DB RAW COUNT]: 0 results found in database
2026-04-13 19:23:04,972 | INFO | ai-websocket | [SEARCH STAGE]: AND match failed. Trying OR condition for words: ['waiter', 'jobs']
2026-04-13 19:23:04,974 | INFO | ai-websocket | --- STARTING DB EXECUTION ---
2026-04-13 19:23:04,974 | INFO | ai-websocket | SQL: 
            SELECT msi.title, msi.content, msi.category_text, msi.location_text, msi.slug, ua.package_id
            FROM master_search_mastersearchindex msi
            LEFT JOIN user_accounts ua ON msi.user_name = ua.username
            WHERE msi.is_live = TRUE
             AND LOWER(msi.category_text) LIKE %s AND LOWER(msi.location_text) LIKE %s AND ((LOWER(msi.title) LIKE %s OR LOWER(msi.content) LIKE %s) OR (LOWER(msi.title) LIKE %s OR LOWER(msi.content) LIKE %s)) LIMIT 100
2026-04-13 19:23:04,975 | INFO | ai-websocket | Params: ['%job%', '%riyadh%', '%waiter%', '%waiter%', '%jobs%', '%jobs%']
2026-04-13 19:23:06,533 | INFO | ai-websocket | [DB RAW COUNT]: 2 results found in database
2026-04-13 19:23:06,535 | INFO | ai-websocket | --- RAW RESULTS BEFORE SORTING ---
2026-04-13 19:23:06,535 | INFO | ai-websocket | Row 1: Assistant waiter | Paid: True | PkgID: 8
2026-04-13 19:23:06,536 | INFO | ai-websocket | Row 2: Concierge | Paid: False | PkgID: None
2026-04-13 19:23:06,538 | INFO | ai-websocket | --- RESULTS AFTER PRIORITY SORTING ---
2026-04-13 19:23:06,538 | INFO | ai-websocket | Sorted 1: Assistant waiter | Paid: True
2026-04-13 19:23:06,539 | INFO | ai-websocket | Sorted 2: Concierge | Paid: False
2026-04-13 19:23:06,540 | INFO | ai-websocket | [SEARCH RESULT]: Successfully returning 2 results from DB
2026-04-13 19:25:06,888 | DEBUG | ai-websocket | [WS RECEIVED] Raw Data: {'query': 'waiter jobs in riyadh', 'user_id': 402981, 'org_id': 1, 'conversation_id': None}
2026-04-13 19:25:06,893 | INFO | ai-websocket | [QUERY] User:402981 Org:1 : waiter jobs in riyadh
2026-04-13 19:25:07,932 | DEBUG | ai-websocket | [CONVERSATION] ID: 468
2026-04-13 19:25:11,991 | INFO | ai-websocket | Intent detected: {'intent': 'JOB', 'type': 'job', 'keywords': 'waiter jobs riyadh', 'location': 'riyadh', 'rephrased_query': 'waiter jobs in riyadh'}
2026-04-13 19:25:11,993 | DEBUG | ai-websocket | [INTENT] {'intent': 'JOB', 'type': 'job', 'keywords': 'waiter jobs riyadh', 'location': 'riyadh', 'rephrased_query': 'waiter jobs in riyadh'}
2026-04-13 19:25:11,994 | DEBUG | ai-websocket | [BASE QUERY] waiter jobs riyadh
2026-04-13 19:25:15,347 | ERROR | ai-websocket | Followup detect error: Expecting property name enclosed in double quotes: line 5 column 3 (char 136)
2026-04-13 19:25:15,347 | INFO | ai-websocket | [FOLLOWUP DETECT] {'is_followup': False, 'type': 'switch'}
2026-04-13 19:25:15,347 | INFO | ai-websocket | [FINAL QUERY] waiter jobs riyadh riyadh
2026-04-13 19:25:15,347 | INFO | ai-websocket | [INTENT TYPE] job | Location: riyadh
2026-04-13 19:25:15,818 | INFO | ai-websocket | [SEARCH STAGE]: Trying Full Phrase Match for 'waiter jobs'
2026-04-13 19:25:15,818 | INFO | ai-websocket | --- STARTING DB EXECUTION ---
2026-04-13 19:25:15,818 | INFO | ai-websocket | SQL: 
            SELECT msi.title, msi.content, msi.category_text, msi.location_text, msi.slug, ua.package_id
            FROM master_search_mastersearchindex msi
            LEFT JOIN user_accounts ua ON msi.user_name = ua.username
            WHERE msi.is_live = TRUE
             AND LOWER(msi.category_text) LIKE %s AND LOWER(msi.location_text) LIKE %s
                AND (LOWER(msi.title) LIKE %s OR LOWER(msi.content) LIKE %s)
                ORDER BY CASE 
                    WHEN LOWER(msi.title) = %s THEN 0
                    WHEN LOWER(msi.title) LIKE %s THEN 1
                    ELSE 2
                END LIMIT 100
                
2026-04-13 19:25:15,818 | INFO | ai-websocket | Params: ['%job%', '%riyadh%', '%waiter jobs%', '%waiter jobs%', 'waiter jobs', '%waiter jobs%']
2026-04-13 19:25:17,978 | INFO | ai-websocket | [DB RAW COUNT]: 0 results found in database
2026-04-13 19:25:17,978 | INFO | ai-websocket | [SEARCH STAGE]: Full phrase failed. Trying AND condition for words: ['waiter', 'jobs']
2026-04-13 19:25:17,984 | INFO | ai-websocket | --- STARTING DB EXECUTION ---
2026-04-13 19:25:17,984 | INFO | ai-websocket | SQL: 
            SELECT msi.title, msi.content, msi.category_text, msi.location_text, msi.slug, ua.package_id
            FROM master_search_mastersearchindex msi
            LEFT JOIN user_accounts ua ON msi.user_name = ua.username
            WHERE msi.is_live = TRUE
             AND LOWER(msi.category_text) LIKE %s AND LOWER(msi.location_text) LIKE %s AND (LOWER(msi.title) LIKE %s OR LOWER(msi.content) LIKE %s) AND (LOWER(msi.title) LIKE %s OR LOWER(msi.content) LIKE %s) LIMIT 100
2026-04-13 19:25:17,987 | INFO | ai-websocket | Params: ['%job%', '%riyadh%', '%waiter%', '%waiter%', '%jobs%', '%jobs%']
2026-04-13 19:25:18,418 | INFO | ai-websocket | [DB RAW COUNT]: 0 results found in database
2026-04-13 19:25:18,418 | INFO | ai-websocket | [SEARCH STAGE]: AND match failed. Trying OR condition for words: ['waiter', 'jobs']
2026-04-13 19:25:18,418 | INFO | ai-websocket | --- STARTING DB EXECUTION ---
2026-04-13 19:25:18,418 | INFO | ai-websocket | SQL: 
            SELECT msi.title, msi.content, msi.category_text, msi.location_text, msi.slug, ua.package_id
            FROM master_search_mastersearchindex msi
            LEFT JOIN user_accounts ua ON msi.user_name = ua.username
            WHERE msi.is_live = TRUE
             AND LOWER(msi.category_text) LIKE %s AND LOWER(msi.location_text) LIKE %s AND ((LOWER(msi.title) LIKE %s OR LOWER(msi.content) LIKE %s) OR (LOWER(msi.title) LIKE %s OR LOWER(msi.content) LIKE %s)) LIMIT 100
2026-04-13 19:25:18,418 | INFO | ai-websocket | Params: ['%job%', '%riyadh%', '%waiter%', '%waiter%', '%jobs%', '%jobs%']
2026-04-13 19:25:18,855 | INFO | ai-websocket | [DB RAW COUNT]: 2 results found in database
2026-04-13 19:25:18,855 | INFO | ai-websocket | --- RAW RESULTS BEFORE SORTING ---
2026-04-13 19:25:18,856 | INFO | ai-websocket | Row 1: Assistant waiter | Paid: True | PkgID: 8
2026-04-13 19:25:18,856 | INFO | ai-websocket | Row 2: Concierge | Paid: False | PkgID: None
2026-04-13 19:25:18,857 | INFO | ai-websocket | --- RESULTS AFTER PRIORITY SORTING ---
2026-04-13 19:25:18,858 | INFO | ai-websocket | Sorted 1: Assistant waiter | Paid: True
2026-04-13 19:25:18,858 | INFO | ai-websocket | Sorted 2: Concierge | Paid: False
2026-04-13 19:25:18,859 | INFO | ai-websocket | [SEARCH RESULT]: Successfully returning 2 results from DB
2026-04-13 19:25:35,997 | WARNING | ai-websocket | [WS DISCONNECTED]
2026-04-13 19:26:41,585 | INFO | ai-websocket | [WS CONNECT] Origin: None
2026-04-13 19:26:42,990 | DEBUG | ai-websocket | [WS RECEIVED] Raw Data: {'query': 'waiter jobs in riyadh', 'user_id': 402981, 'org_id': 1, 'conversation_id': None}
2026-04-13 19:26:42,993 | INFO | ai-websocket | [QUERY] User:402981 Org:1 : waiter jobs in riyadh
2026-04-13 19:26:44,179 | DEBUG | ai-websocket | [CONVERSATION] ID: 469
2026-04-13 19:26:49,540 | INFO | ai-websocket | Intent detected: {'intent': 'JOB', 'type': 'job', 'keywords': 'waiter jobs riyadh', 'location': 'riyadh', 'rephrased_query': 'waiter jobs in riyadh'}
2026-04-13 19:26:49,540 | DEBUG | ai-websocket | [INTENT] {'intent': 'JOB', 'type': 'job', 'keywords': 'waiter jobs riyadh', 'location': 'riyadh', 'rephrased_query': 'waiter jobs in riyadh'}
2026-04-13 19:26:49,542 | DEBUG | ai-websocket | [BASE QUERY] waiter jobs riyadh
2026-04-13 19:26:54,407 | INFO | ai-websocket | [FOLLOWUP DETECT] {'is_followup': False, 'type': 'switch'}
2026-04-13 19:26:54,407 | INFO | ai-websocket | [FINAL QUERY] waiter jobs riyadh riyadh
2026-04-13 19:26:54,407 | INFO | ai-websocket | [INTENT TYPE] job | Location: riyadh
2026-04-13 19:26:54,731 | INFO | ai-websocket | SQL: 
            SELECT title, content, category_text, location_text, slug
            FROM master_search_mastersearchindex
            WHERE is_live = TRUE
             AND LOWER(category_text) LIKE %s AND LOWER(location_text) LIKE %s
                AND (
                    LOWER(title) LIKE %s
                    OR LOWER(content) LIKE %s
                )
                ORDER BY 
                    CASE 
                        WHEN LOWER(title) = %s THEN 0
                        WHEN LOWER(title) LIKE %s THEN 1
                        ELSE 2
                    END
                LIMIT 6
                
2026-04-13 19:26:54,731 | INFO | ai-websocket | Params: ['%job%', '%riyadh%', '%waiter jobs%', '%waiter jobs%', 'waiter jobs', '%waiter jobs%']
2026-04-13 19:26:56,439 | INFO | ai-websocket | SQL: 
            SELECT title, content, category_text, location_text, slug
            FROM master_search_mastersearchindex
            WHERE is_live = TRUE
             AND LOWER(category_text) LIKE %s AND LOWER(location_text) LIKE %s AND (LOWER(title) LIKE %s OR LOWER(content) LIKE %s) AND (LOWER(title) LIKE %s OR LOWER(content) LIKE %s) LIMIT 6
2026-04-13 19:26:56,439 | INFO | ai-websocket | Params: ['%job%', '%riyadh%', '%waiter%', '%waiter%', '%jobs%', '%jobs%']
2026-04-13 19:26:57,119 | INFO | ai-websocket | SQL: 
            SELECT title, content, category_text, location_text, slug
            FROM master_search_mastersearchindex
            WHERE is_live = TRUE
             AND LOWER(category_text) LIKE %s AND LOWER(location_text) LIKE %s AND ((LOWER(title) LIKE %s OR LOWER(content) LIKE %s) OR (LOWER(title) LIKE %s OR LOWER(content) LIKE %s)) LIMIT 6
2026-04-13 19:26:57,119 | INFO | ai-websocket | Params: ['%job%', '%riyadh%', '%waiter%', '%waiter%', '%jobs%', '%jobs%']
2026-04-13 19:27:38,441 | WARNING | ai-websocket | [WS DISCONNECTED]
2026-04-13 19:30:40,085 | INFO | ai-websocket | [WS CONNECT] Origin: None
2026-04-13 19:30:41,734 | DEBUG | ai-websocket | [WS RECEIVED] Raw Data: {'query': 'waiter jobs', 'user_id': 402981, 'org_id': 1, 'conversation_id': None}
2026-04-13 19:30:41,734 | INFO | ai-websocket | [QUERY] User:402981 Org:1 : waiter jobs
2026-04-13 19:30:42,707 | DEBUG | ai-websocket | [CONVERSATION] ID: 470
2026-04-13 19:30:47,006 | INFO | ai-websocket | Intent detected: {'intent': 'JOB', 'type': 'professional', 'keywords': 'waiter jobs', 'location': '', 'rephrased_query': 'waiter jobs'}
2026-04-13 19:30:47,006 | DEBUG | ai-websocket | [INTENT] {'intent': 'JOB', 'type': 'professional', 'keywords': 'waiter jobs', 'location': '', 'rephrased_query': 'waiter jobs'}
2026-04-13 19:30:47,006 | DEBUG | ai-websocket | [BASE QUERY] waiter jobs
2026-04-13 19:30:51,509 | INFO | ai-websocket | [FOLLOWUP DETECT] {'is_followup': False, 'type': 'switch'}
2026-04-13 19:30:51,510 | INFO | ai-websocket | [FINAL QUERY] waiter jobs
2026-04-13 19:30:51,510 | INFO | ai-websocket | [INTENT TYPE] professional | Location: 
2026-04-13 19:30:51,902 | INFO | ai-websocket | [SEARCH STAGE]: Trying Full Phrase Match for 'waiter jobs'
2026-04-13 19:30:51,903 | INFO | ai-websocket | --- STARTING DB EXECUTION ---
2026-04-13 19:30:51,904 | INFO | ai-websocket | SQL: 
            SELECT msi.title, msi.content, msi.category_text, msi.location_text, msi.slug, ua.package_id
            FROM master_search_mastersearchindex msi
            LEFT JOIN user_accounts ua ON msi.user_name = ua.username
            WHERE msi.is_live = TRUE
             AND LOWER(msi.category_text) LIKE %s
                AND (LOWER(msi.title) LIKE %s OR LOWER(msi.content) LIKE %s)
                ORDER BY CASE 
                    WHEN LOWER(msi.title) = %s THEN 0
                    WHEN LOWER(msi.title) LIKE %s THEN 1
                    ELSE 2
                END LIMIT 100
                
2026-04-13 19:30:51,905 | INFO | ai-websocket | Params: ['%professional%', '%waiter jobs%', '%waiter jobs%', 'waiter jobs', '%waiter jobs%']
2026-04-13 19:30:56,401 | INFO | ai-websocket | [DB RAW COUNT]: 2 results found in database
2026-04-13 19:30:56,402 | INFO | ai-websocket | --- RAW RESULTS BEFORE SORTING ---
2026-04-13 19:30:56,403 | INFO | ai-websocket | Row 1: DHANABALAN S N | Paid: False | PkgID: None
2026-04-13 19:30:56,404 | INFO | ai-websocket | Row 2: Mohamed Yusuf | Paid: False | PkgID: None
2026-04-13 19:30:56,404 | INFO | ai-websocket | --- RESULTS AFTER PRIORITY SORTING ---
2026-04-13 19:30:56,404 | INFO | ai-websocket | Sorted 1: DHANABALAN S N | Paid: False
2026-04-13 19:30:56,406 | INFO | ai-websocket | Sorted 2: Mohamed Yusuf | Paid: False
2026-04-13 19:30:56,406 | INFO | ai-websocket | [SEARCH RESULT]: Successfully returning 2 results from DB
2026-04-13 19:31:43,160 | DEBUG | ai-websocket | [WS RECEIVED] Raw Data: {'query': 'waiter jobs in US', 'user_id': 402981, 'org_id': 1, 'conversation_id': None}
2026-04-13 19:31:43,160 | INFO | ai-websocket | [QUERY] User:402981 Org:1 : waiter jobs in US
2026-04-13 19:31:44,264 | DEBUG | ai-websocket | [CONVERSATION] ID: 471
2026-04-13 19:31:47,912 | INFO | ai-websocket | Intent detected: {'intent': 'JOB', 'type': 'job', 'keywords': 'waiter jobs us', 'location': 'us', 'rephrased_query': 'waiter jobs in us'}
2026-04-13 19:31:47,912 | DEBUG | ai-websocket | [INTENT] {'intent': 'JOB', 'type': 'job', 'keywords': 'waiter jobs us', 'location': 'us', 'rephrased_query': 'waiter jobs in us'}
2026-04-13 19:31:47,912 | DEBUG | ai-websocket | [BASE QUERY] waiter jobs us
2026-04-13 19:31:51,625 | INFO | ai-websocket | [FOLLOWUP DETECT] {'is_followup': False, 'type': 'switch'}
2026-04-13 19:31:51,625 | INFO | ai-websocket | [FINAL QUERY] waiter jobs us us
2026-04-13 19:31:51,625 | INFO | ai-websocket | [INTENT TYPE] job | Location: us
2026-04-13 19:31:51,949 | INFO | ai-websocket | [SEARCH STAGE]: Trying Full Phrase Match for 'waiter jobs'
2026-04-13 19:31:51,950 | INFO | ai-websocket | --- STARTING DB EXECUTION ---
2026-04-13 19:31:51,952 | INFO | ai-websocket | SQL: 
            SELECT msi.title, msi.content, msi.category_text, msi.location_text, msi.slug, ua.package_id
            FROM master_search_mastersearchindex msi
            LEFT JOIN user_accounts ua ON msi.user_name = ua.username
            WHERE msi.is_live = TRUE
             AND LOWER(msi.category_text) LIKE %s AND LOWER(msi.location_text) LIKE %s
                AND (LOWER(msi.title) LIKE %s OR LOWER(msi.content) LIKE %s)
                ORDER BY CASE 
                    WHEN LOWER(msi.title) = %s THEN 0
                    WHEN LOWER(msi.title) LIKE %s THEN 1
                    ELSE 2
                END LIMIT 100
                
2026-04-13 19:31:51,954 | INFO | ai-websocket | Params: ['%job%', '%us%', '%waiter jobs%', '%waiter jobs%', 'waiter jobs', '%waiter jobs%']
2026-04-13 19:31:52,727 | INFO | ai-websocket | [DB RAW COUNT]: 0 results found in database
2026-04-13 19:31:52,729 | INFO | ai-websocket | [SEARCH STAGE]: Full phrase failed. Trying AND condition for words: ['waiter', 'jobs']
2026-04-13 19:31:52,731 | INFO | ai-websocket | --- STARTING DB EXECUTION ---
2026-04-13 19:31:52,732 | INFO | ai-websocket | SQL: 
            SELECT msi.title, msi.content, msi.category_text, msi.location_text, msi.slug, ua.package_id
            FROM master_search_mastersearchindex msi
            LEFT JOIN user_accounts ua ON msi.user_name = ua.username
            WHERE msi.is_live = TRUE
             AND LOWER(msi.category_text) LIKE %s AND LOWER(msi.location_text) LIKE %s AND (LOWER(msi.title) LIKE %s OR LOWER(msi.content) LIKE %s) AND (LOWER(msi.title) LIKE %s OR LOWER(msi.content) LIKE %s) LIMIT 100
2026-04-13 19:31:52,732 | INFO | ai-websocket | Params: ['%job%', '%us%', '%waiter%', '%waiter%', '%jobs%', '%jobs%']
2026-04-13 19:31:53,187 | INFO | ai-websocket | [DB RAW COUNT]: 10 results found in database
2026-04-13 19:31:53,189 | INFO | ai-websocket | --- RAW RESULTS BEFORE SORTING ---
2026-04-13 19:31:53,190 | INFO | ai-websocket | Row 1: Bistro Server | Paid: False | PkgID: None
2026-04-13 19:31:53,190 | INFO | ai-websocket | Row 2: F&B Service Expert | Paid: False | PkgID: None
2026-04-13 19:31:53,192 | INFO | ai-websocket | Row 3: F&B Service Expert | Paid: False | PkgID: None
2026-04-13 19:31:53,192 | INFO | ai-websocket | Row 4: Food and Beverage Attendant | Paid: False | PkgID: None
2026-04-13 19:31:53,192 | INFO | ai-websocket | Row 5: Food and Beverage Service Expert (Part- Time) | Paid: False | PkgID: None
2026-04-13 19:31:53,194 | INFO | ai-websocket | --- RESULTS AFTER PRIORITY SORTING ---
2026-04-13 19:31:53,194 | INFO | ai-websocket | Sorted 1: Bistro Server | Paid: False
2026-04-13 19:31:53,196 | INFO | ai-websocket | Sorted 2: F&B Service Expert | Paid: False
2026-04-13 19:31:53,196 | INFO | ai-websocket | Sorted 3: F&B Service Expert | Paid: False
2026-04-13 19:31:53,198 | INFO | ai-websocket | Sorted 4: Food and Beverage Attendant | Paid: False
2026-04-13 19:31:53,198 | INFO | ai-websocket | Sorted 5: Food and Beverage Service Expert (Part- Time) | Paid: False
2026-04-13 19:31:53,198 | INFO | ai-websocket | [SEARCH RESULT]: Successfully returning 6 results from DB
2026-04-13 19:36:05,537 | DEBUG | ai-websocket | [WS RECEIVED] Raw Data: {'query': 'Insurance', 'user_id': 402981, 'org_id': 1, 'location': 'us'}
2026-04-13 19:36:05,537 | INFO | ai-websocket | [QUERY] User:402981 Org:1 : Insurance
2026-04-13 19:36:06,960 | DEBUG | ai-websocket | [CONVERSATION] ID: 472
2026-04-13 19:36:12,486 | INFO | ai-websocket | Intent detected: {'intent': 'JOB', 'type': 'FAQ', 'keywords': 'insurance', 'location': '', 'rephrased_query': 'insurance'}
2026-04-13 19:36:12,490 | DEBUG | ai-websocket | [INTENT] {'intent': 'JOB', 'type': 'FAQ', 'keywords': 'insurance', 'location': '', 'rephrased_query': 'insurance'}
2026-04-13 19:36:12,490 | DEBUG | ai-websocket | [BASE QUERY] insurance
2026-04-13 19:36:16,545 | INFO | ai-websocket | [FOLLOWUP DETECT] {'is_followup': False, 'type': 'switch'}
2026-04-13 19:36:16,548 | INFO | ai-websocket | [FINAL QUERY] insurance
2026-04-13 19:36:16,548 | INFO | ai-websocket | [INTENT TYPE] FAQ | Location: 
2026-04-13 19:36:17,026 | INFO | ai-websocket | [SEARCH STAGE]: Trying Full Phrase Match for 'insurance'
2026-04-13 19:36:17,027 | INFO | ai-websocket | --- STARTING DB EXECUTION ---
2026-04-13 19:36:17,027 | INFO | ai-websocket | SQL: 
            SELECT msi.title, msi.content, msi.category_text, msi.location_text, msi.slug, ua.package_id
            FROM master_search_mastersearchindex msi
            LEFT JOIN user_accounts ua ON msi.user_name = ua.username
            WHERE msi.is_live = TRUE
             AND LOWER(msi.category_text) LIKE %s
                AND (LOWER(msi.title) LIKE %s OR LOWER(msi.content) LIKE %s)
                ORDER BY CASE 
                    WHEN LOWER(msi.title) = %s THEN 0
                    WHEN LOWER(msi.title) LIKE %s THEN 1
                    ELSE 2
                END LIMIT 100
                
2026-04-13 19:36:17,029 | INFO | ai-websocket | Params: ['%faq%', '%insurance%', '%insurance%', 'insurance', '%insurance%']
2026-04-13 19:36:17,775 | INFO | ai-websocket | [DB RAW COUNT]: 0 results found in database
2026-04-13 19:36:17,775 | INFO | ai-websocket | [SEARCH STAGE]: Full phrase failed. Trying AND condition for words: ['insurance']
2026-04-13 19:36:17,775 | INFO | ai-websocket | --- STARTING DB EXECUTION ---
2026-04-13 19:36:17,775 | INFO | ai-websocket | SQL: 
            SELECT msi.title, msi.content, msi.category_text, msi.location_text, msi.slug, ua.package_id
            FROM master_search_mastersearchindex msi
            LEFT JOIN user_accounts ua ON msi.user_name = ua.username
            WHERE msi.is_live = TRUE
             AND LOWER(msi.category_text) LIKE %s AND (LOWER(msi.title) LIKE %s OR LOWER(msi.content) LIKE %s) LIMIT 100
2026-04-13 19:36:17,780 | INFO | ai-websocket | Params: ['%faq%', '%insurance%', '%insurance%']
2026-04-13 19:36:18,213 | INFO | ai-websocket | [DB RAW COUNT]: 0 results found in database
2026-04-13 19:36:18,213 | INFO | ai-websocket | [SEARCH STAGE]: AND match failed. Trying OR condition for words: ['insurance']
2026-04-13 19:36:18,213 | INFO | ai-websocket | --- STARTING DB EXECUTION ---
2026-04-13 19:36:18,213 | INFO | ai-websocket | SQL: 
            SELECT msi.title, msi.content, msi.category_text, msi.location_text, msi.slug, ua.package_id
            FROM master_search_mastersearchindex msi
            LEFT JOIN user_accounts ua ON msi.user_name = ua.username
            WHERE msi.is_live = TRUE
             AND LOWER(msi.category_text) LIKE %s AND ((LOWER(msi.title) LIKE %s OR LOWER(msi.content) LIKE %s)) LIMIT 100
2026-04-13 19:36:18,213 | INFO | ai-websocket | Params: ['%faq%', '%insurance%', '%insurance%']
2026-04-13 19:36:18,689 | INFO | ai-websocket | [DB RAW COUNT]: 0 results found in database
2026-04-13 19:36:18,691 | WARNING | ai-websocket | [SEARCH RESULT]: No records found in DB for query 'insurance'
2026-04-13 19:36:19,979 | WARNING | ai-websocket | [NO RESULTS] - switching to AI mode
2026-04-13 19:37:46,824 | WARNING | ai-websocket | [WS DISCONNECTED]
2026-04-13 19:39:35,779 | INFO | ai-websocket | [WS CONNECT] Origin: None
2026-04-13 19:39:37,124 | DEBUG | ai-websocket | [WS RECEIVED] Raw Data: {'query': 'jobs for waiter', 'user_id': 402981, 'org_id': 1, 'location': 'us'}
2026-04-13 19:39:37,126 | INFO | ai-websocket | [QUERY] User:402981 Org:1 : jobs for waiter
2026-04-13 19:39:38,140 | DEBUG | ai-websocket | [CONVERSATION] ID: 473
2026-04-13 19:39:41,916 | INFO | ai-websocket | Intent detected: {'intent': 'JOB', 'type': 'job', 'keywords': 'waiter jobs', 'location': '', 'rephrased_query': 'jobs for waiter'}
2026-04-13 19:39:41,918 | DEBUG | ai-websocket | [INTENT] {'intent': 'JOB', 'type': 'job', 'keywords': 'waiter jobs', 'location': '', 'rephrased_query': 'jobs for waiter'}
2026-04-13 19:39:41,918 | DEBUG | ai-websocket | [BASE QUERY] waiter jobs
2026-04-13 19:39:46,480 | INFO | ai-websocket | [FOLLOWUP DETECT] {'is_followup': False, 'type': 'switch'}
2026-04-13 19:39:46,480 | INFO | ai-websocket | [FINAL QUERY] waiter jobs
2026-04-13 19:39:46,482 | INFO | ai-websocket | [INTENT TYPE] job | Location: 
2026-04-13 19:39:46,801 | INFO | ai-websocket | [SEARCH STAGE]: Trying Full Phrase Match for 'waiter jobs'
2026-04-13 19:39:46,801 | INFO | ai-websocket | --- STARTING DB EXECUTION ---
2026-04-13 19:39:46,801 | INFO | ai-websocket | SQL: 
            SELECT msi.title, msi.content, msi.category_text, msi.location_text, msi.slug, ua.package_id
            FROM master_search_mastersearchindex msi
            LEFT JOIN user_accounts ua ON msi.user_name = ua.username
            WHERE msi.is_live = TRUE
             AND LOWER(msi.category_text) LIKE %s
                AND (LOWER(msi.title) LIKE %s OR LOWER(msi.content) LIKE %s)
                ORDER BY CASE 
                    WHEN LOWER(msi.title) = %s THEN 0
                    WHEN LOWER(msi.title) LIKE %s THEN 1
                    ELSE 2
                END LIMIT 100
                
2026-04-13 19:39:46,807 | INFO | ai-websocket | Params: ['%job%', '%waiter jobs%', '%waiter jobs%', 'waiter jobs', '%waiter jobs%']
2026-04-13 19:39:47,600 | INFO | ai-websocket | [DB RAW COUNT]: 0 results found in database
2026-04-13 19:39:47,600 | INFO | ai-websocket | [SEARCH STAGE]: Full phrase failed. Trying AND condition for words: ['waiter', 'jobs']
2026-04-13 19:39:47,603 | INFO | ai-websocket | --- STARTING DB EXECUTION ---
2026-04-13 19:39:47,603 | INFO | ai-websocket | SQL: 
            SELECT msi.title, msi.content, msi.category_text, msi.location_text, msi.slug, ua.package_id
            FROM master_search_mastersearchindex msi
            LEFT JOIN user_accounts ua ON msi.user_name = ua.username
            WHERE msi.is_live = TRUE
             AND LOWER(msi.category_text) LIKE %s AND (LOWER(msi.title) LIKE %s OR LOWER(msi.content) LIKE %s) AND (LOWER(msi.title) LIKE %s OR LOWER(msi.content) LIKE %s) LIMIT 100
2026-04-13 19:39:47,603 | INFO | ai-websocket | Params: ['%job%', '%waiter%', '%waiter%', '%jobs%', '%jobs%']
2026-04-13 19:39:48,945 | INFO | ai-websocket | [DB RAW COUNT]: 100 results found in database
2026-04-13 19:39:48,954 | INFO | ai-websocket | --- RAW RESULTS BEFORE SORTING ---
2026-04-13 19:39:48,954 | INFO | ai-websocket | Row 1: Event Service Expert (Banquet Waiter) | Paid: False | PkgID: None
2026-04-13 19:39:48,954 | INFO | ai-websocket | Row 2: F&B & EVENT SERVICE EXPERT (Wine Captain) | Paid: False | PkgID: None
2026-04-13 19:39:48,963 | INFO | ai-websocket | Row 3: F&B Attendant | Paid: False | PkgID: None
2026-04-13 19:39:48,963 | INFO | ai-websocket | Row 4: F&B Attendant (Japanese Restaurant) | Paid: False | PkgID: None
2026-04-13 19:39:48,963 | INFO | ai-websocket | Row 5: F&B GSA | Paid: False | PkgID: None
2026-04-13 19:39:48,963 | INFO | ai-websocket | --- RESULTS AFTER PRIORITY SORTING ---
2026-04-13 19:39:48,963 | INFO | ai-websocket | Sorted 1: Event Service Expert (Banquet Waiter) | Paid: False
2026-04-13 19:39:48,963 | INFO | ai-websocket | Sorted 2: F&B & EVENT SERVICE EXPERT (Wine Captain) | Paid: False
2026-04-13 19:39:48,963 | INFO | ai-websocket | Sorted 3: F&B Attendant | Paid: False
2026-04-13 19:39:48,963 | INFO | ai-websocket | Sorted 4: F&B Attendant (Japanese Restaurant) | Paid: False
2026-04-13 19:39:48,963 | INFO | ai-websocket | Sorted 5: F&B GSA | Paid: False
2026-04-13 19:39:48,963 | INFO | ai-websocket | [SEARCH RESULT]: Successfully returning 6 results from DB
2026-04-13 19:45:12,458 | DEBUG | ai-websocket | [WS RECEIVED] Raw Data: {'query': 'jobs for waiter', 'user_id': 402981, 'org_id': 1, 'location': ''}
2026-04-13 19:45:12,465 | INFO | ai-websocket | [QUERY] User:402981 Org:1 : jobs for waiter
2026-04-13 19:45:13,614 | DEBUG | ai-websocket | [CONVERSATION] ID: 474
2026-04-13 19:45:44,897 | INFO | ai-websocket | Intent detected: {'intent': 'JOB', 'type': 'job', 'keywords': 'waiter jobs', 'location': '', 'rephrased_query': 'jobs for waiter'}
2026-04-13 19:45:44,897 | DEBUG | ai-websocket | [INTENT] {'intent': 'JOB', 'type': 'job', 'keywords': 'waiter jobs', 'location': '', 'rephrased_query': 'jobs for waiter'}
2026-04-13 19:45:44,897 | DEBUG | ai-websocket | [BASE QUERY] waiter jobs
2026-04-13 19:45:56,781 | INFO | ai-websocket | [FOLLOWUP DETECT] {'is_followup': False, 'type': 'new topic'}
2026-04-13 19:45:56,781 | INFO | ai-websocket | [FINAL QUERY] waiter jobs
2026-04-13 19:45:56,781 | INFO | ai-websocket | [INTENT TYPE] job | Location: 
2026-04-13 19:45:57,116 | INFO | ai-websocket | [SEARCH STAGE]: Trying Full Phrase Match for 'waiter jobs'
2026-04-13 19:45:57,121 | INFO | ai-websocket | --- STARTING DB EXECUTION ---
2026-04-13 19:45:57,121 | INFO | ai-websocket | SQL: 
            SELECT msi.title, msi.content, msi.category_text, msi.location_text, msi.slug, ua.package_id
            FROM master_search_mastersearchindex msi
            LEFT JOIN user_accounts ua ON msi.user_name = ua.username
            WHERE msi.is_live = TRUE
             AND LOWER(msi.category_text) LIKE %s
                AND (LOWER(msi.title) LIKE %s OR LOWER(msi.content) LIKE %s)
                ORDER BY CASE 
                    WHEN LOWER(msi.title) = %s THEN 0
                    WHEN LOWER(msi.title) LIKE %s THEN 1
                    ELSE 2
                END LIMIT 100
                
2026-04-13 19:45:57,126 | INFO | ai-websocket | Params: ['%job%', '%waiter jobs%', '%waiter jobs%', 'waiter jobs', '%waiter jobs%']
2026-04-13 19:45:58,862 | INFO | ai-websocket | [DB RAW COUNT]: 0 results found in database
2026-04-13 19:45:58,862 | INFO | ai-websocket | [SEARCH STAGE]: Full phrase failed. Trying AND condition for words: ['waiter', 'jobs']
2026-04-13 19:45:58,862 | INFO | ai-websocket | --- STARTING DB EXECUTION ---
2026-04-13 19:45:58,862 | INFO | ai-websocket | SQL: 
            SELECT msi.title, msi.content, msi.category_text, msi.location_text, msi.slug, ua.package_id
            FROM master_search_mastersearchindex msi
            LEFT JOIN user_accounts ua ON msi.user_name = ua.username
            WHERE msi.is_live = TRUE
             AND LOWER(msi.category_text) LIKE %s AND (LOWER(msi.title) LIKE %s OR LOWER(msi.content) LIKE %s) AND (LOWER(msi.title) LIKE %s OR LOWER(msi.content) LIKE %s) LIMIT 100
2026-04-13 19:45:58,862 | INFO | ai-websocket | Params: ['%job%', '%waiter%', '%waiter%', '%jobs%', '%jobs%']
2026-04-13 19:46:00,994 | INFO | ai-websocket | [DB RAW COUNT]: 100 results found in database
2026-04-13 19:46:01,003 | INFO | ai-websocket | --- RAW RESULTS BEFORE SORTING ---
2026-04-13 19:46:01,003 | INFO | ai-websocket | Row 1: F&B Service Expert | Paid: False | PkgID: None
2026-04-13 19:46:01,003 | INFO | ai-websocket | Row 2: F&B and Event Service Expert | Paid: False | PkgID: None
2026-04-13 19:46:01,003 | INFO | ai-websocket | Row 3: Brasserie Server | Paid: False | PkgID: None
2026-04-13 19:46:01,003 | INFO | ai-websocket | Row 4: Breakfast Server | Paid: False | PkgID: None
2026-04-13 19:46:01,003 | INFO | ai-websocket | Row 5: F&B Attendant - NOBU Bangkok | Paid: False | PkgID: None
2026-04-13 19:46:01,003 | INFO | ai-websocket | --- RESULTS AFTER PRIORITY SORTING ---
2026-04-13 19:46:01,003 | INFO | ai-websocket | Sorted 1: F&B Service Expert | Paid: False
2026-04-13 19:46:01,003 | INFO | ai-websocket | Sorted 2: F&B and Event Service Expert | Paid: False
2026-04-13 19:46:01,008 | INFO | ai-websocket | Sorted 3: Brasserie Server | Paid: False
2026-04-13 19:46:01,010 | INFO | ai-websocket | Sorted 4: Breakfast Server | Paid: False
2026-04-13 19:46:01,011 | INFO | ai-websocket | Sorted 5: F&B Attendant - NOBU Bangkok | Paid: False
2026-04-13 19:46:01,011 | INFO | ai-websocket | [SEARCH RESULT]: Successfully returning 6 results from DB
2026-04-13 20:00:59,228 | WARNING | ai-websocket | [WS DISCONNECTED]
2026-04-13 20:03:13,215 | INFO | ai-websocket | [WS CONNECT] Origin: None
2026-04-13 20:03:14,361 | DEBUG | ai-websocket | [WS RECEIVED] Raw Data: {'query': 'jobs for waiter', 'user_id': 402981, 'org_id': 1, 'location': ''}
2026-04-13 20:03:14,363 | INFO | ai-websocket | [QUERY] User:402981 Org:1 : jobs for waiter
2026-04-13 20:03:16,262 | DEBUG | ai-websocket | [CONVERSATION] ID: 475
2026-04-13 20:03:22,339 | INFO | ai-websocket | Intent detected: {'intent': 'JOB', 'type': 'job', 'keywords': 'waiter jobs', 'location': '', 'rephrased_query': 'jobs for waiter'}
2026-04-13 20:03:22,339 | DEBUG | ai-websocket | [INTENT] {'intent': 'JOB', 'type': 'job', 'keywords': 'waiter jobs', 'location': '', 'rephrased_query': 'jobs for waiter'}
2026-04-13 20:03:22,340 | DEBUG | ai-websocket | [BASE QUERY] waiter jobs
2026-04-13 20:03:26,900 | INFO | ai-websocket | [FOLLOWUP DETECT] {'is_followup': False, 'response_to': '', 'reply_intent': 'jobs for waiter', 'category': ''}
2026-04-13 20:03:26,902 | INFO | ai-websocket | [FINAL QUERY] waiter jobs
2026-04-13 20:03:26,902 | INFO | ai-websocket | [INTENT TYPE] job | Location: 
2026-04-13 20:03:27,217 | INFO | ai-websocket | [SEARCH STAGE]: Trying Full Phrase Match for 'waiter jobs'
2026-04-13 20:03:27,217 | INFO | ai-websocket | --- STARTING DB EXECUTION ---
2026-04-13 20:03:27,217 | INFO | ai-websocket | SQL: 
            SELECT msi.title, msi.content, msi.category_text, msi.location_text, msi.slug, ua.package_id
            FROM master_search_mastersearchindex msi
            LEFT JOIN user_accounts ua ON msi.user_name = ua.username
            WHERE msi.is_live = TRUE
             AND LOWER(msi.category_text) LIKE %s
                AND (LOWER(msi.title) LIKE %s OR LOWER(msi.content) LIKE %s)
                ORDER BY 
                    (CASE WHEN ua.package_id > 0 THEN 0 ELSE 1 END),
                    CASE 
                        WHEN LOWER(msi.title) = %s THEN 0
                        WHEN LOWER(msi.title) LIKE %s THEN 1
                        ELSE 2
                    END,
                    msi.id DESC
                LIMIT 100
                
2026-04-13 20:03:27,220 | INFO | ai-websocket | Params: ['%job%', '%waiter jobs%', '%waiter jobs%', 'waiter jobs', '%waiter jobs%']
2026-04-13 20:03:29,241 | INFO | ai-websocket | [DB RAW COUNT]: 0 results found in database
2026-04-13 20:03:29,241 | INFO | ai-websocket | [SEARCH STAGE]: Full phrase failed. Trying AND condition for words: ['waiter', 'jobs']
2026-04-13 20:03:29,241 | INFO | ai-websocket | --- STARTING DB EXECUTION ---
2026-04-13 20:03:29,241 | INFO | ai-websocket | SQL: 
            SELECT msi.title, msi.content, msi.category_text, msi.location_text, msi.slug, ua.package_id
            FROM master_search_mastersearchindex msi
            LEFT JOIN user_accounts ua ON msi.user_name = ua.username
            WHERE msi.is_live = TRUE
             AND LOWER(msi.category_text) LIKE %s AND (LOWER(msi.title) LIKE %s OR LOWER(msi.content) LIKE %s) AND (LOWER(msi.title) LIKE %s OR LOWER(msi.content) LIKE %s) ORDER BY (CASE WHEN ua.package_id > 0 THEN 0 ELSE 1 END), msi.id DESC LIMIT 100
2026-04-13 20:03:29,241 | INFO | ai-websocket | Params: ['%job%', '%waiter%', '%waiter%', '%jobs%', '%jobs%']
2026-04-13 20:03:31,126 | INFO | ai-websocket | [DB RAW COUNT]: 100 results found in database
2026-04-13 20:03:31,126 | INFO | ai-websocket | --- RAW RESULTS BEFORE SORTING ---
2026-04-13 20:03:31,126 | INFO | ai-websocket | Row 1: Food & Beverage Attendant - Internship | Paid: False | PkgID: None
2026-04-13 20:03:31,126 | INFO | ai-websocket | Row 2: Food & Beverage Service Associate | Paid: False | PkgID: None
2026-04-13 20:03:31,126 | INFO | ai-websocket | Row 3: F&B and Event Service Expert - Food & Beverage Attendant | Paid: False | PkgID: None
2026-04-13 20:03:31,126 | INFO | ai-websocket | Row 4: F&B and Event Service Expert - Bartender | Paid: False | PkgID: None
2026-04-13 20:03:31,126 | INFO | ai-websocket | Row 5: F&B Support Expert | Paid: False | PkgID: None
2026-04-13 20:03:31,126 | INFO | ai-websocket | --- RESULTS AFTER PRIORITY SORTING ---
2026-04-13 20:03:31,126 | INFO | ai-websocket | Sorted 1: Food & Beverage Attendant - Internship | Paid: False
2026-04-13 20:03:31,126 | INFO | ai-websocket | Sorted 2: Food & Beverage Service Associate | Paid: False
2026-04-13 20:03:31,126 | INFO | ai-websocket | Sorted 3: F&B and Event Service Expert - Food & Beverage Attendant | Paid: False
2026-04-13 20:03:31,132 | INFO | ai-websocket | Sorted 4: F&B and Event Service Expert - Bartender | Paid: False
2026-04-13 20:03:31,132 | INFO | ai-websocket | Sorted 5: F&B Support Expert | Paid: False
2026-04-13 20:03:31,132 | INFO | ai-websocket | [SEARCH RESULT]: Successfully returning 6 results from DB
2026-04-13 20:07:20,900 | DEBUG | ai-websocket | [WS RECEIVED] Raw Data: {'query': 'jobs for Assistant waiter', 'user_id': 402981, 'org_id': 1, 'location': ''}
2026-04-13 20:07:20,904 | INFO | ai-websocket | [QUERY] User:402981 Org:1 : jobs for Assistant waiter
2026-04-13 20:07:22,930 | DEBUG | ai-websocket | [CONVERSATION] ID: 476
2026-04-13 20:07:27,816 | INFO | ai-websocket | Intent detected: {'intent': 'JOB', 'type': 'job', 'keywords': 'assistant waiter jobs', 'location': '', 'rephrased_query': 'assistant waiter jobs'}
2026-04-13 20:07:27,816 | DEBUG | ai-websocket | [INTENT] {'intent': 'JOB', 'type': 'job', 'keywords': 'assistant waiter jobs', 'location': '', 'rephrased_query': 'assistant waiter jobs'}
2026-04-13 20:07:27,816 | DEBUG | ai-websocket | [BASE QUERY] assistant waiter jobs
2026-04-13 20:07:31,149 | INFO | ai-websocket | [FOLLOWUP DETECT] {'is_followup': False, 'type': 'switch'}
2026-04-13 20:07:31,151 | INFO | ai-websocket | [FINAL QUERY] assistant waiter jobs
2026-04-13 20:07:31,152 | INFO | ai-websocket | [INTENT TYPE] job | Location: 
2026-04-13 20:07:31,469 | INFO | ai-websocket | [SEARCH STAGE]: Trying Full Phrase Match for 'assistant waiter jobs'
2026-04-13 20:07:31,469 | INFO | ai-websocket | --- STARTING DB EXECUTION ---
2026-04-13 20:07:31,469 | INFO | ai-websocket | SQL: 
            SELECT msi.title, msi.content, msi.category_text, msi.location_text, msi.slug, ua.package_id
            FROM master_search_mastersearchindex msi
            LEFT JOIN user_accounts ua ON msi.user_name = ua.username
            WHERE msi.is_live = TRUE
             AND LOWER(msi.category_text) LIKE %s
                AND (LOWER(msi.title) LIKE %s OR LOWER(msi.content) LIKE %s)
                ORDER BY 
                    (CASE WHEN ua.package_id > 0 THEN 0 ELSE 1 END),
                    CASE 
                        WHEN LOWER(msi.title) = %s THEN 0
                        WHEN LOWER(msi.title) LIKE %s THEN 1
                        ELSE 2
                    END,
                    msi.id DESC
                LIMIT 100
                
2026-04-13 20:07:31,471 | INFO | ai-websocket | Params: ['%job%', '%assistant waiter jobs%', '%assistant waiter jobs%', 'assistant waiter jobs', '%assistant waiter jobs%']
2026-04-13 20:07:32,283 | INFO | ai-websocket | [DB RAW COUNT]: 0 results found in database
2026-04-13 20:07:32,283 | INFO | ai-websocket | [SEARCH STAGE]: Full phrase failed. Trying AND condition for words: ['assistant', 'waiter', 'jobs']
2026-04-13 20:07:32,283 | INFO | ai-websocket | --- STARTING DB EXECUTION ---
2026-04-13 20:07:32,283 | INFO | ai-websocket | SQL: 
            SELECT msi.title, msi.content, msi.category_text, msi.location_text, msi.slug, ua.package_id
            FROM master_search_mastersearchindex msi
            LEFT JOIN user_accounts ua ON msi.user_name = ua.username
            WHERE msi.is_live = TRUE
             AND LOWER(msi.category_text) LIKE %s AND (LOWER(msi.title) LIKE %s OR LOWER(msi.content) LIKE %s) AND (LOWER(msi.title) LIKE %s OR LOWER(msi.content) LIKE %s) AND (LOWER(msi.title) LIKE %s OR LOWER(msi.content) LIKE %s) ORDER BY (CASE WHEN ua.package_id > 0 THEN 0 ELSE 1 END), msi.id DESC LIMIT 100
2026-04-13 20:07:32,283 | INFO | ai-websocket | Params: ['%job%', '%assistant%', '%assistant%', '%waiter%', '%waiter%', '%jobs%', '%jobs%']
2026-04-13 20:07:32,751 | INFO | ai-websocket | [DB RAW COUNT]: 1 results found in database
2026-04-13 20:07:32,751 | INFO | ai-websocket | --- RAW RESULTS BEFORE SORTING ---
2026-04-13 20:07:32,751 | INFO | ai-websocket | Row 1: Breakfast Server Assistant | Paid: False | PkgID: None
2026-04-13 20:07:32,751 | INFO | ai-websocket | --- RESULTS AFTER PRIORITY SORTING ---
2026-04-13 20:07:32,755 | INFO | ai-websocket | Sorted 1: Breakfast Server Assistant | Paid: False
2026-04-13 20:07:32,755 | INFO | ai-websocket | [SEARCH RESULT]: Successfully returning 1 results from DB
2026-04-13 20:11:27,335 | DEBUG | ai-websocket | [WS RECEIVED] Raw Data: {'query': 'waiter jobs in riyadh', 'user_id': 402981, 'org_id': 1, 'conversation_id': None}
2026-04-13 20:11:27,335 | INFO | ai-websocket | [QUERY] User:402981 Org:1 : waiter jobs in riyadh
2026-04-13 20:11:28,463 | DEBUG | ai-websocket | [CONVERSATION] ID: 477
2026-04-13 20:11:32,100 | INFO | ai-websocket | Intent detected: {'intent': 'JOB', 'type': 'job', 'keywords': 'waiter jobs riyadh', 'location': 'riyadh', 'rephrased_query': 'waiter jobs in riyadh'}
2026-04-13 20:11:32,101 | DEBUG | ai-websocket | [INTENT] {'intent': 'JOB', 'type': 'job', 'keywords': 'waiter jobs riyadh', 'location': 'riyadh', 'rephrased_query': 'waiter jobs in riyadh'}
2026-04-13 20:11:32,101 | DEBUG | ai-websocket | [BASE QUERY] waiter jobs riyadh
2026-04-13 20:11:35,431 | INFO | ai-websocket | [FOLLOWUP DETECT] {'is_followup': False, 'type': 'switch'}
2026-04-13 20:11:35,431 | INFO | ai-websocket | [FINAL QUERY] waiter jobs riyadh riyadh
2026-04-13 20:11:35,431 | INFO | ai-websocket | [INTENT TYPE] job | Location: riyadh
2026-04-13 20:11:35,839 | INFO | ai-websocket | [SEARCH STAGE]: Trying Full Phrase Match for 'waiter jobs'
2026-04-13 20:11:35,839 | INFO | ai-websocket | --- STARTING DB EXECUTION ---
2026-04-13 20:11:35,843 | INFO | ai-websocket | SQL: 
            SELECT msi.title, msi.content, msi.category_text, msi.location_text, msi.slug, ua.package_id
            FROM master_search_mastersearchindex msi
            LEFT JOIN user_accounts ua ON msi.user_name = ua.username
            WHERE msi.is_live = TRUE
             AND LOWER(msi.category_text) LIKE %s AND LOWER(msi.location_text) LIKE %s
                AND (LOWER(msi.title) LIKE %s OR LOWER(msi.content) LIKE %s)
                ORDER BY 
                    (CASE WHEN ua.package_id > 0 THEN 0 ELSE 1 END),
                    CASE 
                        WHEN LOWER(msi.title) = %s THEN 0
                        WHEN LOWER(msi.title) LIKE %s THEN 1
                        ELSE 2
                    END,
                    msi.id DESC
                LIMIT 100
                
2026-04-13 20:11:35,846 | INFO | ai-websocket | Params: ['%job%', '%riyadh%', '%waiter jobs%', '%waiter jobs%', 'waiter jobs', '%waiter jobs%']
2026-04-13 20:11:37,402 | INFO | ai-websocket | [DB RAW COUNT]: 0 results found in database
2026-04-13 20:11:37,402 | INFO | ai-websocket | [SEARCH STAGE]: Full phrase failed. Trying AND condition for words: ['waiter', 'jobs']
2026-04-13 20:11:37,402 | INFO | ai-websocket | --- STARTING DB EXECUTION ---
2026-04-13 20:11:37,402 | INFO | ai-websocket | SQL: 
            SELECT msi.title, msi.content, msi.category_text, msi.location_text, msi.slug, ua.package_id
            FROM master_search_mastersearchindex msi
            LEFT JOIN user_accounts ua ON msi.user_name = ua.username
            WHERE msi.is_live = TRUE
             AND LOWER(msi.category_text) LIKE %s AND LOWER(msi.location_text) LIKE %s AND (LOWER(msi.title) LIKE %s OR LOWER(msi.content) LIKE %s) AND (LOWER(msi.title) LIKE %s OR LOWER(msi.content) LIKE %s) ORDER BY (CASE WHEN ua.package_id > 0 THEN 0 ELSE 1 END), msi.id DESC LIMIT 100
2026-04-13 20:11:37,402 | INFO | ai-websocket | Params: ['%job%', '%riyadh%', '%waiter%', '%waiter%', '%jobs%', '%jobs%']
2026-04-13 20:11:38,006 | INFO | ai-websocket | [DB RAW COUNT]: 0 results found in database
2026-04-13 20:11:38,006 | INFO | ai-websocket | [SEARCH STAGE]: AND match failed. Trying OR condition for words: ['waiter', 'jobs']
2026-04-13 20:11:38,006 | INFO | ai-websocket | --- STARTING DB EXECUTION ---
2026-04-13 20:11:38,006 | INFO | ai-websocket | SQL: 
            SELECT msi.title, msi.content, msi.category_text, msi.location_text, msi.slug, ua.package_id
            FROM master_search_mastersearchindex msi
            LEFT JOIN user_accounts ua ON msi.user_name = ua.username
            WHERE msi.is_live = TRUE
             AND LOWER(msi.category_text) LIKE %s AND LOWER(msi.location_text) LIKE %s AND ((LOWER(msi.title) LIKE %s OR LOWER(msi.content) LIKE %s) OR (LOWER(msi.title) LIKE %s OR LOWER(msi.content) LIKE %s)) ORDER BY (CASE WHEN ua.package_id > 0 THEN 0 ELSE 1 END), msi.id DESC LIMIT 100
2026-04-13 20:11:38,008 | INFO | ai-websocket | Params: ['%job%', '%riyadh%', '%waiter%', '%waiter%', '%jobs%', '%jobs%']
2026-04-13 20:11:38,481 | INFO | ai-websocket | [DB RAW COUNT]: 2 results found in database
2026-04-13 20:11:38,483 | INFO | ai-websocket | --- RAW RESULTS BEFORE SORTING ---
2026-04-13 20:11:38,483 | INFO | ai-websocket | Row 1: Assistant waiter | Paid: True | PkgID: 8
2026-04-13 20:11:38,483 | INFO | ai-websocket | Row 2: Concierge | Paid: False | PkgID: None
2026-04-13 20:11:38,483 | INFO | ai-websocket | --- RESULTS AFTER PRIORITY SORTING ---
2026-04-13 20:11:38,485 | INFO | ai-websocket | Sorted 1: Assistant waiter | Paid: True
2026-04-13 20:11:38,485 | INFO | ai-websocket | Sorted 2: Concierge | Paid: False
2026-04-13 20:11:38,485 | INFO | ai-websocket | [SEARCH RESULT]: Successfully returning 2 results from DB
2026-04-13 20:57:46,769 | WARNING | ai-websocket | [WS DISCONNECTED]
2026-04-13 21:06:26,435 | INFO | ai-websocket | [WS CONNECT] Origin: None
2026-04-13 21:06:34,291 | DEBUG | ai-websocket | [WS RECEIVED] Raw Data: {'query': 'waiter jobs', 'user_id': 402981, 'org_id': 1, 'conversation_id': None}
2026-04-13 21:06:34,291 | INFO | ai-websocket | [QUERY] User:402981 Org:1 : waiter jobs
2026-04-13 21:06:34,360 | ERROR | ai-websocket | [DB ERROR create_conversation] server closed the connection unexpectedly
	This probably means the server terminated abnormally
	before or while processing the request.
server closed the connection unexpectedly
	This probably means the server terminated abnormally
	before or while processing the request.
Traceback (most recent call last):
  File "E:\hospitality\hozpitality-ai\ai_server_2.py", line 615, in create_conversation
    cur.execute("""
psycopg2.OperationalError: server closed the connection unexpectedly
	This probably means the server terminated abnormally
	before or while processing the request.
server closed the connection unexpectedly
	This probably means the server terminated abnormally
	before or while processing the request.

2026-04-13 21:06:34,384 | DEBUG | ai-websocket | [CONVERSATION] ID: None
2026-04-13 21:06:43,168 | INFO | ai-websocket | Intent detected: {'intent': 'JOB', 'type': 'professional', 'keywords': 'waiter', 'location': '', 'rephrased_query': 'waiter jobs'}
2026-04-13 21:06:43,170 | DEBUG | ai-websocket | [INTENT] {'intent': 'JOB', 'type': 'professional', 'keywords': 'waiter', 'location': '', 'rephrased_query': 'waiter jobs'}
2026-04-13 21:06:43,170 | DEBUG | ai-websocket | [BASE QUERY] waiter
2026-04-13 21:07:01,545 | INFO | ai-websocket | [FOLLOWUP DETECT] {'is_followup': False, 'type': 'switch'}
2026-04-13 21:07:01,545 | INFO | ai-websocket | [FINAL QUERY] waiter
2026-04-13 21:07:01,545 | INFO | ai-websocket | [INTENT TYPE] professional | Location: 
2026-04-13 21:07:01,925 | INFO | ai-websocket | [SEARCH STAGE]: Trying Full Phrase Match for 'waiter'
2026-04-13 21:07:01,925 | INFO | ai-websocket | --- STARTING DB EXECUTION ---
2026-04-13 21:07:01,925 | INFO | ai-websocket | SQL: 
            SELECT msi.title, msi.content, msi.category_text, msi.location_text, msi.slug, ua.package_id
            FROM master_search_mastersearchindex msi
            LEFT JOIN user_accounts ua ON msi.user_name = ua.username
            WHERE msi.is_live = TRUE
             AND LOWER(msi.category_text) LIKE %s
                AND (LOWER(msi.title) LIKE %s OR LOWER(msi.content) LIKE %s)
                ORDER BY 
                    (CASE WHEN ua.package_id > 0 THEN 0 ELSE 1 END),
                    CASE 
                        WHEN LOWER(msi.title) = %s THEN 0
                        WHEN LOWER(msi.title) LIKE %s THEN 1
                        ELSE 2
                    END,
                    msi.id DESC
                LIMIT 100
                
2026-04-13 21:07:01,932 | INFO | ai-websocket | Params: ['%professional%', '%waiter%', '%waiter%', 'waiter', '%waiter%']
2026-04-13 21:07:01,938 | ERROR | ai-websocket | DB ERROR in search_db: server closed the connection unexpectedly
	This probably means the server terminated abnormally
	before or while processing the request.
server closed the connection unexpectedly
	This probably means the server terminated abnormally
	before or while processing the request.
Traceback (most recent call last):
  File "E:\hospitality\hozpitality-ai\ai_server_2.py", line 983, in search_db
    results = execute(sql, params)
              ^^^^^^^^^^^^^^^^^^^^
  File "E:\hospitality\hozpitality-ai\ai_server_2.py", line 901, in execute
    cur.execute(sql, params)
psycopg2.OperationalError: server closed the connection unexpectedly
	This probably means the server terminated abnormally
	before or while processing the request.
server closed the connection unexpectedly
	This probably means the server terminated abnormally
	before or while processing the request.

2026-04-13 21:07:08,680 | WARNING | ai-websocket | [NO RESULTS] - switching to AI mode
2026-04-13 21:10:08,404 | INFO | ai-websocket | [WS CONNECT] Origin: None
2026-04-13 21:10:10,163 | DEBUG | ai-websocket | [WS RECEIVED] Raw Data: {'query': 'waiter jobs', 'user_id': 402981, 'org_id': 1, 'conversation_id': None}
2026-04-13 21:10:10,166 | INFO | ai-websocket | [QUERY] User:402981 Org:1 : waiter jobs
2026-04-13 21:10:11,488 | DEBUG | ai-websocket | [CONVERSATION] ID: 479
2026-04-13 21:10:14,865 | INFO | ai-websocket | Intent detected: {'intent': 'JOB', 'type': 'professional', 'keywords': 'waiter', 'location': '', 'rephrased_query': 'waiter jobs'}
2026-04-13 21:10:14,874 | DEBUG | ai-websocket | [INTENT] {'intent': 'JOB', 'type': 'professional', 'keywords': 'waiter', 'location': '', 'rephrased_query': 'waiter jobs'}
2026-04-13 21:10:14,874 | DEBUG | ai-websocket | [BASE QUERY] waiter
2026-04-13 21:10:19,227 | INFO | ai-websocket | [FOLLOWUP DETECT] {'is_followup': False, 'type': 'switch'}
2026-04-13 21:10:19,227 | INFO | ai-websocket | [FINAL QUERY] waiter
2026-04-13 21:10:19,227 | INFO | ai-websocket | [INTENT TYPE] professional | Location: 
2026-04-13 21:10:19,548 | INFO | ai-websocket | [SEARCH STAGE]: Trying Full Phrase Match for 'waiter'
2026-04-13 21:10:19,548 | INFO | ai-websocket | --- STARTING DB EXECUTION ---
2026-04-13 21:10:19,548 | INFO | ai-websocket | SQL: 
            SELECT msi.title, msi.content, msi.category_text, msi.location_text, msi.slug, ua.package_id
            FROM master_search_mastersearchindex msi
            LEFT JOIN user_accounts ua ON msi.user_name = ua.username
            WHERE msi.is_live = TRUE
             AND LOWER(msi.category_text) LIKE %s
                AND (LOWER(msi.title) LIKE %s OR LOWER(msi.content) LIKE %s)
                ORDER BY 
                    (CASE WHEN ua.package_id > 0 THEN 0 ELSE 1 END),
                    CASE 
                        WHEN LOWER(msi.title) = %s THEN 0
                        WHEN LOWER(msi.title) LIKE %s THEN 1
                        ELSE 2
                    END,
                    msi.id DESC
                LIMIT 100
                
2026-04-13 21:10:19,550 | INFO | ai-websocket | Params: ['%professional%', '%waiter%', '%waiter%', 'waiter', '%waiter%']
2026-04-13 21:10:24,443 | INFO | ai-websocket | [DB RAW COUNT]: 100 results found in database
2026-04-13 21:10:24,446 | INFO | ai-websocket | --- RAW RESULTS BEFORE SORTING ---
2026-04-13 21:10:24,446 | INFO | ai-websocket | Row 1: Farah Shwaiter | Paid: False | PkgID: None
2026-04-13 21:10:24,446 | INFO | ai-websocket | Row 2: Hussain waiter | Paid: False | PkgID: None
2026-04-13 21:10:24,446 | INFO | ai-websocket | Row 3: Geny Gaudia | Paid: False | PkgID: None
2026-04-13 21:10:24,446 | INFO | ai-websocket | Row 4: PrincessMargarette Tancio | Paid: False | PkgID: None
2026-04-13 21:10:24,446 | INFO | ai-websocket | Row 5: Ashish Dwivedi | Paid: False | PkgID: None
2026-04-13 21:10:24,446 | INFO | ai-websocket | --- RESULTS AFTER PRIORITY SORTING ---
2026-04-13 21:10:24,446 | INFO | ai-websocket | Sorted 1: Farah Shwaiter | Paid: False
2026-04-13 21:10:24,446 | INFO | ai-websocket | Sorted 2: Hussain waiter | Paid: False
2026-04-13 21:10:24,446 | INFO | ai-websocket | Sorted 3: Geny Gaudia | Paid: False
2026-04-13 21:10:24,446 | INFO | ai-websocket | Sorted 4: PrincessMargarette Tancio | Paid: False
2026-04-13 21:10:24,451 | INFO | ai-websocket | Sorted 5: Ashish Dwivedi | Paid: False
2026-04-13 21:10:24,451 | INFO | ai-websocket | [SEARCH RESULT]: Successfully returning 6 results from DB
2026-04-13 21:15:30,018 | WARNING | ai-websocket | [WS DISCONNECTED]
2026-04-13 21:17:51,940 | INFO | ai-websocket | [WS CONNECT] Origin: None
2026-04-13 21:17:56,794 | DEBUG | ai-websocket | [WS RECEIVED] Raw Data: {'query': 'waiter jobs', 'user_id': 402981, 'org_id': 1, 'conversation_id': None}
2026-04-13 21:17:56,794 | INFO | ai-websocket | [QUERY] User:402981 Org:1 : waiter jobs
2026-04-13 21:17:57,890 | DEBUG | ai-websocket | [CONVERSATION] ID: 480
2026-04-13 21:18:21,800 | INFO | ai-websocket | Intent detected: {'intent': 'JOB', 'type': 'job', 'keywords': 'waiter', 'location': '', 'rephrased_query': 'waiter jobs'}
2026-04-13 21:18:21,802 | DEBUG | ai-websocket | [INTENT] {'intent': 'JOB', 'type': 'job', 'keywords': 'waiter', 'location': '', 'rephrased_query': 'waiter jobs'}
2026-04-13 21:18:21,802 | DEBUG | ai-websocket | [BASE QUERY] waiter
2026-04-13 21:18:30,330 | INFO | ai-websocket | [FOLLOWUP DETECT] {'is_followup': False, 'type': 'new topic'}
2026-04-13 21:18:30,330 | INFO | ai-websocket | [FINAL QUERY] waiter
2026-04-13 21:18:30,330 | INFO | ai-websocket | [INTENT TYPE] job | Location: 
2026-04-13 21:18:30,651 | INFO | ai-websocket | [SEARCH STAGE]: Trying Full Phrase Match for 'waiter'
2026-04-13 21:18:30,651 | INFO | ai-websocket | --- STARTING DB EXECUTION ---
2026-04-13 21:18:30,653 | INFO | ai-websocket | SQL: 
            SELECT msi.title, msi.content, msi.category_text, msi.location_text, msi.slug, ua.package_id
            FROM master_search_mastersearchindex msi
            LEFT JOIN user_accounts ua ON msi.user_name = ua.username
            WHERE msi.is_live = TRUE
             AND LOWER(msi.category_text) LIKE %s
                AND (LOWER(msi.title) LIKE %s OR LOWER(msi.content) LIKE %s)
                ORDER BY 
                    (CASE WHEN ua.package_id > 0 THEN 0 ELSE 1 END),
                    CASE 
                        WHEN LOWER(msi.title) = %s THEN 0
                        WHEN LOWER(msi.title) LIKE %s THEN 1
                        ELSE 2
                    END,
                    msi.id DESC
                LIMIT 100
                
2026-04-13 21:18:30,653 | INFO | ai-websocket | Params: ['%job%', '%waiter%', '%waiter%', 'waiter', '%waiter%']
2026-04-13 21:18:36,173 | INFO | ai-websocket | [DB RAW COUNT]: 100 results found in database
2026-04-13 21:18:36,173 | INFO | ai-websocket | --- RAW RESULTS BEFORE SORTING ---
2026-04-13 21:18:36,176 | INFO | ai-websocket | Row 1: Assistant waiter | Paid: True | PkgID: 8
2026-04-13 21:18:36,176 | INFO | ai-websocket | Row 2: Waiter | Paid: False | PkgID: None
2026-04-13 21:18:36,176 | INFO | ai-websocket | Row 3: Waiter | Paid: False | PkgID: None
2026-04-13 21:18:36,176 | INFO | ai-websocket | Row 4: Waiter | Paid: False | PkgID: None
2026-04-13 21:18:36,176 | INFO | ai-websocket | Row 5: Gallery Host / F&B Assistant (Waiter/Waitress/Bartender)- Hyatt House Kuala Lumpur Mont Kiara | Paid: False | PkgID: None
2026-04-13 21:18:36,176 | INFO | ai-websocket | --- RESULTS AFTER PRIORITY SORTING ---
2026-04-13 21:18:36,176 | INFO | ai-websocket | Sorted 1: Assistant waiter | Paid: True
2026-04-13 21:18:36,179 | INFO | ai-websocket | Sorted 2: Waiter | Paid: False
2026-04-13 21:18:36,179 | INFO | ai-websocket | Sorted 3: Waiter | Paid: False
2026-04-13 21:18:36,181 | INFO | ai-websocket | Sorted 4: Waiter | Paid: False
2026-04-13 21:18:36,183 | INFO | ai-websocket | Sorted 5: Gallery Host / F&B Assistant (Waiter/Waitress/Bartender)- Hyatt House Kuala Lumpur Mont Kiara | Paid: False
2026-04-13 21:18:36,183 | INFO | ai-websocket | [SEARCH RESULT]: Successfully returning 6 results from DB
2026-04-13 22:17:56,374 | DEBUG | ai-websocket | [WS RECEIVED] Raw Data: {'query': 'furniture suppliers', 'user_id': 402981, 'org_id': 1, 'conversation_id': None}
2026-04-13 22:17:56,421 | INFO | ai-websocket | [QUERY] User:402981 Org:1 : furniture suppliers
2026-04-13 22:17:56,558 | ERROR | ai-websocket | [DB ERROR create_conversation] server closed the connection unexpectedly
	This probably means the server terminated abnormally
	before or while processing the request.
server closed the connection unexpectedly
	This probably means the server terminated abnormally
	before or while processing the request.
Traceback (most recent call last):
  File "E:\hospitality\hozpitality-ai\ai_server_2.py", line 620, in create_conversation
    cur.execute("""
psycopg2.OperationalError: server closed the connection unexpectedly
	This probably means the server terminated abnormally
	before or while processing the request.
server closed the connection unexpectedly
	This probably means the server terminated abnormally
	before or while processing the request.

2026-04-13 22:17:56,603 | DEBUG | ai-websocket | [CONVERSATION] ID: None
2026-04-13 22:18:02,384 | INFO | ai-websocket | Intent detected: {'intent': 'SEARCH', 'type': 'supplier', 'keywords': 'furniture suppliers', 'location': '', 'rephrased_query': 'furniture suppliers'}
2026-04-13 22:18:02,384 | DEBUG | ai-websocket | [INTENT] {'intent': 'SEARCH', 'type': 'supplier', 'keywords': 'furniture suppliers', 'location': '', 'rephrased_query': 'furniture suppliers'}
2026-04-13 22:18:02,387 | DEBUG | ai-websocket | [BASE QUERY] furniture suppliers
2026-04-13 22:18:06,933 | INFO | ai-websocket | [FOLLOWUP DETECT] {'is_followup': False, 'type': 'switch'}
2026-04-13 22:18:06,933 | INFO | ai-websocket | [FINAL QUERY] furniture suppliers
2026-04-13 22:18:06,933 | INFO | ai-websocket | [INTENT TYPE] supplier | Location: 
2026-04-13 22:18:07,458 | INFO | ai-websocket | [SEARCH STAGE]: Trying Full Phrase Match for 'furniture suppliers'
2026-04-13 22:18:07,464 | INFO | ai-websocket | --- STARTING DB EXECUTION ---
2026-04-13 22:18:07,464 | INFO | ai-websocket | SQL: 
            SELECT msi.title, msi.content, msi.category_text, msi.location_text, msi.slug, ua.package_id
            FROM master_search_mastersearchindex msi
            LEFT JOIN user_accounts ua ON msi.user_name = ua.username
            WHERE msi.is_live = TRUE
             AND LOWER(msi.category_text) LIKE %s
                AND (LOWER(msi.title) LIKE %s OR LOWER(msi.content) LIKE %s)
                ORDER BY 
                    (CASE WHEN ua.package_id > 0 THEN 0 ELSE 1 END),
                    CASE 
                        WHEN LOWER(msi.title) = %s THEN 0
                        WHEN LOWER(msi.title) LIKE %s THEN 1
                        ELSE 2
                    END,
                    msi.id DESC
                LIMIT 100
                
2026-04-13 22:18:07,464 | INFO | ai-websocket | Params: ['%supplier%', '%furniture suppliers%', '%furniture suppliers%', 'furniture suppliers', '%furniture suppliers%']
2026-04-13 22:18:07,479 | ERROR | ai-websocket | DB ERROR in search_db: server closed the connection unexpectedly
	This probably means the server terminated abnormally
	before or while processing the request.
server closed the connection unexpectedly
	This probably means the server terminated abnormally
	before or while processing the request.
Traceback (most recent call last):
  File "E:\hospitality\hozpitality-ai\ai_server_2.py", line 988, in search_db
    results = execute(sql, params)
              ^^^^^^^^^^^^^^^^^^^^
  File "E:\hospitality\hozpitality-ai\ai_server_2.py", line 906, in execute
    cur.execute(sql, params)
psycopg2.OperationalError: server closed the connection unexpectedly
	This probably means the server terminated abnormally
	before or while processing the request.
server closed the connection unexpectedly
	This probably means the server terminated abnormally
	before or while processing the request.

2026-04-13 22:18:20,028 | WARNING | ai-websocket | [WS DISCONNECTED]
2026-04-13 22:33:03,235 | INFO | ai-websocket | [WS CONNECT] Origin: None
2026-04-13 22:33:06,219 | DEBUG | ai-websocket | [WS RECEIVED] Raw Data: {'query': 'furniture suppliers', 'user_id': 402981, 'org_id': 1, 'conversation_id': None}
2026-04-13 22:33:06,220 | INFO | ai-websocket | [QUERY] User:402981 Org:1 : furniture suppliers
2026-04-13 22:33:07,737 | DEBUG | ai-websocket | [CONVERSATION] ID: 486
2026-04-13 22:33:11,928 | INFO | ai-websocket | Intent detected: {'intent': 'search', 'type': 'supplier', 'keywords': 'furniture suppliers', 'location': '', 'rephrased_query': 'furniture suppliers'}
2026-04-13 22:33:11,929 | DEBUG | ai-websocket | [INTENT] {'intent': 'search', 'type': 'supplier', 'keywords': 'furniture suppliers', 'location': '', 'rephrased_query': 'furniture suppliers'}
2026-04-13 22:33:11,929 | DEBUG | ai-websocket | [BASE QUERY] furniture suppliers
2026-04-13 22:33:16,636 | INFO | ai-websocket | [FOLLOWUP DETECT] {'is_followup': False, 'type': 'switch'}
2026-04-13 22:33:16,637 | INFO | ai-websocket | [FINAL QUERY] furniture suppliers
2026-04-13 22:33:16,637 | INFO | ai-websocket | [INTENT TYPE] supplier | Location: 
2026-04-13 22:33:17,037 | INFO | ai-websocket | [SEARCH STAGE]: Trying Full Phrase Match for 'furniture suppliers'
2026-04-13 22:33:17,038 | INFO | ai-websocket | --- STARTING DB EXECUTION ---
2026-04-13 22:33:17,038 | INFO | ai-websocket | SQL: 
            SELECT msi.title, msi.content, msi.category_text, msi.location_text, msi.slug, ua.package_id
            FROM master_search_mastersearchindex msi
            LEFT JOIN user_accounts ua ON msi.user_name = ua.username
            WHERE msi.is_live = TRUE
             AND LOWER(msi.category_text) LIKE %s
                AND (LOWER(msi.title) LIKE %s OR LOWER(msi.content) LIKE %s)
                ORDER BY 
                    (CASE WHEN ua.package_id > 0 THEN 0 ELSE 1 END),
                    CASE 
                        WHEN LOWER(msi.title) = %s THEN 0
                        WHEN LOWER(msi.title) LIKE %s THEN 1
                        ELSE 2
                    END,
                    msi.id DESC
                LIMIT 100
                
2026-04-13 22:33:17,039 | INFO | ai-websocket | Params: ['%supplier%', '%furniture suppliers%', '%furniture suppliers%', 'furniture suppliers', '%furniture suppliers%']
2026-04-13 22:33:19,134 | INFO | ai-websocket | [DB RAW COUNT]: 0 results found in database
2026-04-13 22:33:19,135 | INFO | ai-websocket | [SEARCH STAGE]: Full phrase failed. Trying AND condition for words: ['furniture', 'suppliers']
2026-04-13 22:33:19,135 | INFO | ai-websocket | --- STARTING DB EXECUTION ---
2026-04-13 22:33:19,136 | INFO | ai-websocket | SQL: 
            SELECT msi.title, msi.content, msi.category_text, msi.location_text, msi.slug, ua.package_id
            FROM master_search_mastersearchindex msi
            LEFT JOIN user_accounts ua ON msi.user_name = ua.username
            WHERE msi.is_live = TRUE
             AND LOWER(msi.category_text) LIKE %s AND (LOWER(msi.title) LIKE %s OR LOWER(msi.content) LIKE %s) AND (LOWER(msi.title) LIKE %s OR LOWER(msi.content) LIKE %s) ORDER BY (CASE WHEN ua.package_id > 0 THEN 0 ELSE 1 END), msi.id DESC LIMIT 100
2026-04-13 22:33:19,136 | INFO | ai-websocket | Params: ['%supplier%', '%furniture%', '%furniture%', '%suppliers%', '%suppliers%']
2026-04-13 22:33:19,607 | INFO | ai-websocket | [DB RAW COUNT]: 3 results found in database
2026-04-13 22:33:19,609 | INFO | ai-websocket | --- RAW RESULTS BEFORE SORTING ---
2026-04-13 22:33:19,609 | INFO | ai-websocket | Row 1: Rent4Event | Paid: False | PkgID: None
2026-04-13 22:33:19,611 | INFO | ai-websocket | Row 2: Wood Couture | Paid: False | PkgID: None
2026-04-13 22:33:19,611 | INFO | ai-websocket | Row 3: Heal Middle East | Paid: False | PkgID: None
2026-04-13 22:33:19,612 | INFO | ai-websocket | --- RESULTS AFTER PRIORITY SORTING ---
2026-04-13 22:33:19,612 | INFO | ai-websocket | Sorted 1: Rent4Event | Paid: False
2026-04-13 22:33:19,612 | INFO | ai-websocket | Sorted 2: Wood Couture | Paid: False
2026-04-13 22:33:19,612 | INFO | ai-websocket | Sorted 3: Heal Middle East | Paid: False
2026-04-13 22:33:19,612 | INFO | ai-websocket | [SEARCH RESULT]: Successfully returning 3 results from DB
2026-04-13 22:34:54,689 | WARNING | ai-websocket | [WS DISCONNECTED]
2026-04-13 22:36:58,690 | INFO | ai-websocket | [WS CONNECT] Origin: None
2026-04-13 22:37:01,387 | DEBUG | ai-websocket | [WS RECEIVED] Raw Data: {'query': 'furniture suppliers', 'user_id': 402981, 'org_id': 1, 'conversation_id': None}
2026-04-13 22:37:01,388 | INFO | ai-websocket | [QUERY] User:402981 Org:1 : furniture suppliers
2026-04-13 22:37:03,193 | DEBUG | ai-websocket | [CONVERSATION] ID: 487
2026-04-13 22:37:06,787 | INFO | ai-websocket | Intent detected: {'intent': 'supplier', 'type': 'supplier', 'keywords': 'furniture', 'location': '', 'rephrased_query': 'furniture suppliers'}
2026-04-13 22:37:06,787 | DEBUG | ai-websocket | [INTENT] {'intent': 'supplier', 'type': 'supplier', 'keywords': 'furniture', 'location': '', 'rephrased_query': 'furniture suppliers'}
2026-04-13 22:37:06,788 | DEBUG | ai-websocket | [BASE QUERY] furniture
2026-04-13 22:37:11,109 | INFO | ai-websocket | [FOLLOWUP DETECT] {'is_followup': False, 'type': 'switch'}
2026-04-13 22:37:11,110 | INFO | ai-websocket | [FINAL QUERY] furniture
2026-04-13 22:37:11,110 | INFO | ai-websocket | [INTENT TYPE] supplier | Location: 
2026-04-13 22:37:11,545 | INFO | ai-websocket | [SEARCH STAGE]: Trying Full Phrase Match for 'furniture'
2026-04-13 22:37:11,546 | INFO | ai-websocket | --- STARTING DB EXECUTION ---
2026-04-13 22:37:11,546 | INFO | ai-websocket | SQL: 
            SELECT msi.title, msi.content, msi.category_text, msi.location_text, msi.slug, ua.package_id
            FROM master_search_mastersearchindex msi
            LEFT JOIN user_accounts ua ON msi.user_name = ua.username
            WHERE msi.is_live = TRUE
             AND LOWER(msi.category_text) LIKE %s
                AND (LOWER(msi.title) LIKE %s OR LOWER(msi.content) LIKE %s)
                ORDER BY 
                    (CASE WHEN ua.package_id > 0 THEN 0 ELSE 1 END),
                    CASE 
                        WHEN LOWER(msi.title) = %s THEN 0
                        WHEN LOWER(msi.title) LIKE %s THEN 1
                        ELSE 2
                    END,
                    msi.id DESC
                LIMIT 100
                
2026-04-13 22:37:11,547 | INFO | ai-websocket | Params: ['%supplier%', '%furniture%', '%furniture%', 'furniture', '%furniture%']
2026-04-13 22:37:15,056 | INFO | ai-websocket | [DB RAW COUNT]: 98 results found in database
2026-04-13 22:37:15,057 | INFO | ai-websocket | --- RAW RESULTS BEFORE SORTING ---
2026-04-13 22:37:15,057 | INFO | ai-websocket | Row 1: Royse Furniture Ind LLC | Paid: False | PkgID: None
2026-04-13 22:37:15,057 | INFO | ai-websocket | Row 2: Teak House Furniture | Paid: False | PkgID: None
2026-04-13 22:37:15,057 | INFO | ai-websocket | Row 3: SAN Furniture | Paid: False | PkgID: None
2026-04-13 22:37:15,058 | INFO | ai-websocket | Row 4: Fatima Furniture | Paid: False | PkgID: None
2026-04-13 22:37:15,058 | INFO | ai-websocket | Row 5: FurnitureRoots | Paid: False | PkgID: None
2026-04-13 22:37:15,058 | INFO | ai-websocket | --- RESULTS AFTER PRIORITY SORTING ---
2026-04-13 22:37:15,058 | INFO | ai-websocket | Sorted 1: Royse Furniture Ind LLC | Paid: False
2026-04-13 22:37:15,058 | INFO | ai-websocket | Sorted 2: Teak House Furniture | Paid: False
2026-04-13 22:37:15,058 | INFO | ai-websocket | Sorted 3: SAN Furniture | Paid: False
2026-04-13 22:37:15,060 | INFO | ai-websocket | Sorted 4: Fatima Furniture | Paid: False
2026-04-13 22:37:15,060 | INFO | ai-websocket | Sorted 5: FurnitureRoots | Paid: False
2026-04-13 22:37:15,060 | INFO | ai-websocket | [SEARCH RESULT]: Successfully returning 6 results from DB
2026-04-13 23:08:00,223 | DEBUG | ai-websocket | [WS RECEIVED] Raw Data: {'query': 'kitchen suppliers', 'user_id': 402981, 'org_id': 1, 'conversation_id': None}
2026-04-13 23:08:00,237 | INFO | ai-websocket | [QUERY] User:402981 Org:1 : kitchen suppliers
2026-04-13 23:08:00,285 | ERROR | ai-websocket | [DB ERROR create_conversation] server closed the connection unexpectedly
	This probably means the server terminated abnormally
	before or while processing the request.
server closed the connection unexpectedly
	This probably means the server terminated abnormally
	before or while processing the request.
Traceback (most recent call last):
  File "E:\hospitality\hozpitality-ai\ai_server_2.py", line 622, in create_conversation
    cur.execute("""
psycopg2.OperationalError: server closed the connection unexpectedly
	This probably means the server terminated abnormally
	before or while processing the request.
server closed the connection unexpectedly
	This probably means the server terminated abnormally
	before or while processing the request.

2026-04-13 23:08:00,310 | DEBUG | ai-websocket | [CONVERSATION] ID: None
2026-04-13 23:08:54,542 | ERROR | ai-websocket | Intent error: ('Connection aborted.', ConnectionResetError(10054, 'An existing connection was forcibly closed by the remote host', None, 10054, None))
2026-04-13 23:08:54,542 | DEBUG | ai-websocket | [INTENT] {'intent': 'SEARCH', 'type': 'article', 'keywords': 'kitchen suppliers', 'location': '', 'rephrased_query': 'kitchen suppliers'}
2026-04-13 23:08:54,543 | DEBUG | ai-websocket | [BASE QUERY] kitchen suppliers
2026-04-13 23:09:53,747 | ERROR | ai-websocket | [WS ERROR] Error 10061 connecting to localhost:6379. No connection could be made because the target machine actively refused it.
Traceback (most recent call last):
  File "E:\hospitality\hozpitality-ai\venv\Lib\site-packages\redis\connection.py", line 997, in connect_check_health
    sock = self.retry.call_with_retry(
           ^^^^^^^^^^^^^^^^^^^^^^^^^^^
  File "E:\hospitality\hozpitality-ai\venv\Lib\site-packages\redis\retry.py", line 120, in call_with_retry
    return do()
           ^^^^
  File "E:\hospitality\hozpitality-ai\venv\Lib\site-packages\redis\connection.py", line 1515, in _connect
    raise err
  File "E:\hospitality\hozpitality-ai\venv\Lib\site-packages\redis\connection.py", line 1499, in _connect
    sock.connect(socket_address)
ConnectionRefusedError: [WinError 10061] No connection could be made because the target machine actively refused it

During handling of the above exception, another exception occurred:

Traceback (most recent call last):
  File "E:\hospitality\hozpitality-ai\ai_server_2.py", line 1519, in websocket_chat
    last_ai = get_last_ai_response(user_id, org_id)
              ^^^^^^^^^^^^^^^^^^^^^^^^^^^^^^^^^^^^^
  File "E:\hospitality\hozpitality-ai\ai_server_2.py", line 338, in get_last_ai_response
    return redis_client.get(key) or ""
           ^^^^^^^^^^^^^^^^^^^^^
  File "E:\hospitality\hozpitality-ai\venv\Lib\site-packages\redis\commands\core.py", line 2073, in get
    return self.execute_command("GET", name, keys=[name])
           ^^^^^^^^^^^^^^^^^^^^^^^^^^^^^^^^^^^^^^^^^^^^^^
  File "E:\hospitality\hozpitality-ai\venv\Lib\site-packages\redis\client.py", line 716, in execute_command
    return self._execute_command(*args, **options)
           ^^^^^^^^^^^^^^^^^^^^^^^^^^^^^^^^^^^^^^^
  File "E:\hospitality\hozpitality-ai\venv\Lib\site-packages\redis\client.py", line 736, in _execute_command
    result = conn.retry.call_with_retry(
             ^^^^^^^^^^^^^^^^^^^^^^^^^^^
  File "E:\hospitality\hozpitality-ai\venv\Lib\site-packages\redis\retry.py", line 132, in call_with_retry
    raise error
  File "E:\hospitality\hozpitality-ai\venv\Lib\site-packages\redis\retry.py", line 120, in call_with_retry
    return do()
           ^^^^
  File "E:\hospitality\hozpitality-ai\venv\Lib\site-packages\redis\client.py", line 737, in <lambda>
    lambda: self._send_command_parse_response(
            ^^^^^^^^^^^^^^^^^^^^^^^^^^^^^^^^^^
  File "E:\hospitality\hozpitality-ai\venv\Lib\site-packages\redis\client.py", line 681, in _send_command_parse_response
    conn.send_command(*args, **options)
  File "E:\hospitality\hozpitality-ai\venv\Lib\site-packages\redis\connection.py", line 1305, in send_command
    self.send_packed_command(
  File "E:\hospitality\hozpitality-ai\venv\Lib\site-packages\redis\connection.py", line 1275, in send_packed_command
    self.connect_check_health(check_health=False)
  File "E:\hospitality\hozpitality-ai\venv\Lib\site-packages\redis\connection.py", line 1025, in connect_check_health
    raise e
redis.exceptions.ConnectionError: Error 10061 connecting to localhost:6379. No connection could be made because the target machine actively refused it.
2026-04-13 23:11:26,026 | INFO | ai-websocket | [WS CONNECT] Origin: None
2026-04-13 23:11:27,909 | DEBUG | ai-websocket | [WS RECEIVED] Raw Data: {'query': 'kitchen suppliers', 'user_id': 402981, 'org_id': 1, 'conversation_id': None}
2026-04-13 23:11:27,909 | INFO | ai-websocket | [QUERY] User:402981 Org:1 : kitchen suppliers
2026-04-13 23:11:28,974 | DEBUG | ai-websocket | [CONVERSATION] ID: 490
2026-04-13 23:11:33,003 | INFO | ai-websocket | Intent detected: {'intent': 'FAQ', 'type': 'supplier', 'keywords': 'kitchen', 'location': '', 'rephrased_query': 'kitchen suppliers'}
2026-04-13 23:11:33,003 | DEBUG | ai-websocket | [INTENT] {'intent': 'FAQ', 'type': 'supplier', 'keywords': 'kitchen', 'location': '', 'rephrased_query': 'kitchen suppliers'}
2026-04-13 23:11:33,003 | DEBUG | ai-websocket | [BASE QUERY] kitchen
2026-04-13 23:11:37,926 | INFO | ai-websocket | [FOLLOWUP DETECT] {'is_followup': False, 'type': 'switch'}
2026-04-13 23:11:37,926 | INFO | ai-websocket | [FINAL QUERY] kitchen
2026-04-13 23:11:37,927 | INFO | ai-websocket | [INTENT TYPE] supplier | Location: 
2026-04-13 23:11:38,885 | INFO | ai-websocket | [SEARCH STAGE]: Trying Full Phrase Match for 'kitchen'
2026-04-13 23:11:38,885 | INFO | ai-websocket | --- STARTING DB EXECUTION ---
2026-04-13 23:11:38,886 | INFO | ai-websocket | SQL: 
            SELECT msi.title, msi.content, msi.category_text, msi.location_text, msi.slug, ua.package_id
            FROM master_search_mastersearchindex msi
            LEFT JOIN user_accounts ua ON msi.user_name = ua.username
            WHERE msi.is_live = TRUE
             AND LOWER(msi.category_text) LIKE %s
                AND (LOWER(msi.title) LIKE %s OR LOWER(msi.content) LIKE %s)
                ORDER BY 
                    (CASE WHEN ua.package_id > 0 THEN 0 ELSE 1 END),
                    CASE 
                        WHEN LOWER(msi.title) = %s THEN 0
                        WHEN LOWER(msi.title) LIKE %s THEN 1
                        ELSE 2
                    END,
                    msi.id DESC
                LIMIT 100
                
2026-04-13 23:11:38,887 | INFO | ai-websocket | Params: ['%supplier%', '%kitchen%', '%kitchen%', 'kitchen', '%kitchen%']
2026-04-13 23:11:41,949 | INFO | ai-websocket | [DB RAW COUNT]: 100 results found in database
2026-04-13 23:11:41,950 | INFO | ai-websocket | --- RAW RESULTS BEFORE SORTING ---
2026-04-13 23:11:41,951 | INFO | ai-websocket | Row 1: AL TAREEQ KITCHEN | Paid: False | PkgID: None
2026-04-13 23:11:41,951 | INFO | ai-websocket | Row 2: Sawas Kitchen Equipment Co | Paid: False | PkgID: None
2026-04-13 23:11:41,951 | INFO | ai-websocket | Row 3: BARI KITCHEN EQUIPMENT TR LLC | Paid: False | PkgID: None
2026-04-13 23:11:41,951 | INFO | ai-websocket | Row 4: AL TAREEEQ KITCHEN EQUIP TR LLC | Paid: False | PkgID: None
2026-04-13 23:11:41,952 | INFO | ai-websocket | Row 5: AL KHALEEJ AL ARABI KITCHEN EQUIP.IND L.L.C | Paid: False | PkgID: None
2026-04-13 23:11:41,952 | INFO | ai-websocket | --- RESULTS AFTER PRIORITY SORTING ---
2026-04-13 23:11:41,952 | INFO | ai-websocket | Sorted 1: AL TAREEQ KITCHEN | Paid: False
2026-04-13 23:11:41,952 | INFO | ai-websocket | Sorted 2: Sawas Kitchen Equipment Co | Paid: False
2026-04-13 23:11:41,953 | INFO | ai-websocket | Sorted 3: BARI KITCHEN EQUIPMENT TR LLC | Paid: False
2026-04-13 23:11:41,953 | INFO | ai-websocket | Sorted 4: AL TAREEEQ KITCHEN EQUIP TR LLC | Paid: False
2026-04-13 23:11:41,954 | INFO | ai-websocket | Sorted 5: AL KHALEEJ AL ARABI KITCHEN EQUIP.IND L.L.C | Paid: False
2026-04-13 23:11:41,954 | INFO | ai-websocket | [SEARCH RESULT]: Successfully returning 6 results from DB
2026-04-13 23:13:15,869 | DEBUG | ai-websocket | [WS RECEIVED] Raw Data: {'query': 'tell me about raj bhatt', 'user_id': 402981, 'org_id': 1, 'conversation_id': None}
2026-04-13 23:13:15,870 | INFO | ai-websocket | [QUERY] User:402981 Org:1 : tell me about raj bhatt
2026-04-13 23:13:16,922 | DEBUG | ai-websocket | [CONVERSATION] ID: 491
2026-04-13 23:13:20,198 | INFO | ai-websocket | Intent detected: {'intent': 'professional', 'type': 'professional', 'keywords': 'raj bhatt', 'location': '', 'rephrased_query': 'tell me about raj bhatt'}
2026-04-13 23:13:20,198 | DEBUG | ai-websocket | [INTENT] {'intent': 'professional', 'type': 'professional', 'keywords': 'raj bhatt', 'location': '', 'rephrased_query': 'tell me about raj bhatt'}
2026-04-13 23:13:20,198 | DEBUG | ai-websocket | [BASE QUERY] raj bhatt
2026-04-13 23:13:23,519 | INFO | ai-websocket | [FOLLOWUP DETECT] {'is_followup': False, 'response': "I'm sorry, but it seems like you might be asking about a different individual named Raj Bhatt. Could you clarify if this is the case?", 'type': 'switch'}
2026-04-13 23:13:23,519 | INFO | ai-websocket | [FINAL QUERY] raj bhatt
2026-04-13 23:13:23,519 | INFO | ai-websocket | [INTENT TYPE] professional | Location: 
2026-04-13 23:13:23,948 | INFO | ai-websocket | [SEARCH STAGE]: Trying Full Phrase Match for 'raj bhatt'
2026-04-13 23:13:23,949 | INFO | ai-websocket | --- STARTING DB EXECUTION ---
2026-04-13 23:13:23,950 | INFO | ai-websocket | SQL: 
            SELECT msi.title, msi.content, msi.category_text, msi.location_text, msi.slug, ua.package_id
            FROM master_search_mastersearchindex msi
            LEFT JOIN user_accounts ua ON msi.user_name = ua.username
            WHERE msi.is_live = TRUE
             AND LOWER(msi.category_text) LIKE %s
                AND (LOWER(msi.title) LIKE %s OR LOWER(msi.content) LIKE %s)
                ORDER BY 
                    (CASE WHEN ua.package_id > 0 THEN 0 ELSE 1 END),
                    CASE 
                        WHEN LOWER(msi.title) = %s THEN 0
                        WHEN LOWER(msi.title) LIKE %s THEN 1
                        ELSE 2
                    END,
                    msi.id DESC
                LIMIT 100
                
2026-04-13 23:13:23,952 | INFO | ai-websocket | Params: ['%professional%', '%raj bhatt%', '%raj bhatt%', 'raj bhatt', '%raj bhatt%']
2026-04-13 23:13:27,423 | INFO | ai-websocket | [DB RAW COUNT]: 17 results found in database
2026-04-13 23:13:27,423 | INFO | ai-websocket | --- RAW RESULTS BEFORE SORTING ---
2026-04-13 23:13:27,424 | INFO | ai-websocket | Row 1: Raj Bhatt | Paid: True | PkgID: 5
2026-04-13 23:13:27,424 | INFO | ai-websocket | Row 2: DeepakRaj Bhatt | Paid: False | PkgID: None
2026-04-13 23:13:27,425 | INFO | ai-websocket | Row 3: Dheeraj Bhatt | Paid: False | PkgID: None
2026-04-13 23:13:27,425 | INFO | ai-websocket | Row 4: Deepak Raj Bhatt | Paid: False | PkgID: None
2026-04-13 23:13:27,425 | INFO | ai-websocket | Row 5: Neeraj Bhatt | Paid: False | PkgID: None
2026-04-13 23:13:27,426 | INFO | ai-websocket | --- RESULTS AFTER PRIORITY SORTING ---
2026-04-13 23:13:27,426 | INFO | ai-websocket | Sorted 1: Raj Bhatt | Paid: True
2026-04-13 23:13:27,426 | INFO | ai-websocket | Sorted 2: DeepakRaj Bhatt | Paid: False
2026-04-13 23:13:27,427 | INFO | ai-websocket | Sorted 3: Dheeraj Bhatt | Paid: False
2026-04-13 23:13:27,427 | INFO | ai-websocket | Sorted 4: Deepak Raj Bhatt | Paid: False
2026-04-13 23:13:27,427 | INFO | ai-websocket | Sorted 5: Neeraj Bhatt | Paid: False
2026-04-13 23:13:27,428 | INFO | ai-websocket | [SEARCH RESULT]: Successfully returning 6 results from DB
2026-04-13 23:23:33,434 | WARNING | ai-websocket | [WS DISCONNECTED]
2026-04-13 23:25:07,872 | INFO | ai-websocket | [WS CONNECT] Origin: None
2026-04-13 23:25:15,663 | DEBUG | ai-websocket | [WS RECEIVED] Raw Data: {'query': 'tell me about raj bhatt', 'user_id': 402981, 'org_id': 1, 'conversation_id': None}
2026-04-13 23:25:15,664 | INFO | ai-websocket | [QUERY] User:402981 Org:1 : tell me about raj bhatt
2026-04-13 23:25:16,815 | DEBUG | ai-websocket | [CONVERSATION] ID: 492
2026-04-13 23:25:38,942 | INFO | ai-websocket | Intent detected: {'intent': 'professional', 'type': 'professional', 'keywords': 'raj bhatt', 'location': '', 'rephrased_query': 'tell me about raj bhatt'}
2026-04-13 23:25:38,943 | DEBUG | ai-websocket | [INTENT] {'intent': 'professional', 'type': 'professional', 'keywords': 'raj bhatt', 'location': '', 'rephrased_query': 'tell me about raj bhatt'}
2026-04-13 23:25:38,944 | DEBUG | ai-websocket | [BASE QUERY] raj bhatt
2026-04-13 23:25:46,705 | INFO | ai-websocket | [FOLLOWUP DETECT] {'is_followup': False, 'type': 'switch'}
2026-04-13 23:25:46,705 | INFO | ai-websocket | [FINAL QUERY] raj bhatt
2026-04-13 23:25:46,706 | INFO | ai-websocket | [INTENT TYPE] professional | Location: 
2026-04-13 23:25:47,025 | INFO | ai-websocket | [SEARCH STAGE]: Trying Full Phrase Match for 'raj bhatt'
2026-04-13 23:25:47,026 | INFO | ai-websocket | --- STARTING DB EXECUTION ---
2026-04-13 23:25:47,026 | INFO | ai-websocket | SQL: 
            SELECT msi.title, msi.content, msi.category_text, msi.location_text, msi.slug, ua.package_id
            FROM master_search_mastersearchindex msi
            LEFT JOIN user_accounts ua ON msi.user_name = ua.username
            WHERE msi.is_live = TRUE
             AND LOWER(msi.category_text) LIKE %s
                AND (LOWER(msi.title) LIKE %s OR LOWER(msi.content) LIKE %s)
                ORDER BY 
                    (CASE WHEN ua.package_id > 0 THEN 0 ELSE 1 END),
                    CASE 
                        WHEN LOWER(msi.title) = %s THEN 0
                        WHEN LOWER(msi.title) LIKE %s THEN 1
                        ELSE 2
                    END,
                    msi.id DESC
                LIMIT 100
                
2026-04-13 23:25:47,026 | INFO | ai-websocket | Params: ['%professional%', '%raj bhatt%', '%raj bhatt%', 'raj bhatt', '%raj bhatt%']
2026-04-13 23:25:50,004 | INFO | ai-websocket | [DB RAW COUNT]: 17 results found in database
2026-04-13 23:25:50,004 | INFO | ai-websocket | --- RAW RESULTS BEFORE SORTING ---
2026-04-13 23:25:50,005 | INFO | ai-websocket | Row 1: Raj Bhatt | Paid: True | PkgID: 5
2026-04-13 23:25:50,005 | INFO | ai-websocket | Row 2: DeepakRaj Bhatt | Paid: False | PkgID: None
2026-04-13 23:25:50,005 | INFO | ai-websocket | Row 3: Dheeraj Bhatt | Paid: False | PkgID: None
2026-04-13 23:25:50,006 | INFO | ai-websocket | Row 4: Deepak Raj Bhatt | Paid: False | PkgID: None
2026-04-13 23:25:50,006 | INFO | ai-websocket | Row 5: Neeraj Bhatt | Paid: False | PkgID: None
2026-04-13 23:25:50,006 | INFO | ai-websocket | --- RESULTS AFTER PRIORITY SORTING ---
2026-04-13 23:25:50,007 | INFO | ai-websocket | Sorted 1: Raj Bhatt | Paid: True
2026-04-13 23:25:50,008 | INFO | ai-websocket | Sorted 2: DeepakRaj Bhatt | Paid: False
2026-04-13 23:25:50,008 | INFO | ai-websocket | Sorted 3: Dheeraj Bhatt | Paid: False
2026-04-13 23:25:50,008 | INFO | ai-websocket | Sorted 4: Deepak Raj Bhatt | Paid: False
2026-04-13 23:25:50,008 | INFO | ai-websocket | Sorted 5: Neeraj Bhatt | Paid: False
2026-04-13 23:25:50,008 | INFO | ai-websocket | [SEARCH RESULT]: Successfully returning 6 results from DB
2026-04-13 23:27:27,240 | DEBUG | ai-websocket | [WS RECEIVED] Raw Data: {'query': 'tell me about Megha arora', 'user_id': 402981, 'org_id': 1, 'conversation_id': None}
2026-04-13 23:27:27,241 | INFO | ai-websocket | [QUERY] User:402981 Org:1 : tell me about Megha arora
2026-04-13 23:27:28,494 | DEBUG | ai-websocket | [CONVERSATION] ID: 493
2026-04-13 23:27:33,555 | INFO | ai-websocket | Intent detected: {'intent': 'PROFESSIONAL', 'type': 'professional', 'keywords': 'megha arora', 'location': '', 'rephrased_query': 'tell me about megha arora'}
2026-04-13 23:27:33,555 | DEBUG | ai-websocket | [INTENT] {'intent': 'PROFESSIONAL', 'type': 'professional', 'keywords': 'megha arora', 'location': '', 'rephrased_query': 'tell me about megha arora'}
2026-04-13 23:27:33,556 | DEBUG | ai-websocket | [BASE QUERY] megha arora
2026-04-13 23:27:41,518 | INFO | ai-websocket | [FOLLOWUP DETECT] {'is_followup': False, 'type': 'switch'}
2026-04-13 23:27:41,518 | INFO | ai-websocket | [FINAL QUERY] megha arora
2026-04-13 23:27:41,518 | INFO | ai-websocket | [INTENT TYPE] professional | Location: 
2026-04-13 23:27:41,834 | INFO | ai-websocket | [SEARCH STAGE]: Trying Full Phrase Match for 'megha arora'
2026-04-13 23:27:41,834 | INFO | ai-websocket | --- STARTING DB EXECUTION ---
2026-04-13 23:27:41,834 | INFO | ai-websocket | SQL: 
            SELECT msi.title, msi.content, msi.category_text, msi.location_text, msi.slug, ua.package_id
            FROM master_search_mastersearchindex msi
            LEFT JOIN user_accounts ua ON msi.user_name = ua.username
            WHERE msi.is_live = TRUE
             AND LOWER(msi.category_text) LIKE %s
                AND (LOWER(msi.title) LIKE %s OR LOWER(msi.content) LIKE %s)
                ORDER BY 
                    (CASE WHEN ua.package_id > 0 THEN 0 ELSE 1 END),
                    CASE 
                        WHEN LOWER(msi.title) = %s THEN 0
                        WHEN LOWER(msi.title) LIKE %s THEN 1
                        ELSE 2
                    END,
                    msi.id DESC
                LIMIT 100
                
2026-04-13 23:27:41,838 | INFO | ai-websocket | Params: ['%professional%', '%megha arora%', '%megha arora%', 'megha arora', '%megha arora%']
2026-04-13 23:27:44,854 | INFO | ai-websocket | [DB RAW COUNT]: 2 results found in database
2026-04-13 23:27:44,854 | INFO | ai-websocket | --- RAW RESULTS BEFORE SORTING ---
2026-04-13 23:27:44,863 | INFO | ai-websocket | Row 1: Megha Arora | Paid: True | PkgID: 5
2026-04-13 23:27:44,863 | INFO | ai-websocket | Row 2: megha arora | Paid: False | PkgID: None
2026-04-13 23:27:44,863 | INFO | ai-websocket | --- RESULTS AFTER PRIORITY SORTING ---
2026-04-13 23:27:44,865 | INFO | ai-websocket | Sorted 1: Megha Arora | Paid: True
2026-04-13 23:27:44,865 | INFO | ai-websocket | Sorted 2: megha arora | Paid: False
2026-04-13 23:27:44,865 | INFO | ai-websocket | [SEARCH RESULT]: Successfully returning 2 results from DB
2026-04-13 23:29:44,871 | DEBUG | ai-websocket | [WS RECEIVED] Raw Data: {'query': 'chef jobs', 'user_id': 402981, 'org_id': 1, 'conversation_id': None}
2026-04-13 23:29:44,872 | INFO | ai-websocket | [QUERY] User:402981 Org:1 : chef jobs
2026-04-13 23:29:45,837 | DEBUG | ai-websocket | [CONVERSATION] ID: 494
2026-04-13 23:29:52,564 | INFO | ai-websocket | Intent detected: {'intent': 'SEARCH', 'type': 'professional', 'keywords': 'find chef', 'location': '', 'rephrased_query': 'find chef jobs'}
2026-04-13 23:29:52,564 | DEBUG | ai-websocket | [INTENT] {'intent': 'SEARCH', 'type': 'professional', 'keywords': 'find chef', 'location': '', 'rephrased_query': 'find chef jobs'}
2026-04-13 23:29:52,565 | DEBUG | ai-websocket | [BASE QUERY] find chef
2026-04-13 23:29:55,922 | INFO | ai-websocket | [FOLLOWUP DETECT] {'is_followup': False, 'type': 'switch'}
2026-04-13 23:29:55,922 | INFO | ai-websocket | [FINAL QUERY] find chef
2026-04-13 23:29:55,922 | INFO | ai-websocket | [INTENT TYPE] professional | Location: 
2026-04-13 23:29:56,241 | INFO | ai-websocket | [SEARCH STAGE]: Trying Full Phrase Match for 'find chef'
2026-04-13 23:29:56,242 | INFO | ai-websocket | --- STARTING DB EXECUTION ---
2026-04-13 23:29:56,242 | INFO | ai-websocket | SQL: 
            SELECT msi.title, msi.content, msi.category_text, msi.location_text, msi.slug, ua.package_id
            FROM master_search_mastersearchindex msi
            LEFT JOIN user_accounts ua ON msi.user_name = ua.username
            WHERE msi.is_live = TRUE
             AND LOWER(msi.category_text) LIKE %s
                AND (LOWER(msi.title) LIKE %s OR LOWER(msi.content) LIKE %s)
                ORDER BY 
                    (CASE WHEN ua.package_id > 0 THEN 0 ELSE 1 END),
                    CASE 
                        WHEN LOWER(msi.title) = %s THEN 0
                        WHEN LOWER(msi.title) LIKE %s THEN 1
                        ELSE 2
                    END,
                    msi.id DESC
                LIMIT 100
                
2026-04-13 23:29:56,242 | INFO | ai-websocket | Params: ['%professional%', '%find chef%', '%find chef%', 'find chef', '%find chef%']
2026-04-13 23:29:59,215 | INFO | ai-websocket | [DB RAW COUNT]: 0 results found in database
2026-04-13 23:29:59,215 | INFO | ai-websocket | [SEARCH STAGE]: Full phrase failed. Trying AND condition for words: ['find', 'chef']
2026-04-13 23:29:59,216 | INFO | ai-websocket | --- STARTING DB EXECUTION ---
2026-04-13 23:29:59,216 | INFO | ai-websocket | SQL: 
            SELECT msi.title, msi.content, msi.category_text, msi.location_text, msi.slug, ua.package_id
            FROM master_search_mastersearchindex msi
            LEFT JOIN user_accounts ua ON msi.user_name = ua.username
            WHERE msi.is_live = TRUE
             AND LOWER(msi.category_text) LIKE %s AND (LOWER(msi.title) LIKE %s OR LOWER(msi.content) LIKE %s) AND (LOWER(msi.title) LIKE %s OR LOWER(msi.content) LIKE %s) ORDER BY (CASE WHEN ua.package_id > 0 THEN 0 ELSE 1 END), msi.id DESC LIMIT 100
2026-04-13 23:29:59,217 | INFO | ai-websocket | Params: ['%professional%', '%find%', '%find%', '%chef%', '%chef%']
2026-04-13 23:30:01,942 | INFO | ai-websocket | [DB RAW COUNT]: 80 results found in database
2026-04-13 23:30:01,942 | INFO | ai-websocket | --- RAW RESULTS BEFORE SORTING ---
2026-04-13 23:30:01,942 | INFO | ai-websocket | Row 1: Narmesh Narayanan | Paid: False | PkgID: None
2026-04-13 23:30:01,943 | INFO | ai-websocket | Row 2: Camilo Diaz | Paid: False | PkgID: None
2026-04-13 23:30:01,943 | INFO | ai-websocket | Row 3: venkatesh subbaraj | Paid: False | PkgID: None
2026-04-13 23:30:01,943 | INFO | ai-websocket | Row 4: Sk Monirul | Paid: False | PkgID: None
2026-04-13 23:30:01,945 | INFO | ai-websocket | Row 5: sefraoui mjido | Paid: False | PkgID: None
2026-04-13 23:30:01,945 | INFO | ai-websocket | --- RESULTS AFTER PRIORITY SORTING ---
2026-04-13 23:30:01,945 | INFO | ai-websocket | Sorted 1: Narmesh Narayanan | Paid: False
2026-04-13 23:30:01,946 | INFO | ai-websocket | Sorted 2: Camilo Diaz | Paid: False
2026-04-13 23:30:01,946 | INFO | ai-websocket | Sorted 3: venkatesh subbaraj | Paid: False
2026-04-13 23:30:01,946 | INFO | ai-websocket | Sorted 4: Sk Monirul | Paid: False
2026-04-13 23:30:01,947 | INFO | ai-websocket | Sorted 5: sefraoui mjido | Paid: False
2026-04-13 23:30:01,947 | INFO | ai-websocket | [SEARCH RESULT]: Successfully returning 6 results from DB
2026-04-13 23:41:40,946 | DEBUG | ai-websocket | [WS RECEIVED] Raw Data: {'query': 'how to get nominate', 'user_id': 402981, 'org_id': 1, 'conversation_id': None}
2026-04-13 23:41:40,951 | INFO | ai-websocket | [QUERY] User:402981 Org:1 : how to get nominate
2026-04-13 23:41:41,939 | DEBUG | ai-websocket | [CONVERSATION] ID: 495
2026-04-13 23:42:22,484 | INFO | ai-websocket | Intent detected: {'intent': 'FAQ', 'type': 'faq', 'keywords': 'get nominate', 'location': '', 'rephrased_query': 'how to get nominate'}
2026-04-13 23:42:22,490 | DEBUG | ai-websocket | [INTENT] {'intent': 'FAQ', 'type': 'faq', 'keywords': 'get nominate', 'location': '', 'rephrased_query': 'how to get nominate'}
2026-04-13 23:42:22,490 | DEBUG | ai-websocket | [BASE QUERY] get nominate
2026-04-13 23:42:43,318 | INFO | ai-websocket | [FOLLOWUP DETECT] {'is_followup': False, 'type': 'new topic'}
2026-04-13 23:42:43,320 | INFO | ai-websocket | [FINAL QUERY] get nominate
2026-04-13 23:42:43,320 | INFO | ai-websocket | [INTENT TYPE] faq | Location: 
2026-04-13 23:42:43,650 | INFO | ai-websocket | [SEARCH STAGE]: Trying Full Phrase Match for 'get nominate'
2026-04-13 23:42:43,652 | INFO | ai-websocket | --- STARTING DB EXECUTION ---
2026-04-13 23:42:43,652 | INFO | ai-websocket | SQL: 
            SELECT msi.title, msi.content, msi.category_text, msi.location_text, msi.slug, ua.package_id
            FROM master_search_mastersearchindex msi
            LEFT JOIN user_accounts ua ON msi.user_name = ua.username
            WHERE msi.is_live = TRUE
             AND LOWER(msi.category_text) LIKE %s
                AND (LOWER(msi.title) LIKE %s OR LOWER(msi.content) LIKE %s)
                ORDER BY 
                    (CASE WHEN ua.package_id > 0 THEN 0 ELSE 1 END),
                    CASE 
                        WHEN LOWER(msi.title) = %s THEN 0
                        WHEN LOWER(msi.title) LIKE %s THEN 1
                        ELSE 2
                    END,
                    msi.id DESC
                LIMIT 100
                
2026-04-13 23:42:43,654 | INFO | ai-websocket | Params: ['%faq%', '%get nominate%', '%get nominate%', 'get nominate', '%get nominate%']
2026-04-13 23:42:46,062 | INFO | ai-websocket | [DB RAW COUNT]: 0 results found in database
2026-04-13 23:42:46,062 | INFO | ai-websocket | [SEARCH STAGE]: Full phrase failed. Trying AND condition for words: ['get', 'nominate']
2026-04-13 23:42:46,062 | INFO | ai-websocket | --- STARTING DB EXECUTION ---
2026-04-13 23:42:46,062 | INFO | ai-websocket | SQL: 
            SELECT msi.title, msi.content, msi.category_text, msi.location_text, msi.slug, ua.package_id
            FROM master_search_mastersearchindex msi
            LEFT JOIN user_accounts ua ON msi.user_name = ua.username
            WHERE msi.is_live = TRUE
             AND LOWER(msi.category_text) LIKE %s AND (LOWER(msi.title) LIKE %s OR LOWER(msi.content) LIKE %s) AND (LOWER(msi.title) LIKE %s OR LOWER(msi.content) LIKE %s) ORDER BY (CASE WHEN ua.package_id > 0 THEN 0 ELSE 1 END), msi.id DESC LIMIT 100
2026-04-13 23:42:46,062 | INFO | ai-websocket | Params: ['%faq%', '%get%', '%get%', '%nominate%', '%nominate%']
2026-04-13 23:42:46,592 | INFO | ai-websocket | [DB RAW COUNT]: 0 results found in database
2026-04-13 23:42:46,592 | INFO | ai-websocket | [SEARCH STAGE]: AND match failed. Trying OR condition for words: ['get', 'nominate']
2026-04-13 23:42:46,596 | INFO | ai-websocket | --- STARTING DB EXECUTION ---
2026-04-13 23:42:46,598 | INFO | ai-websocket | SQL: 
            SELECT msi.title, msi.content, msi.category_text, msi.location_text, msi.slug, ua.package_id
            FROM master_search_mastersearchindex msi
            LEFT JOIN user_accounts ua ON msi.user_name = ua.username
            WHERE msi.is_live = TRUE
             AND LOWER(msi.category_text) LIKE %s AND ((LOWER(msi.title) LIKE %s OR LOWER(msi.content) LIKE %s) OR (LOWER(msi.title) LIKE %s OR LOWER(msi.content) LIKE %s)) ORDER BY (CASE WHEN ua.package_id > 0 THEN 0 ELSE 1 END), msi.id DESC LIMIT 100
2026-04-13 23:42:46,598 | INFO | ai-websocket | Params: ['%faq%', '%get%', '%get%', '%nominate%', '%nominate%']
2026-04-13 23:42:47,200 | INFO | ai-websocket | [DB RAW COUNT]: 4 results found in database
2026-04-13 23:42:47,200 | INFO | ai-websocket | --- RAW RESULTS BEFORE SORTING ---
2026-04-13 23:42:47,200 | INFO | ai-websocket | Row 1: What support is available if we need help? | Paid: False | PkgID: None
2026-04-13 23:42:47,202 | INFO | ai-websocket | Row 2: How do I set job alerts? | Paid: False | PkgID: None
2026-04-13 23:42:47,202 | INFO | ai-websocket | Row 3: How can I check the status of my applications? | Paid: False | PkgID: None
2026-04-13 23:42:47,202 | INFO | ai-websocket | Row 4: How do I create or update my candidate profile? | Paid: False | PkgID: None
2026-04-13 23:42:47,202 | INFO | ai-websocket | --- RESULTS AFTER PRIORITY SORTING ---
2026-04-13 23:42:47,202 | INFO | ai-websocket | Sorted 1: What support is available if we need help? | Paid: False
2026-04-13 23:42:47,202 | INFO | ai-websocket | Sorted 2: How do I set job alerts? | Paid: False
2026-04-13 23:42:47,204 | INFO | ai-websocket | Sorted 3: How can I check the status of my applications? | Paid: False
2026-04-13 23:42:47,204 | INFO | ai-websocket | Sorted 4: How do I create or update my candidate profile? | Paid: False
2026-04-13 23:42:47,204 | INFO | ai-websocket | [SEARCH RESULT]: Successfully returning 4 results from DB
2026-04-13 23:45:29,379 | DEBUG | ai-websocket | [WS RECEIVED] Raw Data: {'query': 'how to get nominate', 'user_id': 402981, 'org_id': 1, 'conversation_id': None}
2026-04-13 23:45:29,379 | INFO | ai-websocket | [QUERY] User:402981 Org:1 : how to get nominate
2026-04-13 23:45:30,501 | DEBUG | ai-websocket | [CONVERSATION] ID: 496
2026-04-13 23:45:36,198 | INFO | ai-websocket | Intent detected: {'intent': 'FAQ', 'type': 'faq', 'keywords': 'nominate', 'location': '', 'rephrased_query': 'how to get nominate'}
2026-04-13 23:45:36,198 | DEBUG | ai-websocket | [INTENT] {'intent': 'FAQ', 'type': 'faq', 'keywords': 'nominate', 'location': '', 'rephrased_query': 'how to get nominate'}
2026-04-13 23:45:36,198 | DEBUG | ai-websocket | [BASE QUERY] nominate
2026-04-13 23:45:39,637 | INFO | ai-websocket | [FOLLOWUP DETECT] {'is_followup': False, 'type': 'switch'}
2026-04-13 23:45:39,637 | INFO | ai-websocket | [FINAL QUERY] nominate
2026-04-13 23:45:39,637 | INFO | ai-websocket | [INTENT TYPE] faq | Location: 
2026-04-13 23:45:39,964 | INFO | ai-websocket | [SEARCH STAGE]: Trying Full Phrase Match for 'nominate'
2026-04-13 23:45:39,966 | INFO | ai-websocket | --- STARTING DB EXECUTION ---
2026-04-13 23:45:39,966 | INFO | ai-websocket | SQL: 
            SELECT msi.title, msi.content, msi.category_text, msi.location_text, msi.slug, ua.package_id
            FROM master_search_mastersearchindex msi
            LEFT JOIN user_accounts ua ON msi.user_name = ua.username
            WHERE msi.is_live = TRUE
             AND LOWER(msi.category_text) LIKE %s
                AND (LOWER(msi.title) LIKE %s OR LOWER(msi.content) LIKE %s)
                ORDER BY 
                    (CASE WHEN ua.package_id > 0 THEN 0 ELSE 1 END),
                    CASE 
                        WHEN LOWER(msi.title) = %s THEN 0
                        WHEN LOWER(msi.title) LIKE %s THEN 1
                        ELSE 2
                    END,
                    msi.id DESC
                LIMIT 100
                
2026-04-13 23:45:39,966 | INFO | ai-websocket | Params: ['%faq%', '%nominate%', '%nominate%', 'nominate', '%nominate%']
2026-04-13 23:45:40,786 | INFO | ai-websocket | [DB RAW COUNT]: 0 results found in database
2026-04-13 23:45:40,789 | INFO | ai-websocket | [SEARCH STAGE]: Full phrase failed. Trying AND condition for words: ['nominate']
2026-04-13 23:45:40,801 | INFO | ai-websocket | --- STARTING DB EXECUTION ---
2026-04-13 23:45:40,801 | INFO | ai-websocket | SQL: 
            SELECT msi.title, msi.content, msi.category_text, msi.location_text, msi.slug, ua.package_id
            FROM master_search_mastersearchindex msi
            LEFT JOIN user_accounts ua ON msi.user_name = ua.username
            WHERE msi.is_live = TRUE
             AND LOWER(msi.category_text) LIKE %s AND (LOWER(msi.title) LIKE %s OR LOWER(msi.content) LIKE %s) ORDER BY (CASE WHEN ua.package_id > 0 THEN 0 ELSE 1 END), msi.id DESC LIMIT 100
2026-04-13 23:45:40,801 | INFO | ai-websocket | Params: ['%faq%', '%nominate%', '%nominate%']
2026-04-13 23:45:41,296 | INFO | ai-websocket | [DB RAW COUNT]: 0 results found in database
2026-04-13 23:45:41,298 | INFO | ai-websocket | [SEARCH STAGE]: AND match failed. Trying OR condition for words: ['nominate']
2026-04-13 23:45:41,298 | INFO | ai-websocket | --- STARTING DB EXECUTION ---
2026-04-13 23:45:41,298 | INFO | ai-websocket | SQL: 
            SELECT msi.title, msi.content, msi.category_text, msi.location_text, msi.slug, ua.package_id
            FROM master_search_mastersearchindex msi
            LEFT JOIN user_accounts ua ON msi.user_name = ua.username
            WHERE msi.is_live = TRUE
             AND LOWER(msi.category_text) LIKE %s AND ((LOWER(msi.title) LIKE %s OR LOWER(msi.content) LIKE %s)) ORDER BY (CASE WHEN ua.package_id > 0 THEN 0 ELSE 1 END), msi.id DESC LIMIT 100
2026-04-13 23:45:41,298 | INFO | ai-websocket | Params: ['%faq%', '%nominate%', '%nominate%']
2026-04-13 23:45:41,747 | INFO | ai-websocket | [DB RAW COUNT]: 0 results found in database
2026-04-13 23:45:41,750 | WARNING | ai-websocket | [SEARCH RESULT]: No records found in DB for query 'nominate'
2026-04-13 23:45:42,807 | WARNING | ai-websocket | [NO RESULTS] - switching to AI mode
2026-04-13 23:47:15,615 | DEBUG | ai-websocket | [WS RECEIVED] Raw Data: {'query': 'H2b out country job', 'user_id': 402981, 'org_id': 1, 'conversation_id': None}
2026-04-13 23:47:15,615 | INFO | ai-websocket | [QUERY] User:402981 Org:1 : H2b out country job
2026-04-13 23:47:16,888 | DEBUG | ai-websocket | [CONVERSATION] ID: 497
2026-04-13 23:47:19,974 | INFO | ai-websocket | Intent detected: {'intent': 'SEARCH', 'type': 'faq', 'keywords': 'find job los angeles', 'location': 'los angeles', 'rephrased_query': 'h2b out country job'}
2026-04-13 23:47:19,974 | DEBUG | ai-websocket | [INTENT] {'intent': 'SEARCH', 'type': 'faq', 'keywords': 'find job los angeles', 'location': 'los angeles', 'rephrased_query': 'h2b out country job'}
2026-04-13 23:47:19,974 | DEBUG | ai-websocket | [BASE QUERY] find job los angeles
2026-04-13 23:47:24,374 | INFO | ai-websocket | [FOLLOWUP DETECT] {'is_followup': False, 'type': 'switch'}
2026-04-13 23:47:24,374 | INFO | ai-websocket | [FINAL QUERY] find job los angeles los angeles
2026-04-13 23:47:24,374 | INFO | ai-websocket | [INTENT TYPE] faq | Location: los angeles
2026-04-13 23:47:24,726 | INFO | ai-websocket | [SEARCH STAGE]: Trying Full Phrase Match for 'find job los angeles los angeles'
2026-04-13 23:47:24,726 | INFO | ai-websocket | --- STARTING DB EXECUTION ---
2026-04-13 23:47:24,728 | INFO | ai-websocket | SQL: 
            SELECT msi.title, msi.content, msi.category_text, msi.location_text, msi.slug, ua.package_id
            FROM master_search_mastersearchindex msi
            LEFT JOIN user_accounts ua ON msi.user_name = ua.username
            WHERE msi.is_live = TRUE
             AND LOWER(msi.category_text) LIKE %s AND LOWER(msi.location_text) LIKE %s
                AND (LOWER(msi.title) LIKE %s OR LOWER(msi.content) LIKE %s)
                ORDER BY 
                    (CASE WHEN ua.package_id > 0 THEN 0 ELSE 1 END),
                    CASE 
                        WHEN LOWER(msi.title) = %s THEN 0
                        WHEN LOWER(msi.title) LIKE %s THEN 1
                        ELSE 2
                    END,
                    msi.id DESC
                LIMIT 100
                
2026-04-13 23:47:24,728 | INFO | ai-websocket | Params: ['%faq%', '%los angeles%', '%find job los angeles los angeles%', '%find job los angeles los angeles%', 'find job los angeles los angeles', '%find job los angeles los angeles%']
2026-04-13 23:47:25,950 | INFO | ai-websocket | [DB RAW COUNT]: 0 results found in database
2026-04-13 23:47:25,950 | INFO | ai-websocket | [SEARCH STAGE]: Full phrase failed. Trying AND condition for words: ['find', 'job', 'los', 'angeles', 'los', 'angeles']
2026-04-13 23:47:25,950 | INFO | ai-websocket | --- STARTING DB EXECUTION ---
2026-04-13 23:47:25,950 | INFO | ai-websocket | SQL: 
            SELECT msi.title, msi.content, msi.category_text, msi.location_text, msi.slug, ua.package_id
            FROM master_search_mastersearchindex msi
            LEFT JOIN user_accounts ua ON msi.user_name = ua.username
            WHERE msi.is_live = TRUE
             AND LOWER(msi.category_text) LIKE %s AND LOWER(msi.location_text) LIKE %s AND (LOWER(msi.title) LIKE %s OR LOWER(msi.content) LIKE %s) AND (LOWER(msi.title) LIKE %s OR LOWER(msi.content) LIKE %s) AND (LOWER(msi.title) LIKE %s OR LOWER(msi.content) LIKE %s) AND (LOWER(msi.title) LIKE %s OR LOWER(msi.content) LIKE %s) AND (LOWER(msi.title) LIKE %s OR LOWER(msi.content) LIKE %s) AND (LOWER(msi.title) LIKE %s OR LOWER(msi.content) LIKE %s) ORDER BY (CASE WHEN ua.package_id > 0 THEN 0 ELSE 1 END), msi.id DESC LIMIT 100
2026-04-13 23:47:25,950 | INFO | ai-websocket | Params: ['%faq%', '%los angeles%', '%find%', '%find%', '%job%', '%job%', '%los%', '%los%', '%angeles%', '%angeles%', '%los%', '%los%', '%angeles%', '%angeles%']
2026-04-13 23:47:26,480 | INFO | ai-websocket | [DB RAW COUNT]: 0 results found in database
2026-04-13 23:47:26,494 | INFO | ai-websocket | [SEARCH STAGE]: AND match failed. Trying OR condition for words: ['find', 'job', 'los', 'angeles', 'los', 'angeles']
2026-04-13 23:47:26,494 | INFO | ai-websocket | --- STARTING DB EXECUTION ---
2026-04-13 23:47:26,494 | INFO | ai-websocket | SQL: 
            SELECT msi.title, msi.content, msi.category_text, msi.location_text, msi.slug, ua.package_id
            FROM master_search_mastersearchindex msi
            LEFT JOIN user_accounts ua ON msi.user_name = ua.username
            WHERE msi.is_live = TRUE
             AND LOWER(msi.category_text) LIKE %s AND LOWER(msi.location_text) LIKE %s AND ((LOWER(msi.title) LIKE %s OR LOWER(msi.content) LIKE %s) OR (LOWER(msi.title) LIKE %s OR LOWER(msi.content) LIKE %s) OR (LOWER(msi.title) LIKE %s OR LOWER(msi.content) LIKE %s) OR (LOWER(msi.title) LIKE %s OR LOWER(msi.content) LIKE %s) OR (LOWER(msi.title) LIKE %s OR LOWER(msi.content) LIKE %s) OR (LOWER(msi.title) LIKE %s OR LOWER(msi.content) LIKE %s)) ORDER BY (CASE WHEN ua.package_id > 0 THEN 0 ELSE 1 END), msi.id DESC LIMIT 100
2026-04-13 23:47:26,496 | INFO | ai-websocket | Params: ['%faq%', '%los angeles%', '%find%', '%find%', '%job%', '%job%', '%los%', '%los%', '%angeles%', '%angeles%', '%los%', '%los%', '%angeles%', '%angeles%']
2026-04-13 23:47:27,798 | INFO | ai-websocket | [DB RAW COUNT]: 0 results found in database
2026-04-13 23:47:27,798 | WARNING | ai-websocket | [SEARCH RESULT]: No records found in DB for query 'find job los angeles los angeles'
2026-04-13 23:47:28,125 | WARNING | ai-websocket | [NO RESULTS] - switching to AI mode
2026-04-14 01:12:25,143 | DEBUG | ai-websocket | [WS RECEIVED] Raw Data: {'query': 'hotel smarters', 'user_id': 402981, 'org_id': 1, 'conversation_id': None}
2026-04-14 01:12:25,170 | INFO | ai-websocket | [QUERY] User:402981 Org:1 : hotel smarters
2026-04-14 01:12:25,302 | ERROR | ai-websocket | [DB ERROR create_conversation] server closed the connection unexpectedly
	This probably means the server terminated abnormally
	before or while processing the request.
server closed the connection unexpectedly
	This probably means the server terminated abnormally
	before or while processing the request.
Traceback (most recent call last):
  File "E:\hospitality\hozpitality-ai\ai_server_2.py", line 622, in create_conversation
    cur.execute("""
psycopg2.OperationalError: server closed the connection unexpectedly
	This probably means the server terminated abnormally
	before or while processing the request.
server closed the connection unexpectedly
	This probably means the server terminated abnormally
	before or while processing the request.

2026-04-14 01:12:25,355 | DEBUG | ai-websocket | [CONVERSATION] ID: None
2026-04-14 01:12:40,389 | INFO | ai-websocket | Intent detected: {'intent': 'FAQ', 'type': 'professional', 'keywords': 'smarters find', 'location': '', 'rephrased_query': 'hotel smarters'}
2026-04-14 01:12:40,389 | DEBUG | ai-websocket | [INTENT] {'intent': 'FAQ', 'type': 'professional', 'keywords': 'smarters find', 'location': '', 'rephrased_query': 'hotel smarters'}
2026-04-14 01:12:40,391 | DEBUG | ai-websocket | [BASE QUERY] smarters find
2026-04-14 01:12:51,270 | INFO | ai-websocket | [FOLLOWUP DETECT] {'is_followup': False, 'type': 'new topic'}
2026-04-14 01:12:51,270 | INFO | ai-websocket | [FINAL QUERY] smarters find
2026-04-14 01:12:51,270 | INFO | ai-websocket | [INTENT TYPE] professional | Location: 
2026-04-14 01:12:51,679 | INFO | ai-websocket | [SEARCH STAGE]: Trying Full Phrase Match for 'smarters find'
2026-04-14 01:12:51,682 | INFO | ai-websocket | --- STARTING DB EXECUTION ---
2026-04-14 01:12:51,682 | INFO | ai-websocket | SQL: 
            SELECT msi.title, msi.content, msi.category_text, msi.location_text, msi.slug, ua.package_id
            FROM master_search_mastersearchindex msi
            LEFT JOIN user_accounts ua ON msi.user_name = ua.username
            WHERE msi.is_live = TRUE
             AND LOWER(msi.category_text) LIKE %s
                AND (LOWER(msi.title) LIKE %s OR LOWER(msi.content) LIKE %s)
                ORDER BY 
                    (CASE WHEN ua.package_id > 0 THEN 0 ELSE 1 END),
                    CASE 
                        WHEN LOWER(msi.title) = %s THEN 0
                        WHEN LOWER(msi.title) LIKE %s THEN 1
                        ELSE 2
                    END,
                    msi.id DESC
                LIMIT 100
                
2026-04-14 01:12:51,685 | INFO | ai-websocket | Params: ['%professional%', '%smarters find%', '%smarters find%', 'smarters find', '%smarters find%']
2026-04-14 01:12:51,693 | ERROR | ai-websocket | DB ERROR in search_db: server closed the connection unexpectedly
	This probably means the server terminated abnormally
	before or while processing the request.
server closed the connection unexpectedly
	This probably means the server terminated abnormally
	before or while processing the request.
Traceback (most recent call last):
  File "E:\hospitality\hozpitality-ai\ai_server_2.py", line 990, in search_db
    results = execute(sql, params)
              ^^^^^^^^^^^^^^^^^^^^
  File "E:\hospitality\hozpitality-ai\ai_server_2.py", line 908, in execute
    cur.execute(sql, params)
psycopg2.OperationalError: server closed the connection unexpectedly
	This probably means the server terminated abnormally
	before or while processing the request.
server closed the connection unexpectedly
	This probably means the server terminated abnormally
	before or while processing the request.

2026-04-14 01:12:55,479 | WARNING | ai-websocket | [NO RESULTS] - switching to AI mode
2026-04-14 01:27:07,400 | INFO | ai-websocket | [WS CONNECT] Origin: None
2026-04-14 01:27:09,154 | DEBUG | ai-websocket | [WS RECEIVED] Raw Data: {'query': 'hotel smarters', 'user_id': 402981, 'org_id': 1, 'conversation_id': None}
2026-04-14 01:27:09,154 | INFO | ai-websocket | [QUERY] User:402981 Org:1 : hotel smarters
2026-04-14 01:27:10,470 | DEBUG | ai-websocket | [CONVERSATION] ID: 510
2026-04-14 01:27:55,205 | INFO | ai-websocket | Intent detected: {'intent': 'FAQ', 'type': 'professional', 'keywords': 'hotelsmarters', 'location': '', 'rephrased_query': 'hotelsmarters'}
2026-04-14 01:27:55,206 | DEBUG | ai-websocket | [INTENT] {'intent': 'FAQ', 'type': 'professional', 'keywords': 'hotelsmarters', 'location': '', 'rephrased_query': 'hotelsmarters'}
2026-04-14 01:27:55,206 | DEBUG | ai-websocket | [BASE QUERY] hotelsmarters
2026-04-14 01:28:14,658 | INFO | ai-websocket | [FOLLOWUP DETECT] {'is_followup': False, 'type': 'new topic'}
2026-04-14 01:28:14,658 | INFO | ai-websocket | [FINAL QUERY] hotelsmarters
2026-04-14 01:28:14,661 | INFO | ai-websocket | [INTENT TYPE] professional | Location: 
2026-04-14 01:28:14,988 | INFO | ai-websocket | [SEARCH STAGE]: Trying Full Phrase Match for 'hotelsmarters'
2026-04-14 01:28:14,988 | INFO | ai-websocket | --- STARTING DB EXECUTION ---
2026-04-14 01:28:14,988 | INFO | ai-websocket | SQL: 
            SELECT msi.title, msi.content, msi.category_text, msi.location_text, msi.slug, ua.package_id
            FROM master_search_mastersearchindex msi
            LEFT JOIN user_accounts ua ON msi.user_name = ua.username
            WHERE msi.is_live = TRUE
             AND LOWER(msi.category_text) LIKE %s
                AND (LOWER(msi.title) LIKE %s OR LOWER(msi.content) LIKE %s)
                ORDER BY 
                    (CASE WHEN ua.package_id > 0 THEN 0 ELSE 1 END),
                    CASE 
                        WHEN LOWER(msi.title) = %s THEN 0
                        WHEN LOWER(msi.title) LIKE %s THEN 1
                        ELSE 2
                    END,
                    msi.id DESC
                LIMIT 100
                
2026-04-14 01:28:14,992 | INFO | ai-websocket | Params: ['%professional%', '%hotelsmarters%', '%hotelsmarters%', 'hotelsmarters', '%hotelsmarters%']
2026-04-14 01:28:18,826 | INFO | ai-websocket | [DB RAW COUNT]: 0 results found in database
2026-04-14 01:28:18,828 | INFO | ai-websocket | [SEARCH STAGE]: Full phrase failed. Trying AND condition for words: ['hotelsmarters']
2026-04-14 01:28:18,828 | INFO | ai-websocket | --- STARTING DB EXECUTION ---
2026-04-14 01:28:18,828 | INFO | ai-websocket | SQL: 
            SELECT msi.title, msi.content, msi.category_text, msi.location_text, msi.slug, ua.package_id
            FROM master_search_mastersearchindex msi
            LEFT JOIN user_accounts ua ON msi.user_name = ua.username
            WHERE msi.is_live = TRUE
             AND LOWER(msi.category_text) LIKE %s AND (LOWER(msi.title) LIKE %s OR LOWER(msi.content) LIKE %s) ORDER BY (CASE WHEN ua.package_id > 0 THEN 0 ELSE 1 END), msi.id DESC LIMIT 100
2026-04-14 01:28:18,828 | INFO | ai-websocket | Params: ['%professional%', '%hotelsmarters%', '%hotelsmarters%']
2026-04-14 01:28:21,185 | INFO | ai-websocket | [DB RAW COUNT]: 0 results found in database
2026-04-14 01:28:21,185 | INFO | ai-websocket | [SEARCH STAGE]: AND match failed. Trying OR condition for words: ['hotelsmarters']
2026-04-14 01:28:21,185 | INFO | ai-websocket | --- STARTING DB EXECUTION ---
2026-04-14 01:28:21,185 | INFO | ai-websocket | SQL: 
            SELECT msi.title, msi.content, msi.category_text, msi.location_text, msi.slug, ua.package_id
            FROM master_search_mastersearchindex msi
            LEFT JOIN user_accounts ua ON msi.user_name = ua.username
            WHERE msi.is_live = TRUE
             AND LOWER(msi.category_text) LIKE %s AND ((LOWER(msi.title) LIKE %s OR LOWER(msi.content) LIKE %s)) ORDER BY (CASE WHEN ua.package_id > 0 THEN 0 ELSE 1 END), msi.id DESC LIMIT 100
2026-04-14 01:28:21,185 | INFO | ai-websocket | Params: ['%professional%', '%hotelsmarters%', '%hotelsmarters%']
2026-04-14 01:28:23,083 | INFO | ai-websocket | [DB RAW COUNT]: 0 results found in database
2026-04-14 01:28:23,083 | WARNING | ai-websocket | [SEARCH RESULT]: No records found in DB for query 'hotelsmarters'
2026-04-14 01:28:23,412 | WARNING | ai-websocket | [NO RESULTS] - switching to AI mode
2026-04-14 01:30:19,167 | WARNING | ai-websocket | [WS DISCONNECTED]
2026-04-14 01:33:22,312 | INFO | ai-websocket | [WS CONNECT] Origin: None
2026-04-14 01:33:23,514 | DEBUG | ai-websocket | [WS RECEIVED] Raw Data: {'query': 'hotel smarters', 'user_id': 402981, 'org_id': 1, 'conversation_id': None}
2026-04-14 01:33:23,514 | INFO | ai-websocket | [QUERY] User:402981 Org:1 : hotel smarters
2026-04-14 01:33:24,807 | DEBUG | ai-websocket | [CONVERSATION] ID: 511
2026-04-14 01:33:28,901 | INFO | ai-websocket | Intent detected: {'intent': 'FAQ', 'type': 'professional', 'keywords': 'find job los angeles', 'location': '', 'rephrased_query': 'hotelsmarters'}
2026-04-14 01:33:28,902 | DEBUG | ai-websocket | [INTENT] {'intent': 'FAQ', 'type': 'professional', 'keywords': 'find job los angeles', 'location': '', 'rephrased_query': 'hotelsmarters'}
2026-04-14 01:33:28,903 | DEBUG | ai-websocket | [BASE QUERY] find job los angeles
2026-04-14 01:33:37,653 | INFO | ai-websocket | [FOLLOWUP DETECT] {'is_followup': False, 'type': 'new topic'}
2026-04-14 01:33:37,656 | INFO | ai-websocket | [FINAL QUERY] find job los angeles
2026-04-14 01:33:37,656 | INFO | ai-websocket | [INTENT TYPE] professional | Location: 
2026-04-14 01:33:37,983 | INFO | ai-websocket | [SEARCH STAGE]: Trying Full Phrase Match for 'find job los angeles'
2026-04-14 01:33:37,983 | INFO | ai-websocket | --- STARTING DB EXECUTION ---
2026-04-14 01:33:37,984 | INFO | ai-websocket | SQL: 
            SELECT msi.title, msi.content, msi.category_text, msi.location_text, msi.slug, ua.package_id
            FROM master_search_mastersearchindex msi
            LEFT JOIN user_accounts ua ON msi.user_name = ua.username
            WHERE msi.is_live = TRUE
             AND LOWER(msi.category_text) LIKE %s
                AND (LOWER(msi.title) LIKE %s OR LOWER(msi.content) LIKE %s)
                ORDER BY 
                    (CASE WHEN ua.package_id > 0 THEN 0 ELSE 1 END),
                    CASE 
                        WHEN LOWER(msi.title) = %s THEN 0
                        WHEN LOWER(msi.title) LIKE %s THEN 1
                        ELSE 2
                    END,
                    msi.id DESC
                LIMIT 100
                
2026-04-14 01:33:37,985 | INFO | ai-websocket | Params: ['%professional%', '%find job los angeles%', '%find job los angeles%', 'find job los angeles', '%find job los angeles%']
2026-04-14 01:33:40,226 | INFO | ai-websocket | [DB RAW COUNT]: 0 results found in database
2026-04-14 01:33:40,226 | INFO | ai-websocket | [SEARCH STAGE]: Full phrase failed. Trying AND condition for words: ['find', 'job', 'los', 'angeles']
2026-04-14 01:33:40,228 | INFO | ai-websocket | --- STARTING DB EXECUTION ---
2026-04-14 01:33:40,228 | INFO | ai-websocket | SQL: 
            SELECT msi.title, msi.content, msi.category_text, msi.location_text, msi.slug, ua.package_id
            FROM master_search_mastersearchindex msi
            LEFT JOIN user_accounts ua ON msi.user_name = ua.username
            WHERE msi.is_live = TRUE
             AND LOWER(msi.category_text) LIKE %s AND (LOWER(msi.title) LIKE %s OR LOWER(msi.content) LIKE %s) AND (LOWER(msi.title) LIKE %s OR LOWER(msi.content) LIKE %s) AND (LOWER(msi.title) LIKE %s OR LOWER(msi.content) LIKE %s) AND (LOWER(msi.title) LIKE %s OR LOWER(msi.content) LIKE %s) ORDER BY (CASE WHEN ua.package_id > 0 THEN 0 ELSE 1 END), msi.id DESC LIMIT 100
2026-04-14 01:33:40,230 | INFO | ai-websocket | Params: ['%professional%', '%find%', '%find%', '%job%', '%job%', '%los%', '%los%', '%angeles%', '%angeles%']
2026-04-14 01:33:42,127 | INFO | ai-websocket | [DB RAW COUNT]: 1 results found in database
2026-04-14 01:33:42,127 | INFO | ai-websocket | --- RAW RESULTS BEFORE SORTING ---
2026-04-14 01:33:42,129 | INFO | ai-websocket | Row 1: salt chamber for sale | Paid: False | PkgID: None
2026-04-14 01:33:42,129 | INFO | ai-websocket | --- RESULTS AFTER PRIORITY SORTING ---
2026-04-14 01:33:42,129 | INFO | ai-websocket | Sorted 1: salt chamber for sale | Paid: False
2026-04-14 01:33:42,129 | INFO | ai-websocket | [SEARCH RESULT]: Successfully returning 1 results from DB
2026-04-14 01:36:53,093 | WARNING | ai-websocket | [WS DISCONNECTED]
2026-04-14 01:39:04,766 | INFO | ai-websocket | [WS CONNECT] Origin: None
2026-04-14 01:39:05,907 | DEBUG | ai-websocket | [WS RECEIVED] Raw Data: {'query': 'hotel smarters', 'user_id': 402981, 'org_id': 1, 'conversation_id': None}
2026-04-14 01:39:05,907 | INFO | ai-websocket | [QUERY] User:402981 Org:1 : hotel smarters
2026-04-14 01:39:07,075 | DEBUG | ai-websocket | [CONVERSATION] ID: 512
2026-04-14 01:39:44,459 | INFO | ai-websocket | Intent detected: {'intent': 'SEARCH', 'type': 'professional', 'keywords': 'hotelsmarters', 'location': '', 'rephrased_query': 'hotel smarters'}
2026-04-14 01:39:44,459 | DEBUG | ai-websocket | [INTENT] {'intent': 'SEARCH', 'type': 'professional', 'keywords': 'hotelsmarters', 'location': '', 'rephrased_query': 'hotel smarters'}
2026-04-14 01:39:44,462 | DEBUG | ai-websocket | [BASE QUERY] hotelsmarters
2026-04-14 01:39:50,539 | INFO | ai-websocket | [FOLLOWUP DETECT] {'is_followup': False, 'type': 'new topic'}
2026-04-14 01:39:50,541 | INFO | ai-websocket | [FINAL QUERY] hotelsmarters
2026-04-14 01:39:50,541 | INFO | ai-websocket | [INTENT TYPE] professional | Location: 
2026-04-14 01:39:50,864 | INFO | ai-websocket | [SEARCH STAGE]: Trying Full Phrase Match for 'hotelsmarters'
2026-04-14 01:39:50,864 | INFO | ai-websocket | --- STARTING DB EXECUTION ---
2026-04-14 01:39:50,867 | INFO | ai-websocket | SQL: 
            SELECT msi.title, msi.content, msi.category_text, msi.location_text, msi.slug, ua.package_id
            FROM master_search_mastersearchindex msi
            LEFT JOIN user_accounts ua ON msi.user_name = ua.username
            WHERE msi.is_live = TRUE
             AND LOWER(msi.category_text) LIKE %s
                AND (LOWER(msi.title) LIKE %s OR LOWER(msi.content) LIKE %s)
                ORDER BY 
                    (CASE WHEN ua.package_id > 0 THEN 0 ELSE 1 END),
                    CASE 
                        WHEN LOWER(msi.title) = %s THEN 0
                        WHEN LOWER(msi.title) LIKE %s THEN 1
                        ELSE 2
                    END,
                    msi.id DESC
                LIMIT 100
                
2026-04-14 01:39:50,868 | INFO | ai-websocket | Params: ['%professional%', '%hotelsmarters%', '%hotelsmarters%', 'hotelsmarters', '%hotelsmarters%']
2026-04-14 01:39:53,721 | INFO | ai-websocket | [DB RAW COUNT]: 0 results found in database
2026-04-14 01:39:53,722 | INFO | ai-websocket | [SEARCH STAGE]: Full phrase failed. Trying AND condition for words: ['hotelsmarters']
2026-04-14 01:39:53,725 | INFO | ai-websocket | --- STARTING DB EXECUTION ---
2026-04-14 01:39:53,725 | INFO | ai-websocket | SQL: 
            SELECT msi.title, msi.content, msi.category_text, msi.location_text, msi.slug, ua.package_id
            FROM master_search_mastersearchindex msi
            LEFT JOIN user_accounts ua ON msi.user_name = ua.username
            WHERE msi.is_live = TRUE
             AND LOWER(msi.category_text) LIKE %s AND (LOWER(msi.title) LIKE %s OR LOWER(msi.content) LIKE %s) ORDER BY (CASE WHEN ua.package_id > 0 THEN 0 ELSE 1 END), msi.id DESC LIMIT 100
2026-04-14 01:39:53,727 | INFO | ai-websocket | Params: ['%professional%', '%hotelsmarters%', '%hotelsmarters%']
2026-04-14 01:39:55,309 | INFO | ai-websocket | [DB RAW COUNT]: 0 results found in database
2026-04-14 01:39:55,309 | INFO | ai-websocket | [SEARCH STAGE]: AND match failed. Trying OR condition for words: ['hotelsmarters']
2026-04-14 01:39:55,311 | INFO | ai-websocket | --- STARTING DB EXECUTION ---
2026-04-14 01:39:55,311 | INFO | ai-websocket | SQL: 
            SELECT msi.title, msi.content, msi.category_text, msi.location_text, msi.slug, ua.package_id
            FROM master_search_mastersearchindex msi
            LEFT JOIN user_accounts ua ON msi.user_name = ua.username
            WHERE msi.is_live = TRUE
             AND LOWER(msi.category_text) LIKE %s AND ((LOWER(msi.title) LIKE %s OR LOWER(msi.content) LIKE %s)) ORDER BY (CASE WHEN ua.package_id > 0 THEN 0 ELSE 1 END), msi.id DESC LIMIT 100
2026-04-14 01:39:55,313 | INFO | ai-websocket | Params: ['%professional%', '%hotelsmarters%', '%hotelsmarters%']
2026-04-14 01:39:56,915 | INFO | ai-websocket | [DB RAW COUNT]: 0 results found in database
2026-04-14 01:39:56,920 | WARNING | ai-websocket | [SEARCH RESULT]: No records found in DB for query 'hotelsmarters'
2026-04-14 01:39:57,249 | WARNING | ai-websocket | [NO RESULTS] - switching to AI mode
2026-04-14 01:41:30,979 | WARNING | ai-websocket | [WS DISCONNECTED]
2026-04-14 01:44:16,334 | INFO | ai-websocket | [WS CONNECT] Origin: None
2026-04-14 01:44:17,437 | DEBUG | ai-websocket | [WS RECEIVED] Raw Data: {'query': 'hotel smarters', 'user_id': 402981, 'org_id': 1, 'conversation_id': None}
2026-04-14 01:44:17,439 | INFO | ai-websocket | [QUERY] User:402981 Org:1 : hotel smarters
2026-04-14 01:44:18,729 | DEBUG | ai-websocket | [CONVERSATION] ID: 513
2026-04-14 01:44:21,864 | INFO | ai-websocket | Intent detected: {'intent': 'SEARCH', 'type': 'company', 'keywords': 'hotelsmarters', 'location': '', 'rephrased_query': 'hotel smarters'}
2026-04-14 01:44:21,864 | DEBUG | ai-websocket | [INTENT] {'intent': 'SEARCH', 'type': 'company', 'keywords': 'hotelsmarters', 'location': '', 'rephrased_query': 'hotel smarters'}
2026-04-14 01:44:21,864 | DEBUG | ai-websocket | [BASE QUERY] hotelsmarters
2026-04-14 01:44:26,239 | INFO | ai-websocket | [FOLLOWUP DETECT] {'is_followup': False, 'type': 'switch'}
2026-04-14 01:44:26,239 | INFO | ai-websocket | [FINAL QUERY] hotelsmarters
2026-04-14 01:44:26,239 | INFO | ai-websocket | [INTENT TYPE] company | Location: 
2026-04-14 01:44:26,567 | INFO | ai-websocket | [SEARCH STAGE]: Trying Full Phrase Match for 'hotelsmarters'
2026-04-14 01:44:26,567 | INFO | ai-websocket | --- STARTING DB EXECUTION ---
2026-04-14 01:44:26,567 | INFO | ai-websocket | SQL: 
            SELECT msi.title, msi.content, msi.category_text, msi.location_text, msi.slug, ua.package_id
            FROM master_search_mastersearchindex msi
            LEFT JOIN user_accounts ua ON msi.user_name = ua.username
            WHERE msi.is_live = TRUE
             AND LOWER(msi.category_text) LIKE %s
                AND (LOWER(msi.title) LIKE %s OR LOWER(msi.content) LIKE %s)
                ORDER BY 
                    (CASE WHEN ua.package_id > 0 THEN 0 ELSE 1 END),
                    CASE 
                        WHEN LOWER(msi.title) = %s THEN 0
                        WHEN LOWER(msi.title) LIKE %s THEN 1
                        ELSE 2
                    END,
                    msi.id DESC
                LIMIT 100
                
2026-04-14 01:44:26,567 | INFO | ai-websocket | Params: ['%company%', '%hotelsmarters%', '%hotelsmarters%', 'hotelsmarters', '%hotelsmarters%']
2026-04-14 01:44:27,671 | INFO | ai-websocket | [DB RAW COUNT]: 1 results found in database
2026-04-14 01:44:27,675 | INFO | ai-websocket | --- RAW RESULTS BEFORE SORTING ---
2026-04-14 01:44:27,677 | INFO | ai-websocket | Row 1: HotelSmarters | Paid: False | PkgID: None
2026-04-14 01:44:27,677 | INFO | ai-websocket | --- RESULTS AFTER PRIORITY SORTING ---
2026-04-14 01:44:27,677 | INFO | ai-websocket | Sorted 1: HotelSmarters | Paid: False
2026-04-14 01:44:27,679 | INFO | ai-websocket | [SEARCH RESULT]: Successfully returning 1 results from DB
2026-04-14 01:53:25,622 | WARNING | ai-websocket | [WS DISCONNECTED]
2026-04-14 01:58:51,172 | INFO | ai-websocket | [WS CONNECT] Origin: None
2026-04-14 01:58:54,115 | DEBUG | ai-websocket | [WS RECEIVED] Raw Data: {'query': 'hotel smarters', 'user_id': 402981, 'org_id': 1, 'conversation_id': None}
2026-04-14 01:58:54,116 | INFO | ai-websocket | [QUERY] User:402981 Org:1 : hotel smarters
2026-04-14 01:58:55,879 | DEBUG | ai-websocket | [CONVERSATION] ID: 514
2026-04-14 01:59:03,978 | INFO | ai-websocket | Intent detected: {'intent': 'SEARCH', 'type': 'company', 'keywords': 'hotelsmarters', 'location': '', 'rephrased_query': 'hotel smarters'}
2026-04-14 01:59:03,980 | DEBUG | ai-websocket | [INTENT] {'intent': 'SEARCH', 'type': 'company', 'keywords': 'hotelsmarters', 'location': '', 'rephrased_query': 'hotel smarters'}
2026-04-14 01:59:03,981 | DEBUG | ai-websocket | [BASE QUERY] hotelsmarters
2026-04-14 01:59:10,172 | INFO | ai-websocket | [FOLLOWUP DETECT] {'is_followup': False, 'type': 'new topic'}
2026-04-14 01:59:10,174 | INFO | ai-websocket | [FINAL QUERY] hotelsmarters
2026-04-14 01:59:10,174 | INFO | ai-websocket | [INTENT TYPE] company | Location: 
2026-04-14 01:59:10,499 | INFO | ai-websocket | [SEARCH STAGE]: Trying Full Phrase Match for 'hotelsmarters'
2026-04-14 01:59:10,500 | INFO | ai-websocket | --- STARTING DB EXECUTION ---
2026-04-14 01:59:10,501 | INFO | ai-websocket | SQL: 
            SELECT msi.title, msi.content, msi.category_text, msi.location_text, msi.slug, ua.package_id
            FROM master_search_mastersearchindex msi
            LEFT JOIN user_accounts ua ON msi.user_name = ua.username
            WHERE msi.is_live = TRUE
             AND LOWER(msi.category_text) LIKE %s
                AND (LOWER(msi.title) LIKE %s OR LOWER(msi.content) LIKE %s)
                ORDER BY 
                    (CASE WHEN ua.package_id > 0 THEN 0 ELSE 1 END),
                    CASE 
                        WHEN LOWER(msi.title) = %s THEN 0
                        WHEN LOWER(msi.title) LIKE %s THEN 1
                        ELSE 2
                    END,
                    msi.id DESC
                LIMIT 100
                
2026-04-14 01:59:10,502 | INFO | ai-websocket | Params: ['%company%', '%hotelsmarters%', '%hotelsmarters%', 'hotelsmarters', '%hotelsmarters%']
2026-04-14 01:59:12,780 | INFO | ai-websocket | [DB RAW COUNT]: 1 results found in database
2026-04-14 01:59:12,781 | INFO | ai-websocket | --- RAW RESULTS BEFORE SORTING ---
2026-04-14 01:59:12,782 | INFO | ai-websocket | Row 1: HotelSmarters | Paid: False | PkgID: None
2026-04-14 01:59:12,782 | INFO | ai-websocket | --- RESULTS AFTER PRIORITY SORTING ---
2026-04-14 01:59:12,782 | INFO | ai-websocket | Sorted 1: HotelSmarters | Paid: False
2026-04-14 01:59:12,783 | INFO | ai-websocket | [SEARCH RESULT]: Successfully returning 1 results from DB
2026-04-14 02:01:53,586 | WARNING | ai-websocket | [WS DISCONNECTED]
2026-04-14 02:02:44,056 | INFO | ai-websocket | [WS CONNECT] Origin: None
2026-04-14 02:02:45,458 | DEBUG | ai-websocket | [WS RECEIVED] Raw Data: {'query': 'hotel smarters', 'user_id': 402981, 'org_id': 1, 'conversation_id': None}
2026-04-14 02:02:45,459 | INFO | ai-websocket | [QUERY] User:402981 Org:1 : hotel smarters
2026-04-14 02:02:46,559 | DEBUG | ai-websocket | [CONVERSATION] ID: 515
2026-04-14 02:02:49,696 | INFO | ai-websocket | Intent detected: {'intent': 'SEARCH', 'type': 'company', 'keywords': 'hotelsmarters', 'location': '', 'rephrased_query': 'hotel smarters'}
2026-04-14 02:02:49,696 | DEBUG | ai-websocket | [INTENT] {'intent': 'SEARCH', 'type': 'company', 'keywords': 'hotelsmarters', 'location': '', 'rephrased_query': 'hotel smarters'}
2026-04-14 02:02:49,696 | DEBUG | ai-websocket | [BASE QUERY] hotelsmarters
2026-04-14 02:02:54,106 | INFO | ai-websocket | [FOLLOWUP DETECT] {'is_followup': False, 'type': 'switch'}
2026-04-14 02:02:54,108 | INFO | ai-websocket | [FINAL QUERY] hotelsmarters
2026-04-14 02:02:54,108 | INFO | ai-websocket | [INTENT TYPE] company | Location: 
2026-04-14 02:02:54,582 | INFO | ai-websocket | [SEARCH STAGE]: Trying Full Phrase Match for 'hotelsmarters'
2026-04-14 02:02:54,583 | INFO | ai-websocket | --- STARTING DB EXECUTION ---
2026-04-14 02:02:54,584 | INFO | ai-websocket | SQL: 
            SELECT msi.title, msi.content, msi.category_text, msi.location_text, msi.slug, ua.package_id, msi.about_us
            FROM master_search_mastersearchindex msi
            LEFT JOIN user_accounts ua ON msi.user_name = ua.username
            WHERE msi.is_live = TRUE
             AND LOWER(msi.category_text) LIKE %s
                AND (LOWER(msi.title) LIKE %s OR LOWER(msi.content) LIKE %s)
                ORDER BY 
                    (CASE WHEN ua.package_id > 0 THEN 0 ELSE 1 END),
                    CASE 
                        WHEN LOWER(msi.title) = %s THEN 0
                        WHEN LOWER(msi.title) LIKE %s THEN 1
                        ELSE 2
                    END,
                    msi.id DESC
                LIMIT 100
                
2026-04-14 02:02:54,586 | INFO | ai-websocket | Params: ['%company%', '%hotelsmarters%', '%hotelsmarters%', 'hotelsmarters', '%hotelsmarters%']
2026-04-14 02:02:55,319 | ERROR | ai-websocket | DB ERROR in search_db: column msi.about_us does not exist
LINE 2: ...text, msi.location_text, msi.slug, ua.package_id, msi.about_...
                                                             ^
HINT:  Perhaps you meant to reference the column "ua.about_us".
Traceback (most recent call last):
  File "E:\hospitality\hozpitality-ai\ai_server_2.py", line 997, in search_db
    results = execute(sql, params)
              ^^^^^^^^^^^^^^^^^^^^
  File "E:\hospitality\hozpitality-ai\ai_server_2.py", line 914, in execute
    cur.execute(sql, params)
psycopg2.errors.UndefinedColumn: column msi.about_us does not exist
LINE 2: ...text, msi.location_text, msi.slug, ua.package_id, msi.about_...
                                                             ^
HINT:  Perhaps you meant to reference the column "ua.about_us".

2026-04-14 02:02:55,962 | WARNING | ai-websocket | [NO RESULTS] - switching to AI mode
2026-04-14 02:03:32,640 | WARNING | ai-websocket | [WS DISCONNECTED]
2026-04-14 02:04:18,111 | INFO | ai-websocket | [WS CONNECT] Origin: None
2026-04-14 02:04:21,261 | DEBUG | ai-websocket | [WS RECEIVED] Raw Data: {'query': 'hotel smarters', 'user_id': 402981, 'org_id': 1, 'conversation_id': None}
2026-04-14 02:04:21,262 | INFO | ai-websocket | [QUERY] User:402981 Org:1 : hotel smarters
2026-04-14 02:04:22,380 | DEBUG | ai-websocket | [CONVERSATION] ID: 516
2026-04-14 02:04:25,763 | INFO | ai-websocket | Intent detected: {'intent': 'SEARCH', 'type': 'company', 'keywords': 'hotelsmarters', 'location': '', 'rephrased_query': 'hotel smarters'}
2026-04-14 02:04:25,764 | DEBUG | ai-websocket | [INTENT] {'intent': 'SEARCH', 'type': 'company', 'keywords': 'hotelsmarters', 'location': '', 'rephrased_query': 'hotel smarters'}
2026-04-14 02:04:25,764 | DEBUG | ai-websocket | [BASE QUERY] hotelsmarters
2026-04-14 02:04:30,099 | INFO | ai-websocket | [FOLLOWUP DETECT] {'is_followup': False, 'type': 'switch'}
2026-04-14 02:04:30,099 | INFO | ai-websocket | [FINAL QUERY] hotelsmarters
2026-04-14 02:04:30,099 | INFO | ai-websocket | [INTENT TYPE] company | Location: 
2026-04-14 02:04:30,496 | INFO | ai-websocket | [SEARCH STAGE]: Trying Full Phrase Match for 'hotelsmarters'
2026-04-14 02:04:30,497 | INFO | ai-websocket | --- STARTING DB EXECUTION ---
2026-04-14 02:04:30,497 | INFO | ai-websocket | SQL: 
            SELECT msi.title, msi.content, msi.category_text, msi.location_text, msi.slug, ua.package_id, ua.about_us
            FROM master_search_mastersearchindex msi
            LEFT JOIN user_accounts ua ON msi.user_name = ua.username
            WHERE msi.is_live = TRUE
             AND LOWER(msi.category_text) LIKE %s
                AND (LOWER(msi.title) LIKE %s OR LOWER(msi.content) LIKE %s)
                ORDER BY 
                    (CASE WHEN ua.package_id > 0 THEN 0 ELSE 1 END),
                    CASE 
                        WHEN LOWER(msi.title) = %s THEN 0
                        WHEN LOWER(msi.title) LIKE %s THEN 1
                        ELSE 2
                    END,
                    msi.id DESC
                LIMIT 100
                
2026-04-14 02:04:30,500 | INFO | ai-websocket | Params: ['%company%', '%hotelsmarters%', '%hotelsmarters%', 'hotelsmarters', '%hotelsmarters%']
2026-04-14 02:04:32,297 | INFO | ai-websocket | [DB RAW COUNT]: 1 results found in database
2026-04-14 02:04:32,311 | INFO | ai-websocket | --- RAW RESULTS BEFORE SORTING ---
2026-04-14 02:04:32,312 | INFO | ai-websocket | Row 1: HotelSmarters | Paid: False | PkgID: None
2026-04-14 02:04:32,313 | INFO | ai-websocket | --- RESULTS AFTER PRIORITY SORTING ---
2026-04-14 02:04:32,313 | INFO | ai-websocket | Sorted 1: HotelSmarters | Paid: False
2026-04-14 02:04:32,314 | INFO | ai-websocket | [SEARCH RESULT]: Successfully returning 1 results from DB
2026-04-14 02:09:44,606 | WARNING | ai-websocket | [WS DISCONNECTED]
2026-04-14 02:10:44,434 | INFO | ai-websocket | [WS CONNECT] Origin: None
2026-04-14 02:11:04,687 | DEBUG | ai-websocket | [WS RECEIVED] Raw Data: {'query': 'hotel smarters', 'user_id': 402981, 'org_id': 1, 'conversation_id': None}
2026-04-14 02:11:04,688 | INFO | ai-websocket | [QUERY] User:402981 Org:1 : hotel smarters
2026-04-14 02:11:05,919 | DEBUG | ai-websocket | [CONVERSATION] ID: 517
2026-04-14 02:11:14,375 | INFO | ai-websocket | Intent detected: {'intent': 'SEARCH', 'type': 'company', 'keywords': 'hotelsmarters', 'location': '', 'rephrased_query': 'hotel smarters'}
2026-04-14 02:11:14,375 | DEBUG | ai-websocket | [INTENT] {'intent': 'SEARCH', 'type': 'company', 'keywords': 'hotelsmarters', 'location': '', 'rephrased_query': 'hotel smarters'}
2026-04-14 02:11:14,377 | DEBUG | ai-websocket | [BASE QUERY] hotelsmarters
2026-04-14 02:11:24,677 | INFO | ai-websocket | [FOLLOWUP DETECT] {'is_followup': False, 'type': 'new topic'}
2026-04-14 02:11:24,677 | INFO | ai-websocket | [FINAL QUERY] hotelsmarters
2026-04-14 02:11:24,677 | INFO | ai-websocket | [INTENT TYPE] company | Location: 
2026-04-14 02:11:25,015 | INFO | ai-websocket | [SEARCH STAGE]: Trying Full Phrase Match for 'hotelsmarters'
2026-04-14 02:11:25,015 | INFO | ai-websocket | --- STARTING DB EXECUTION ---
2026-04-14 02:11:25,015 | INFO | ai-websocket | SQL: 
            SELECT msi.title, msi.content, msi.category_text, msi.location_text, msi.slug, ua.package_id, ua.about_us
            FROM master_search_mastersearchindex msi
            LEFT JOIN user_accounts ua ON msi.user_name = ua.username
            WHERE msi.is_live = TRUE
             AND LOWER(msi.category_text) LIKE %s
                AND (LOWER(msi.title) LIKE %s OR LOWER(msi.content) LIKE %s)
                ORDER BY 
                    (CASE WHEN ua.package_id > 0 THEN 0 ELSE 1 END),
                    CASE 
                        WHEN LOWER(msi.title) = %s THEN 0
                        WHEN LOWER(msi.title) LIKE %s THEN 1
                        ELSE 2
                    END,
                    msi.id DESC
                LIMIT 100
                
2026-04-14 02:11:25,015 | INFO | ai-websocket | Params: ['%company%', '%hotelsmarters%', '%hotelsmarters%', 'hotelsmarters', '%hotelsmarters%']
2026-04-14 02:11:26,850 | INFO | ai-websocket | [DB RAW COUNT]: 1 results found in database
2026-04-14 02:11:26,851 | INFO | ai-websocket | --- RAW RESULTS BEFORE SORTING ---
2026-04-14 02:11:26,851 | INFO | ai-websocket | Row 1: HotelSmarters | Paid: False | PkgID: None
2026-04-14 02:11:26,851 | INFO | ai-websocket | --- RESULTS AFTER PRIORITY SORTING ---
2026-04-14 02:11:26,853 | INFO | ai-websocket | Sorted 1: HotelSmarters | Paid: False
2026-04-14 02:11:26,853 | INFO | ai-websocket | [SEARCH RESULT]: Successfully returning 1 results from DB
2026-04-14 02:13:13,126 | WARNING | ai-websocket | [WS DISCONNECTED]
2026-04-14 02:19:30,472 | INFO | ai-websocket | [WS CONNECT] Origin: None
2026-04-14 02:19:32,036 | DEBUG | ai-websocket | [WS RECEIVED] Raw Data: {'query': 'hotel smarters', 'user_id': 402981, 'org_id': 1, 'conversation_id': None}
2026-04-14 02:19:32,037 | INFO | ai-websocket | [QUERY] User:402981 Org:1 : hotel smarters
2026-04-14 02:19:33,309 | DEBUG | ai-websocket | [CONVERSATION] ID: 518
2026-04-14 02:19:41,890 | INFO | ai-websocket | Intent detected: {'intent': 'SEARCH', 'type': 'company', 'keywords': 'hotelsmarters', 'location': '', 'rephrased_query': 'hotel smarters'}
2026-04-14 02:19:41,890 | DEBUG | ai-websocket | [INTENT] {'intent': 'SEARCH', 'type': 'company', 'keywords': 'hotelsmarters', 'location': '', 'rephrased_query': 'hotel smarters'}
2026-04-14 02:19:41,890 | DEBUG | ai-websocket | [BASE QUERY] hotelsmarters
2026-04-14 02:19:48,485 | INFO | ai-websocket | [FOLLOWUP DETECT] {'is_followup': False, 'type': 'new topic'}
2026-04-14 02:19:48,485 | INFO | ai-websocket | [FINAL QUERY] hotelsmarters
2026-04-14 02:19:48,485 | INFO | ai-websocket | [INTENT TYPE] company | Location: 
2026-04-14 02:19:48,827 | INFO | ai-websocket | [SEARCH STAGE]: Trying Full Phrase Match for 'hotelsmarters'
2026-04-14 02:19:48,827 | INFO | ai-websocket | --- STARTING DB EXECUTION ---
2026-04-14 02:19:48,827 | INFO | ai-websocket | SQL: 
            SELECT msi.title, msi.content, msi.category_text, msi.location_text, msi.slug, ua.package_id, ua.about_us
            FROM master_search_mastersearchindex msi
            LEFT JOIN user_accounts ua ON msi.user_name = ua.username
            WHERE msi.is_live = TRUE
             AND LOWER(msi.category_text) LIKE %s
                AND (LOWER(msi.title) LIKE %s OR LOWER(msi.content) LIKE %s)
                ORDER BY 
                    (CASE WHEN ua.package_id > 0 THEN 0 ELSE 1 END),
                    CASE 
                        WHEN LOWER(msi.title) = %s THEN 0
                        WHEN LOWER(msi.title) LIKE %s THEN 1
                        ELSE 2
                    END,
                    msi.id DESC
                LIMIT 100
                
2026-04-14 02:19:48,827 | INFO | ai-websocket | Params: ['%company%', '%hotelsmarters%', '%hotelsmarters%', 'hotelsmarters', '%hotelsmarters%']
2026-04-14 02:19:50,981 | INFO | ai-websocket | [DB RAW COUNT]: 1 results found in database
2026-04-14 02:19:50,981 | INFO | ai-websocket | --- RAW RESULTS BEFORE SORTING ---
2026-04-14 02:19:50,981 | INFO | ai-websocket | Row 1: HotelSmarters | Paid: False | PkgID: None
2026-04-14 02:19:50,981 | INFO | ai-websocket | --- RESULTS AFTER PRIORITY SORTING ---
2026-04-14 02:19:50,981 | INFO | ai-websocket | Sorted 1: HotelSmarters | Paid: False
2026-04-14 02:19:50,981 | INFO | ai-websocket | [SEARCH RESULT]: Successfully returning 1 results from DB
2026-04-14 02:20:24,759 | WARNING | ai-websocket | [WS DISCONNECTED]
2026-04-14 02:22:31,221 | INFO | ai-websocket | [WS CONNECT] Origin: None
2026-04-14 02:22:32,562 | DEBUG | ai-websocket | [WS RECEIVED] Raw Data: {'query': 'hotel smarters', 'user_id': 402981, 'org_id': 1, 'conversation_id': None}
2026-04-14 02:22:36,980 | INFO | ai-websocket | Intent detected: {'intent': 'SEARCH', 'type': 'company', 'keywords': 'hotelsmarters', 'location': '', 'rephrased_query': 'hotel smarters'}
2026-04-14 02:22:41,761 | INFO | ai-websocket | [SEARCH STAGE]: Trying Full Phrase Match for 'hotelsmarters'
2026-04-14 02:22:41,774 | INFO | ai-websocket | --- STARTING DB EXECUTION ---
2026-04-14 02:22:41,775 | INFO | ai-websocket | SQL: 
            SELECT msi.title, msi.content, msi.category_text, msi.location_text, msi.slug, ua.package_id, ua.about_us
            FROM master_search_mastersearchindex msi
            LEFT JOIN user_accounts ua ON msi.user_name = ua.username
            WHERE msi.is_live = TRUE
             AND LOWER(msi.category_text) LIKE %s
                AND (LOWER(msi.title) LIKE %s OR LOWER(msi.content) LIKE %s)
                ORDER BY 
                    (CASE WHEN ua.package_id > 0 THEN 0 ELSE 1 END),
                    CASE 
                        WHEN LOWER(msi.title) = %s THEN 0
                        WHEN LOWER(msi.title) LIKE %s THEN 1
                        ELSE 2
                    END,
                    msi.id DESC
                LIMIT 100
                
2026-04-14 02:22:41,776 | INFO | ai-websocket | Params: ['%company%', '%hotelsmarters%', '%hotelsmarters%', 'hotelsmarters', '%hotelsmarters%']
2026-04-14 02:22:43,781 | INFO | ai-websocket | [DB RAW COUNT]: 1 results found in database
2026-04-14 02:22:43,781 | INFO | ai-websocket | --- RAW RESULTS BEFORE SORTING ---
2026-04-14 02:22:43,788 | INFO | ai-websocket | Row 1: HotelSmarters | Paid: False | PkgID: None
2026-04-14 02:22:43,788 | INFO | ai-websocket | --- RESULTS AFTER PRIORITY SORTING ---
2026-04-14 02:22:43,788 | INFO | ai-websocket | Sorted 1: HotelSmarters | Paid: False
2026-04-14 02:22:43,789 | INFO | ai-websocket | [SEARCH RESULT]: Successfully returning 1 results from DB
2026-04-14 02:27:37,960 | WARNING | ai-websocket | [WS DISCONNECTED]
2026-04-14 02:29:43,534 | INFO | ai-websocket | [WS CONNECT] Origin: None
2026-04-14 02:29:48,076 | DEBUG | ai-websocket | [WS RECEIVED] Raw Data: {'query': 'hotel smarters', 'user_id': 402981, 'org_id': 1, 'conversation_id': None}
2026-04-14 02:29:48,077 | INFO | ai-websocket | [QUERY] User:402981 Org:1 : hotel smarters
2026-04-14 02:29:49,150 | DEBUG | ai-websocket | [CONVERSATION] ID: 521
2026-04-14 02:30:33,259 | INFO | ai-websocket | Intent detected: {'intent': 'SEARCH', 'type': 'company', 'keywords': 'hotelsmarters', 'location': '', 'rephrased_query': 'hotel smarters'}
2026-04-14 02:30:33,267 | DEBUG | ai-websocket | [INTENT] {'intent': 'SEARCH', 'type': 'company', 'keywords': 'hotelsmarters', 'location': '', 'rephrased_query': 'hotel smarters'}
2026-04-14 02:30:33,275 | DEBUG | ai-websocket | [BASE QUERY] hotelsmarters
2026-04-14 02:30:51,136 | INFO | ai-websocket | [FOLLOWUP DETECT] {'is_followup': False, 'type': 'new topic'}
2026-04-14 02:30:51,148 | INFO | ai-websocket | [FINAL QUERY] hotelsmarters
2026-04-14 02:30:51,150 | INFO | ai-websocket | [INTENT TYPE] company | Location: 
2026-04-14 02:30:51,524 | INFO | ai-websocket | [SEARCH STAGE]: Trying Full Phrase Match for 'hotelsmarters'
2026-04-14 02:30:51,535 | INFO | ai-websocket | --- STARTING DB EXECUTION ---
2026-04-14 02:30:51,536 | INFO | ai-websocket | SQL: 
            SELECT msi.title, msi.content, msi.category_text, msi.location_text, msi.slug, ua.package_id, ua.about_us
            FROM master_search_mastersearchindex msi
            LEFT JOIN user_accounts ua ON msi.user_name = ua.username
            WHERE msi.is_live = TRUE
             AND LOWER(msi.category_text) LIKE %s
                AND (LOWER(msi.title) LIKE %s OR LOWER(msi.content) LIKE %s)
                ORDER BY 
                    (CASE WHEN ua.package_id > 0 THEN 0 ELSE 1 END),
                    CASE 
                        WHEN LOWER(msi.title) = %s THEN 0
                        WHEN LOWER(msi.title) LIKE %s THEN 1
                        ELSE 2
                    END,
                    msi.id DESC
                LIMIT 100
                
2026-04-14 02:30:51,537 | INFO | ai-websocket | Params: ['%company%', '%hotelsmarters%', '%hotelsmarters%', 'hotelsmarters', '%hotelsmarters%']
2026-04-14 02:30:54,103 | INFO | ai-websocket | [DB RAW COUNT]: 1 results found in database
2026-04-14 02:30:54,104 | INFO | ai-websocket | --- RAW RESULTS BEFORE SORTING ---
2026-04-14 02:30:54,105 | INFO | ai-websocket | Row 1: HotelSmarters | Paid: False | PkgID: None
2026-04-14 02:30:54,106 | INFO | ai-websocket | --- RESULTS AFTER PRIORITY SORTING ---
2026-04-14 02:30:54,106 | INFO | ai-websocket | Sorted 1: HotelSmarters | Paid: False
2026-04-14 02:30:54,106 | INFO | ai-websocket | [SEARCH RESULT]: Successfully returning 1 results from DB
2026-04-14 02:30:55,598 | WARNING | ai-websocket | [DB_CHECK] about_us is EMPTY_OR_NULL for: HotelSmarters
2026-04-14 02:30:56,116 | INFO | ai-websocket | [RESPONSE_MODE] Triggering LLM Stream.
2026-04-14 02:33:04,942 | DEBUG | ai-websocket | [WS RECEIVED] Raw Data: {'query': 'what is hozpitality', 'user_id': 402981, 'org_id': 1, 'conversation_id': None}
2026-04-14 02:33:04,949 | INFO | ai-websocket | [QUERY] User:402981 Org:1 : what is hozpitality
2026-04-14 02:33:06,075 | DEBUG | ai-websocket | [CONVERSATION] ID: 522
2026-04-14 02:33:09,663 | INFO | ai-websocket | Intent detected: {'intent': 'SEARCH', 'type': 'company', 'keywords': 'hozpitality', 'location': '', 'rephrased_query': 'what is hozpitality'}
2026-04-14 02:33:09,665 | DEBUG | ai-websocket | [INTENT] {'intent': 'SEARCH', 'type': 'company', 'keywords': 'hozpitality', 'location': '', 'rephrased_query': 'what is hozpitality'}
2026-04-14 02:33:09,665 | DEBUG | ai-websocket | [BASE QUERY] hozpitality
2026-04-14 02:33:12,901 | INFO | ai-websocket | [FOLLOWUP DETECT] {'is_followup': False, 'type': 'switch'}
2026-04-14 02:33:12,901 | INFO | ai-websocket | [FINAL QUERY] hozpitality
2026-04-14 02:33:12,902 | INFO | ai-websocket | [INTENT TYPE] company | Location: 
2026-04-14 02:33:13,237 | INFO | ai-websocket | [SEARCH STAGE]: Trying Full Phrase Match for 'hozpitality'
2026-04-14 02:33:13,238 | INFO | ai-websocket | --- STARTING DB EXECUTION ---
2026-04-14 02:33:13,238 | INFO | ai-websocket | SQL: 
            SELECT msi.title, msi.content, msi.category_text, msi.location_text, msi.slug, ua.package_id, ua.about_us
            FROM master_search_mastersearchindex msi
            LEFT JOIN user_accounts ua ON msi.user_name = ua.username
            WHERE msi.is_live = TRUE
             AND LOWER(msi.category_text) LIKE %s
                AND (LOWER(msi.title) LIKE %s OR LOWER(msi.content) LIKE %s)
                ORDER BY 
                    (CASE WHEN ua.package_id > 0 THEN 0 ELSE 1 END),
                    CASE 
                        WHEN LOWER(msi.title) = %s THEN 0
                        WHEN LOWER(msi.title) LIKE %s THEN 1
                        ELSE 2
                    END,
                    msi.id DESC
                LIMIT 100
                
2026-04-14 02:33:13,238 | INFO | ai-websocket | Params: ['%company%', '%hozpitality%', '%hozpitality%', 'hozpitality', '%hozpitality%']
2026-04-14 02:33:14,064 | INFO | ai-websocket | [DB RAW COUNT]: 8 results found in database
2026-04-14 02:33:14,071 | INFO | ai-websocket | --- RAW RESULTS BEFORE SORTING ---
2026-04-14 02:33:14,072 | INFO | ai-websocket | Row 1: hozpitalityinsuranceservices | Paid: True | PkgID: 8
2026-04-14 02:33:14,075 | INFO | ai-websocket | Row 2: Hozpitality Group | Paid: False | PkgID: None
2026-04-14 02:33:14,077 | INFO | ai-websocket | Row 3: Hozpitality USA | Paid: False | PkgID: None
2026-04-14 02:33:14,077 | INFO | ai-websocket | Row 4: Taj Exotica Resort & Spa | Paid: False | PkgID: None
2026-04-14 02:33:14,077 | INFO | ai-websocket | Row 5: KIA EVs | Paid: False | PkgID: None
2026-04-14 02:33:14,079 | INFO | ai-websocket | --- RESULTS AFTER PRIORITY SORTING ---
2026-04-14 02:33:14,079 | INFO | ai-websocket | Sorted 1: hozpitalityinsuranceservices | Paid: True
2026-04-14 02:33:14,079 | INFO | ai-websocket | Sorted 2: Hozpitality Group | Paid: False
2026-04-14 02:33:14,079 | INFO | ai-websocket | Sorted 3: Hozpitality USA | Paid: False
2026-04-14 02:33:14,080 | INFO | ai-websocket | Sorted 4: Taj Exotica Resort & Spa | Paid: False
2026-04-14 02:33:14,080 | INFO | ai-websocket | Sorted 5: KIA EVs | Paid: False
2026-04-14 02:33:14,080 | INFO | ai-websocket | [SEARCH RESULT]: Successfully returning 6 results from DB
2026-04-14 02:33:16,104 | INFO | ai-websocket | [DB_CHECK] About_us found for: hozpitalityinsuranceservices
2026-04-14 02:33:16,105 | INFO | ai-websocket | [DB_CONTENT_PREVIEW]: <p>Protecting your health, family, and financial future starts with the right insurance strategy. We...
2026-04-14 02:33:16,107 | INFO | ai-websocket | [INTRO_SUCCESS]: Protecting your health, family, and financial futu...
2026-04-14 02:33:16,652 | INFO | ai-websocket | [RESPONSE_MODE] Sending Profile Intro. Skipping LLM.
2026-04-14 02:39:02,730 | WARNING | ai-websocket | [WS DISCONNECTED]
2026-04-14 02:40:03,918 | INFO | ai-websocket | [WS CONNECT] Origin: None
2026-04-14 02:40:07,141 | DEBUG | ai-websocket | [WS RECEIVED] Raw Data: {'query': 'who is raj bhatt', 'user_id': 402981, 'org_id': 1, 'conversation_id': None}
2026-04-14 02:40:07,143 | INFO | ai-websocket | [QUERY] User:402981 Org:1 : who is raj bhatt
2026-04-14 02:40:08,306 | DEBUG | ai-websocket | [CONVERSATION] ID: 523
2026-04-14 02:40:26,702 | INFO | ai-websocket | Intent detected: {'intent': 'SEARCH', 'type': 'professional', 'keywords': 'raj bhatt', 'location': '', 'rephrased_query': 'who is raj bhatt'}
2026-04-14 02:40:26,703 | DEBUG | ai-websocket | [INTENT] {'intent': 'SEARCH', 'type': 'professional', 'keywords': 'raj bhatt', 'location': '', 'rephrased_query': 'who is raj bhatt'}
2026-04-14 02:40:26,705 | DEBUG | ai-websocket | [BASE QUERY] raj bhatt
2026-04-14 02:40:32,793 | INFO | ai-websocket | [FOLLOWUP DETECT] {'is_followup': False, 'type': 'new topic'}
2026-04-14 02:40:32,795 | INFO | ai-websocket | [FINAL QUERY] raj bhatt
2026-04-14 02:40:32,795 | INFO | ai-websocket | [INTENT TYPE] professional | Location: 
2026-04-14 02:40:33,122 | INFO | ai-websocket | [SEARCH STAGE]: Trying Full Phrase Match for 'raj bhatt'
2026-04-14 02:40:33,124 | INFO | ai-websocket | --- STARTING DB EXECUTION ---
2026-04-14 02:40:33,124 | INFO | ai-websocket | SQL: 
            SELECT msi.title, msi.content, msi.category_text, msi.location_text, msi.slug, ua.package_id, ua.about_us
            FROM master_search_mastersearchindex msi
            LEFT JOIN user_accounts ua ON msi.user_name = ua.username
            WHERE msi.is_live = TRUE
             AND LOWER(msi.category_text) LIKE %s
                AND (LOWER(msi.title) LIKE %s OR LOWER(msi.content) LIKE %s)
                ORDER BY 
                    (CASE WHEN ua.package_id > 0 THEN 0 ELSE 1 END),
                    CASE 
                        WHEN LOWER(msi.title) = %s THEN 0
                        WHEN LOWER(msi.title) LIKE %s THEN 1
                        ELSE 2
                    END,
                    msi.id DESC
                LIMIT 100
                
2026-04-14 02:40:33,126 | INFO | ai-websocket | Params: ['%professional%', '%raj bhatt%', '%raj bhatt%', 'raj bhatt', '%raj bhatt%']
2026-04-14 02:40:36,104 | INFO | ai-websocket | [DB RAW COUNT]: 17 results found in database
2026-04-14 02:40:36,108 | INFO | ai-websocket | --- RAW RESULTS BEFORE SORTING ---
2026-04-14 02:40:36,110 | INFO | ai-websocket | Row 1: Raj Bhatt | Paid: True | PkgID: 5
2026-04-14 02:40:36,113 | INFO | ai-websocket | Row 2: DeepakRaj Bhatt | Paid: False | PkgID: None
2026-04-14 02:40:36,114 | INFO | ai-websocket | Row 3: Dheeraj Bhatt | Paid: False | PkgID: None
2026-04-14 02:40:36,114 | INFO | ai-websocket | Row 4: Deepak Raj Bhatt | Paid: False | PkgID: None
2026-04-14 02:40:36,115 | INFO | ai-websocket | Row 5: Neeraj Bhatt | Paid: False | PkgID: None
2026-04-14 02:40:36,115 | INFO | ai-websocket | --- RESULTS AFTER PRIORITY SORTING ---
2026-04-14 02:40:36,116 | INFO | ai-websocket | Sorted 1: Raj Bhatt | Paid: True
2026-04-14 02:40:36,116 | INFO | ai-websocket | Sorted 2: DeepakRaj Bhatt | Paid: False
2026-04-14 02:40:36,116 | INFO | ai-websocket | Sorted 3: Dheeraj Bhatt | Paid: False
2026-04-14 02:40:36,117 | INFO | ai-websocket | Sorted 4: Deepak Raj Bhatt | Paid: False
2026-04-14 02:40:36,118 | INFO | ai-websocket | Sorted 5: Neeraj Bhatt | Paid: False
2026-04-14 02:40:36,118 | INFO | ai-websocket | [SEARCH RESULT]: Successfully returning 6 results from DB
2026-04-14 02:40:36,984 | INFO | ai-websocket | [DB_INTRO] Sending 2-line intro for: Raj Bhatt
2026-04-14 02:40:37,637 | INFO | ai-websocket | [RESPONSE_MODE] Sending Profile Intro. Skipping LLM.
2026-04-14 02:44:54,023 | WARNING | ai-websocket | [WS DISCONNECTED]
2026-04-14 02:45:48,944 | INFO | ai-websocket | [WS CONNECT] Origin: None
2026-04-14 02:45:51,791 | DEBUG | ai-websocket | [WS RECEIVED] Raw Data: {'query': 'who is raj bhatt', 'user_id': 402981, 'org_id': 1, 'conversation_id': None}
2026-04-14 02:45:51,791 | INFO | ai-websocket | [QUERY] User:402981 Org:1 : who is raj bhatt
2026-04-14 02:45:53,175 | DEBUG | ai-websocket | [CONVERSATION] ID: 524
2026-04-14 02:46:01,685 | INFO | ai-websocket | Intent detected: {'intent': 'SEARCH', 'type': 'professional', 'keywords': 'raj bhatt', 'location': '', 'rephrased_query': 'who is raj bhatt'}
2026-04-14 02:46:01,685 | DEBUG | ai-websocket | [INTENT] {'intent': 'SEARCH', 'type': 'professional', 'keywords': 'raj bhatt', 'location': '', 'rephrased_query': 'who is raj bhatt'}
2026-04-14 02:46:10,183 | INFO | ai-websocket | [FOLLOWUP DETECT] {'is_followup': False, 'type': 'new topic'}
2026-04-14 02:46:10,513 | INFO | ai-websocket | [SEARCH STAGE]: Trying Full Phrase Match for 'raj bhatt'
2026-04-14 02:46:10,514 | INFO | ai-websocket | --- STARTING DB EXECUTION ---
2026-04-14 02:46:10,514 | INFO | ai-websocket | SQL: 
            SELECT msi.title, msi.content, msi.category_text, msi.location_text, msi.slug, ua.package_id, ua.about_us
            FROM master_search_mastersearchindex msi
            LEFT JOIN user_accounts ua ON msi.user_name = ua.username
            WHERE msi.is_live = TRUE
             AND LOWER(msi.category_text) LIKE %s
                AND (LOWER(msi.title) LIKE %s OR LOWER(msi.content) LIKE %s)
                ORDER BY 
                    (CASE WHEN ua.package_id > 0 THEN 0 ELSE 1 END),
                    CASE 
                        WHEN LOWER(msi.title) = %s THEN 0
                        WHEN LOWER(msi.title) LIKE %s THEN 1
                        ELSE 2
                    END,
                    msi.id DESC
                LIMIT 100
                
2026-04-14 02:46:10,514 | INFO | ai-websocket | Params: ['%professional%', '%raj bhatt%', '%raj bhatt%', 'raj bhatt', '%raj bhatt%']
2026-04-14 02:46:14,968 | INFO | ai-websocket | [DB RAW COUNT]: 17 results found in database
2026-04-14 02:46:14,968 | INFO | ai-websocket | --- RAW RESULTS BEFORE SORTING ---
2026-04-14 02:46:14,968 | INFO | ai-websocket | Row 1: Raj Bhatt | Paid: True | PkgID: 5
2026-04-14 02:46:14,968 | INFO | ai-websocket | Row 2: DeepakRaj Bhatt | Paid: False | PkgID: None
2026-04-14 02:46:14,968 | INFO | ai-websocket | Row 3: Dheeraj Bhatt | Paid: False | PkgID: None
2026-04-14 02:46:14,968 | INFO | ai-websocket | Row 4: Deepak Raj Bhatt | Paid: False | PkgID: None
2026-04-14 02:46:14,968 | INFO | ai-websocket | Row 5: Neeraj Bhatt | Paid: False | PkgID: None
2026-04-14 02:46:14,968 | INFO | ai-websocket | --- RESULTS AFTER PRIORITY SORTING ---
2026-04-14 02:46:14,968 | INFO | ai-websocket | Sorted 1: Raj Bhatt | Paid: True
2026-04-14 02:46:14,968 | INFO | ai-websocket | Sorted 2: DeepakRaj Bhatt | Paid: False
2026-04-14 02:46:14,968 | INFO | ai-websocket | Sorted 3: Dheeraj Bhatt | Paid: False
2026-04-14 02:46:14,968 | INFO | ai-websocket | Sorted 4: Deepak Raj Bhatt | Paid: False
2026-04-14 02:46:14,968 | INFO | ai-websocket | Sorted 5: Neeraj Bhatt | Paid: False
2026-04-14 02:46:14,968 | INFO | ai-websocket | [SEARCH RESULT]: Successfully returning 6 results from DB
2026-04-14 02:46:15,390 | INFO | ai-websocket | [DB_INTRO] Prepared 2-line intro for: Raj Bhatt
2026-04-14 02:46:15,546 | INFO | ai-websocket | [RESPONSE_MODE] Sending Profile Intro. Skipping LLM.
2026-04-14 02:47:25,882 | WARNING | ai-websocket | [WS DISCONNECTED]
2026-04-14 02:48:23,191 | INFO | ai-websocket | [WS CONNECT] Origin: None
2026-04-14 02:48:25,898 | DEBUG | ai-websocket | [WS RECEIVED] Raw Data: {'query': 'who is raj bhatt', 'user_id': 402981, 'org_id': 1, 'conversation_id': None}
2026-04-14 02:48:29,585 | INFO | ai-websocket | Intent detected: {'intent': 'SEARCH', 'type': 'professional', 'keywords': 'raj bhatt', 'location': '', 'rephrased_query': 'who is raj bhatt'}
2026-04-14 02:48:34,064 | INFO | ai-websocket | [SEARCH STAGE]: Trying Full Phrase Match for 'raj bhatt'
2026-04-14 02:48:34,064 | INFO | ai-websocket | --- STARTING DB EXECUTION ---
2026-04-14 02:48:34,064 | INFO | ai-websocket | SQL: 
            SELECT msi.title, msi.content, msi.category_text, msi.location_text, msi.slug, ua.package_id, ua.about_us
            FROM master_search_mastersearchindex msi
            LEFT JOIN user_accounts ua ON msi.user_name = ua.username
            WHERE msi.is_live = TRUE
             AND LOWER(msi.category_text) LIKE %s
                AND (LOWER(msi.title) LIKE %s OR LOWER(msi.content) LIKE %s)
                ORDER BY 
                    (CASE WHEN ua.package_id > 0 THEN 0 ELSE 1 END),
                    CASE 
                        WHEN LOWER(msi.title) = %s THEN 0
                        WHEN LOWER(msi.title) LIKE %s THEN 1
                        ELSE 2
                    END,
                    msi.id DESC
                LIMIT 100
                
2026-04-14 02:48:34,066 | INFO | ai-websocket | Params: ['%professional%', '%raj bhatt%', '%raj bhatt%', 'raj bhatt', '%raj bhatt%']
2026-04-14 02:48:36,435 | INFO | ai-websocket | [DB RAW COUNT]: 17 results found in database
2026-04-14 02:48:36,435 | INFO | ai-websocket | --- RAW RESULTS BEFORE SORTING ---
2026-04-14 02:48:36,435 | INFO | ai-websocket | Row 1: Raj Bhatt | Paid: True | PkgID: 5
2026-04-14 02:48:36,439 | INFO | ai-websocket | Row 2: DeepakRaj Bhatt | Paid: False | PkgID: None
2026-04-14 02:48:36,439 | INFO | ai-websocket | Row 3: Dheeraj Bhatt | Paid: False | PkgID: None
2026-04-14 02:48:36,439 | INFO | ai-websocket | Row 4: Deepak Raj Bhatt | Paid: False | PkgID: None
2026-04-14 02:48:36,439 | INFO | ai-websocket | Row 5: Neeraj Bhatt | Paid: False | PkgID: None
2026-04-14 02:48:36,441 | INFO | ai-websocket | --- RESULTS AFTER PRIORITY SORTING ---
2026-04-14 02:48:36,441 | INFO | ai-websocket | Sorted 1: Raj Bhatt | Paid: True
2026-04-14 02:48:36,441 | INFO | ai-websocket | Sorted 2: DeepakRaj Bhatt | Paid: False
2026-04-14 02:48:36,444 | INFO | ai-websocket | Sorted 3: Dheeraj Bhatt | Paid: False
2026-04-14 02:48:36,444 | INFO | ai-websocket | Sorted 4: Deepak Raj Bhatt | Paid: False
2026-04-14 02:48:36,444 | INFO | ai-websocket | Sorted 5: Neeraj Bhatt | Paid: False
2026-04-14 02:48:36,446 | INFO | ai-websocket | [SEARCH RESULT]: Successfully returning 6 results from DB
2026-04-14 02:48:36,779 | INFO | ai-websocket | [DB_INTRO] Prepared: Accomplished entrepreneur with over 30 years of ex...
2026-04-14 02:48:37,169 | INFO | ai-websocket | [WS SENDING] Sending 6 results/cards.
2026-04-14 02:48:37,171 | INFO | ai-websocket | [RESPONSE_MODE] Sending Profile Intro. Skipping LLM.
2026-04-14 02:50:24,421 | WARNING | ai-websocket | [WS DISCONNECTED]
2026-04-14 02:51:15,550 | INFO | ai-websocket | [WS CONNECT] Origin: None
2026-04-14 02:51:17,661 | DEBUG | ai-websocket | [WS RECEIVED] Raw Data: {'query': 'who is raj bhatt', 'user_id': 402981, 'org_id': 1, 'conversation_id': None}
2026-04-14 02:51:24,158 | INFO | ai-websocket | Intent detected: {'intent': 'SEARCH', 'type': 'professional', 'keywords': 'raj bhatt', 'location': '', 'rephrased_query': 'who is raj bhatt'}
2026-04-14 02:51:31,038 | INFO | ai-websocket | [SEARCH STAGE]: Trying Full Phrase Match for 'raj bhatt'
2026-04-14 02:51:31,040 | INFO | ai-websocket | --- STARTING DB EXECUTION ---
2026-04-14 02:51:31,044 | INFO | ai-websocket | SQL: 
            SELECT msi.title, msi.content, msi.category_text, msi.location_text, msi.slug, ua.package_id, ua.about_us
            FROM master_search_mastersearchindex msi
            LEFT JOIN user_accounts ua ON msi.user_name = ua.username
            WHERE msi.is_live = TRUE
             AND LOWER(msi.category_text) LIKE %s
                AND (LOWER(msi.title) LIKE %s OR LOWER(msi.content) LIKE %s)
                ORDER BY 
                    (CASE WHEN ua.package_id > 0 THEN 0 ELSE 1 END),
                    CASE 
                        WHEN LOWER(msi.title) = %s THEN 0
                        WHEN LOWER(msi.title) LIKE %s THEN 1
                        ELSE 2
                    END,
                    msi.id DESC
                LIMIT 100
                
2026-04-14 02:51:31,044 | INFO | ai-websocket | Params: ['%professional%', '%raj bhatt%', '%raj bhatt%', 'raj bhatt', '%raj bhatt%']
2026-04-14 02:51:33,565 | INFO | ai-websocket | [DB RAW COUNT]: 17 results found in database
2026-04-14 02:51:33,567 | INFO | ai-websocket | --- RAW RESULTS BEFORE SORTING ---
2026-04-14 02:51:33,567 | INFO | ai-websocket | Row 1: Raj Bhatt | Paid: True | PkgID: 5
2026-04-14 02:51:33,567 | INFO | ai-websocket | Row 2: DeepakRaj Bhatt | Paid: False | PkgID: None
2026-04-14 02:51:33,567 | INFO | ai-websocket | Row 3: Dheeraj Bhatt | Paid: False | PkgID: None
2026-04-14 02:51:33,567 | INFO | ai-websocket | Row 4: Deepak Raj Bhatt | Paid: False | PkgID: None
2026-04-14 02:51:33,567 | INFO | ai-websocket | Row 5: Neeraj Bhatt | Paid: False | PkgID: None
2026-04-14 02:51:33,571 | INFO | ai-websocket | --- RESULTS AFTER PRIORITY SORTING ---
2026-04-14 02:51:33,571 | INFO | ai-websocket | Sorted 1: Raj Bhatt | Paid: True
2026-04-14 02:51:33,571 | INFO | ai-websocket | Sorted 2: DeepakRaj Bhatt | Paid: False
2026-04-14 02:51:33,571 | INFO | ai-websocket | Sorted 3: Dheeraj Bhatt | Paid: False
2026-04-14 02:51:33,571 | INFO | ai-websocket | Sorted 4: Deepak Raj Bhatt | Paid: False
2026-04-14 02:51:33,571 | INFO | ai-websocket | Sorted 5: Neeraj Bhatt | Paid: False
2026-04-14 02:51:33,571 | INFO | ai-websocket | [SEARCH RESULT]: Successfully returning 6 results from DB
2026-04-14 02:51:34,921 | INFO | ai-websocket | [WS SENDING] Sending 6 results/cards.
2026-04-14 02:51:35,035 | INFO | ai-websocket | [RESPONSE_MODE] Sending Profile Intro.
2026-04-14 02:55:00,441 | WARNING | ai-websocket | [WS DISCONNECTED]
2026-04-14 02:56:48,427 | INFO | ai-websocket | [WS CONNECT] Origin: None
2026-04-14 02:56:51,268 | DEBUG | ai-websocket | [WS RECEIVED] Raw Data: {'query': 'who is raj bhatt', 'user_id': 402981, 'org_id': 1, 'conversation_id': None}
2026-04-14 02:56:51,268 | INFO | ai-websocket | [QUERY] User:402981 Org:1 : who is raj bhatt
2026-04-14 02:56:52,653 | DEBUG | ai-websocket | [CONVERSATION] ID: 527
2026-04-14 02:57:04,857 | INFO | ai-websocket | Intent detected: {'intent': 'SEARCH', 'type': 'professional', 'keywords': 'raj bhatt', 'location': '', 'rephrased_query': 'who is raj bhatt'}
2026-04-14 02:57:04,857 | DEBUG | ai-websocket | [INTENT] {'intent': 'SEARCH', 'type': 'professional', 'keywords': 'raj bhatt', 'location': '', 'rephrased_query': 'who is raj bhatt'}
2026-04-14 02:57:13,751 | INFO | ai-websocket | [FOLLOWUP DETECT] {'is_followup': False, 'type': 'new topic'}
2026-04-14 02:57:14,081 | INFO | ai-websocket | [SEARCH STAGE]: Trying Full Phrase Match for 'raj bhatt'
2026-04-14 02:57:14,081 | INFO | ai-websocket | --- STARTING DB EXECUTION ---
2026-04-14 02:57:14,081 | INFO | ai-websocket | SQL: 
            SELECT msi.title, msi.content, msi.category_text, msi.location_text, msi.slug, ua.package_id, ua.about_us
            FROM master_search_mastersearchindex msi
            LEFT JOIN user_accounts ua ON msi.user_name = ua.username
            WHERE msi.is_live = TRUE
             AND LOWER(msi.category_text) LIKE %s
                AND (LOWER(msi.title) LIKE %s OR LOWER(msi.content) LIKE %s)
                ORDER BY 
                    (CASE WHEN ua.package_id > 0 THEN 0 ELSE 1 END),
                    CASE 
                        WHEN LOWER(msi.title) = %s THEN 0
                        WHEN LOWER(msi.title) LIKE %s THEN 1
                        ELSE 2
                    END,
                    msi.id DESC
                LIMIT 100
                
2026-04-14 02:57:14,081 | INFO | ai-websocket | Params: ['%professional%', '%raj bhatt%', '%raj bhatt%', 'raj bhatt', '%raj bhatt%']
2026-04-14 02:57:17,824 | INFO | ai-websocket | [DB RAW COUNT]: 17 results found in database
2026-04-14 02:57:17,824 | INFO | ai-websocket | --- RAW RESULTS BEFORE SORTING ---
2026-04-14 02:57:17,824 | INFO | ai-websocket | Row 1: Raj Bhatt | Paid: True | PkgID: 5
2026-04-14 02:57:17,824 | INFO | ai-websocket | Row 2: DeepakRaj Bhatt | Paid: False | PkgID: None
2026-04-14 02:57:17,828 | INFO | ai-websocket | Row 3: Dheeraj Bhatt | Paid: False | PkgID: None
2026-04-14 02:57:17,828 | INFO | ai-websocket | Row 4: Deepak Raj Bhatt | Paid: False | PkgID: None
2026-04-14 02:57:17,828 | INFO | ai-websocket | Row 5: Neeraj Bhatt | Paid: False | PkgID: None
2026-04-14 02:57:17,828 | INFO | ai-websocket | --- RESULTS AFTER PRIORITY SORTING ---
2026-04-14 02:57:17,828 | INFO | ai-websocket | Sorted 1: Raj Bhatt | Paid: True
2026-04-14 02:57:17,830 | INFO | ai-websocket | Sorted 2: DeepakRaj Bhatt | Paid: False
2026-04-14 02:57:17,830 | INFO | ai-websocket | Sorted 3: Dheeraj Bhatt | Paid: False
2026-04-14 02:57:17,830 | INFO | ai-websocket | Sorted 4: Deepak Raj Bhatt | Paid: False
2026-04-14 02:57:17,831 | INFO | ai-websocket | Sorted 5: Neeraj Bhatt | Paid: False
2026-04-14 02:57:17,831 | INFO | ai-websocket | [SEARCH RESULT]: Successfully returning 6 results from DB
2026-04-14 02:57:18,615 | INFO | ai-websocket | [DB_INTRO] Found about_us for intro.
2026-04-14 02:57:18,958 | INFO | ai-websocket | [RESPONSE_MODE] Sending DB Intro instead of LLM.
2026-04-14 02:58:32,023 | WARNING | ai-websocket | [WS DISCONNECTED]
2026-04-14 02:59:44,045 | INFO | ai-websocket | [WS CONNECT] Origin: None
2026-04-14 02:59:45,537 | DEBUG | ai-websocket | [WS RECEIVED] Raw Data: {'query': 'who is raj bhatt', 'user_id': 402981, 'org_id': 1, 'conversation_id': None}
2026-04-14 02:59:45,538 | INFO | ai-websocket | [QUERY] User:402981 Org:1 : who is raj bhatt
2026-04-14 02:59:50,572 | INFO | ai-websocket | Intent detected: {'intent': 'PROFESSIONAL', 'type': 'professional', 'keywords': 'raj bhatt', 'location': '', 'rephrased_query': 'who is raj bhatt'}
2026-04-14 02:59:55,062 | INFO | ai-websocket | [SEARCH STAGE]: Trying Full Phrase Match for 'raj bhatt'
2026-04-14 02:59:55,062 | INFO | ai-websocket | --- STARTING DB EXECUTION ---
2026-04-14 02:59:55,062 | INFO | ai-websocket | SQL: 
            SELECT msi.title, msi.content, msi.category_text, msi.location_text, msi.slug, ua.package_id, ua.about_us
            FROM master_search_mastersearchindex msi
            LEFT JOIN user_accounts ua ON msi.user_name = ua.username
            WHERE msi.is_live = TRUE
             AND LOWER(msi.category_text) LIKE %s
                AND (LOWER(msi.title) LIKE %s OR LOWER(msi.content) LIKE %s)
                ORDER BY 
                    (CASE WHEN ua.package_id > 0 THEN 0 ELSE 1 END),
                    CASE 
                        WHEN LOWER(msi.title) = %s THEN 0
                        WHEN LOWER(msi.title) LIKE %s THEN 1
                        ELSE 2
                    END,
                    msi.id DESC
                LIMIT 100
                
2026-04-14 02:59:55,066 | INFO | ai-websocket | Params: ['%professional%', '%raj bhatt%', '%raj bhatt%', 'raj bhatt', '%raj bhatt%']
2026-04-14 02:59:58,051 | INFO | ai-websocket | [DB RAW COUNT]: 17 results found in database
2026-04-14 02:59:58,051 | INFO | ai-websocket | --- RAW RESULTS BEFORE SORTING ---
2026-04-14 02:59:58,051 | INFO | ai-websocket | Row 1: Raj Bhatt | Paid: True | PkgID: 5
2026-04-14 02:59:58,051 | INFO | ai-websocket | Row 2: DeepakRaj Bhatt | Paid: False | PkgID: None
2026-04-14 02:59:58,051 | INFO | ai-websocket | Row 3: Dheeraj Bhatt | Paid: False | PkgID: None
2026-04-14 02:59:58,051 | INFO | ai-websocket | Row 4: Deepak Raj Bhatt | Paid: False | PkgID: None
2026-04-14 02:59:58,051 | INFO | ai-websocket | Row 5: Neeraj Bhatt | Paid: False | PkgID: None
2026-04-14 02:59:58,051 | INFO | ai-websocket | --- RESULTS AFTER PRIORITY SORTING ---
2026-04-14 02:59:58,051 | INFO | ai-websocket | Sorted 1: Raj Bhatt | Paid: True
2026-04-14 02:59:58,051 | INFO | ai-websocket | Sorted 2: DeepakRaj Bhatt | Paid: False
2026-04-14 02:59:58,051 | INFO | ai-websocket | Sorted 3: Dheeraj Bhatt | Paid: False
2026-04-14 02:59:58,051 | INFO | ai-websocket | Sorted 4: Deepak Raj Bhatt | Paid: False
2026-04-14 02:59:58,051 | INFO | ai-websocket | Sorted 5: Neeraj Bhatt | Paid: False
2026-04-14 02:59:58,051 | INFO | ai-websocket | [SEARCH RESULT]: Successfully returning 6 results from DB
2026-04-14 02:59:58,590 | INFO | ai-websocket | [RESPONSE_MODE] Profile Intro found. Skipping LLM.
2026-04-14 03:04:26,595 | WARNING | ai-websocket | [WS DISCONNECTED]
2026-04-14 03:06:10,869 | INFO | ai-websocket | [WS CONNECT] Origin: None
2026-04-14 03:06:24,686 | DEBUG | ai-websocket | [WS RECEIVED] Raw Data: {'query': 'who is raj bhatt', 'user_id': 402981, 'org_id': 1, 'conversation_id': None}
2026-04-14 03:06:24,686 | INFO | ai-websocket | [QUERY] User:402981 Org:1 : who is raj bhatt
2026-04-14 03:06:25,778 | DEBUG | ai-websocket | [CONVERSATION] ID: 529
2026-04-14 03:06:33,935 | INFO | ai-websocket | Intent detected: {'intent': 'SEARCH', 'type': 'professional', 'keywords': 'raj bhatt', 'location': '', 'rephrased_query': 'who is raj bhatt'}
2026-04-14 03:06:33,935 | DEBUG | ai-websocket | [INTENT] {'intent': 'SEARCH', 'type': 'professional', 'keywords': 'raj bhatt', 'location': '', 'rephrased_query': 'who is raj bhatt'}
2026-04-14 03:06:33,937 | DEBUG | ai-websocket | [BASE QUERY] raj bhatt
2026-04-14 03:06:41,950 | INFO | ai-websocket | [FOLLOWUP DETECT] {'is_followup': False, 'type': 'new topic'}
2026-04-14 03:06:41,950 | INFO | ai-websocket | [FINAL QUERY] raj bhatt
2026-04-14 03:06:41,950 | INFO | ai-websocket | [INTENT TYPE] professional | Location: 
2026-04-14 03:06:42,282 | INFO | ai-websocket | [SEARCH STAGE]: Trying Full Phrase Match for 'raj bhatt'
2026-04-14 03:06:42,284 | INFO | ai-websocket | --- STARTING DB EXECUTION ---
2026-04-14 03:06:42,284 | INFO | ai-websocket | SQL: 
            SELECT msi.title, msi.content, msi.category_text, msi.location_text, msi.slug, ua.package_id
            FROM master_search_mastersearchindex msi
            LEFT JOIN user_accounts ua ON msi.user_name = ua.username
            WHERE msi.is_live = TRUE
             AND LOWER(msi.category_text) LIKE %s
                AND (LOWER(msi.title) LIKE %s OR LOWER(msi.content) LIKE %s)
                ORDER BY 
                    (CASE WHEN ua.package_id > 0 THEN 0 ELSE 1 END),
                    CASE 
                        WHEN LOWER(msi.title) = %s THEN 0
                        WHEN LOWER(msi.title) LIKE %s THEN 1
                        ELSE 2
                    END,
                    msi.id DESC
                LIMIT 100
                
2026-04-14 03:06:42,284 | INFO | ai-websocket | Params: ['%professional%', '%raj bhatt%', '%raj bhatt%', 'raj bhatt', '%raj bhatt%']
2026-04-14 03:06:45,297 | INFO | ai-websocket | [DB RAW COUNT]: 17 results found in database
2026-04-14 03:06:45,297 | INFO | ai-websocket | --- RAW RESULTS BEFORE SORTING ---
2026-04-14 03:06:45,297 | INFO | ai-websocket | Row 1: Raj Bhatt | Paid: True | PkgID: 5
2026-04-14 03:06:45,297 | INFO | ai-websocket | Row 2: DeepakRaj Bhatt | Paid: False | PkgID: None
2026-04-14 03:06:45,297 | INFO | ai-websocket | Row 3: Dheeraj Bhatt | Paid: False | PkgID: None
2026-04-14 03:06:45,297 | INFO | ai-websocket | Row 4: Deepak Raj Bhatt | Paid: False | PkgID: None
2026-04-14 03:06:45,297 | INFO | ai-websocket | Row 5: Neeraj Bhatt | Paid: False | PkgID: None
2026-04-14 03:06:45,301 | INFO | ai-websocket | --- RESULTS AFTER PRIORITY SORTING ---
2026-04-14 03:06:45,301 | INFO | ai-websocket | Sorted 1: Raj Bhatt | Paid: True
2026-04-14 03:06:45,301 | INFO | ai-websocket | Sorted 2: DeepakRaj Bhatt | Paid: False
2026-04-14 03:06:45,302 | INFO | ai-websocket | Sorted 3: Dheeraj Bhatt | Paid: False
2026-04-14 03:06:45,303 | INFO | ai-websocket | Sorted 4: Deepak Raj Bhatt | Paid: False
2026-04-14 03:06:45,303 | INFO | ai-websocket | Sorted 5: Neeraj Bhatt | Paid: False
2026-04-14 03:06:45,303 | INFO | ai-websocket | [SEARCH RESULT]: Successfully returning 6 results from DB
2026-04-14 03:07:27,612 | DEBUG | ai-websocket | [WS RECEIVED] Raw Data: {'query': 'furniture suppliers', 'user_id': 402981, 'org_id': 1, 'conversation_id': None}
2026-04-14 03:07:27,612 | INFO | ai-websocket | [QUERY] User:402981 Org:1 : furniture suppliers
2026-04-14 03:07:29,468 | DEBUG | ai-websocket | [CONVERSATION] ID: 530
2026-04-14 03:07:32,672 | INFO | ai-websocket | Intent detected: {'intent': 'SEARCH', 'type': 'supplier', 'keywords': 'furniture', 'location': '', 'rephrased_query': 'furniture suppliers'}
2026-04-14 03:07:32,674 | DEBUG | ai-websocket | [INTENT] {'intent': 'SEARCH', 'type': 'supplier', 'keywords': 'furniture', 'location': '', 'rephrased_query': 'furniture suppliers'}
2026-04-14 03:07:32,674 | DEBUG | ai-websocket | [BASE QUERY] furniture
2026-04-14 03:07:35,359 | INFO | ai-websocket | [FOLLOWUP DETECT] {'is_followup': False, 'type': 'new topic'}
2026-04-14 03:07:35,359 | INFO | ai-websocket | [FINAL QUERY] furniture
2026-04-14 03:07:35,359 | INFO | ai-websocket | [INTENT TYPE] supplier | Location: 
2026-04-14 03:07:35,684 | INFO | ai-websocket | [SEARCH STAGE]: Trying Full Phrase Match for 'furniture'
2026-04-14 03:07:35,684 | INFO | ai-websocket | --- STARTING DB EXECUTION ---
2026-04-14 03:07:35,684 | INFO | ai-websocket | SQL: 
            SELECT msi.title, msi.content, msi.category_text, msi.location_text, msi.slug, ua.package_id
            FROM master_search_mastersearchindex msi
            LEFT JOIN user_accounts ua ON msi.user_name = ua.username
            WHERE msi.is_live = TRUE
             AND LOWER(msi.category_text) LIKE %s
                AND (LOWER(msi.title) LIKE %s OR LOWER(msi.content) LIKE %s)
                ORDER BY 
                    (CASE WHEN ua.package_id > 0 THEN 0 ELSE 1 END),
                    CASE 
                        WHEN LOWER(msi.title) = %s THEN 0
                        WHEN LOWER(msi.title) LIKE %s THEN 1
                        ELSE 2
                    END,
                    msi.id DESC
                LIMIT 100
                
2026-04-14 03:07:35,691 | INFO | ai-websocket | Params: ['%supplier%', '%furniture%', '%furniture%', 'furniture', '%furniture%']
2026-04-14 03:07:37,663 | INFO | ai-websocket | [DB RAW COUNT]: 98 results found in database
2026-04-14 03:07:37,668 | INFO | ai-websocket | --- RAW RESULTS BEFORE SORTING ---
2026-04-14 03:07:37,668 | INFO | ai-websocket | Row 1: Royse Furniture Ind LLC | Paid: False | PkgID: None
2026-04-14 03:07:37,670 | INFO | ai-websocket | Row 2: Teak House Furniture | Paid: False | PkgID: None
2026-04-14 03:07:37,671 | INFO | ai-websocket | Row 3: SAN Furniture | Paid: False | PkgID: None
2026-04-14 03:07:37,672 | INFO | ai-websocket | Row 4: Fatima Furniture | Paid: False | PkgID: None
2026-04-14 03:07:37,673 | INFO | ai-websocket | Row 5: FurnitureRoots | Paid: False | PkgID: None
2026-04-14 03:07:37,675 | INFO | ai-websocket | --- RESULTS AFTER PRIORITY SORTING ---
2026-04-14 03:07:37,675 | INFO | ai-websocket | Sorted 1: Royse Furniture Ind LLC | Paid: False
2026-04-14 03:07:37,675 | INFO | ai-websocket | Sorted 2: Teak House Furniture | Paid: False
2026-04-14 03:07:37,678 | INFO | ai-websocket | Sorted 3: SAN Furniture | Paid: False
2026-04-14 03:07:37,678 | INFO | ai-websocket | Sorted 4: Fatima Furniture | Paid: False
2026-04-14 03:07:37,696 | INFO | ai-websocket | Sorted 5: FurnitureRoots | Paid: False
2026-04-14 03:07:37,696 | INFO | ai-websocket | [SEARCH RESULT]: Successfully returning 6 results from DB
2026-04-14 03:08:02,381 | DEBUG | ai-websocket | [WS RECEIVED] Raw Data: {'query': 'Yuni hunter', 'user_id': 402981, 'org_id': 1, 'conversation_id': None}
2026-04-14 03:08:02,383 | INFO | ai-websocket | [QUERY] User:402981 Org:1 : Yuni hunter
2026-04-14 03:08:03,946 | DEBUG | ai-websocket | [CONVERSATION] ID: 531
2026-04-14 03:08:08,699 | INFO | ai-websocket | Intent detected: {'intent': 'SEARCH', 'type': 'job', 'keywords': 'yuni hunter', 'location': '', 'rephrased_query': 'yuni hunter'}
2026-04-14 03:08:08,699 | DEBUG | ai-websocket | [INTENT] {'intent': 'SEARCH', 'type': 'job', 'keywords': 'yuni hunter', 'location': '', 'rephrased_query': 'yuni hunter'}
2026-04-14 03:08:08,699 | DEBUG | ai-websocket | [BASE QUERY] yuni hunter
2026-04-14 03:08:12,316 | INFO | ai-websocket | [FOLLOWUP DETECT] {'is_followup': False, 'type': 'switch'}
2026-04-14 03:08:12,317 | INFO | ai-websocket | [FINAL QUERY] yuni hunter
2026-04-14 03:08:12,317 | INFO | ai-websocket | [INTENT TYPE] job | Location: 
2026-04-14 03:08:12,691 | INFO | ai-websocket | [SEARCH STAGE]: Trying Full Phrase Match for 'yuni hunter'
2026-04-14 03:08:12,691 | INFO | ai-websocket | --- STARTING DB EXECUTION ---
2026-04-14 03:08:12,691 | INFO | ai-websocket | SQL: 
            SELECT msi.title, msi.content, msi.category_text, msi.location_text, msi.slug, ua.package_id
            FROM master_search_mastersearchindex msi
            LEFT JOIN user_accounts ua ON msi.user_name = ua.username
            WHERE msi.is_live = TRUE
             AND LOWER(msi.category_text) LIKE %s
                AND (LOWER(msi.title) LIKE %s OR LOWER(msi.content) LIKE %s)
                ORDER BY 
                    (CASE WHEN ua.package_id > 0 THEN 0 ELSE 1 END),
                    CASE 
                        WHEN LOWER(msi.title) = %s THEN 0
                        WHEN LOWER(msi.title) LIKE %s THEN 1
                        ELSE 2
                    END,
                    msi.id DESC
                LIMIT 100
                
2026-04-14 03:08:12,691 | INFO | ai-websocket | Params: ['%job%', '%yuni hunter%', '%yuni hunter%', 'yuni hunter', '%yuni hunter%']
2026-04-14 03:08:13,760 | INFO | ai-websocket | [DB RAW COUNT]: 0 results found in database
2026-04-14 03:08:13,760 | INFO | ai-websocket | [SEARCH STAGE]: Full phrase failed. Trying AND condition for words: ['yuni', 'hunter']
2026-04-14 03:08:13,760 | INFO | ai-websocket | --- STARTING DB EXECUTION ---
2026-04-14 03:08:13,760 | INFO | ai-websocket | SQL: 
            SELECT msi.title, msi.content, msi.category_text, msi.location_text, msi.slug, ua.package_id
            FROM master_search_mastersearchindex msi
            LEFT JOIN user_accounts ua ON msi.user_name = ua.username
            WHERE msi.is_live = TRUE
             AND LOWER(msi.category_text) LIKE %s AND (LOWER(msi.title) LIKE %s OR LOWER(msi.content) LIKE %s) AND (LOWER(msi.title) LIKE %s OR LOWER(msi.content) LIKE %s) ORDER BY (CASE WHEN ua.package_id > 0 THEN 0 ELSE 1 END), msi.id DESC LIMIT 100
2026-04-14 03:08:13,760 | INFO | ai-websocket | Params: ['%job%', '%yuni%', '%yuni%', '%hunter%', '%hunter%']
2026-04-14 03:08:14,234 | INFO | ai-websocket | [DB RAW COUNT]: 0 results found in database
2026-04-14 03:08:14,234 | INFO | ai-websocket | [SEARCH STAGE]: AND match failed. Trying OR condition for words: ['yuni', 'hunter']
2026-04-14 03:08:14,234 | INFO | ai-websocket | --- STARTING DB EXECUTION ---
2026-04-14 03:08:14,234 | INFO | ai-websocket | SQL: 
            SELECT msi.title, msi.content, msi.category_text, msi.location_text, msi.slug, ua.package_id
            FROM master_search_mastersearchindex msi
            LEFT JOIN user_accounts ua ON msi.user_name = ua.username
            WHERE msi.is_live = TRUE
             AND LOWER(msi.category_text) LIKE %s AND ((LOWER(msi.title) LIKE %s OR LOWER(msi.content) LIKE %s) OR (LOWER(msi.title) LIKE %s OR LOWER(msi.content) LIKE %s)) ORDER BY (CASE WHEN ua.package_id > 0 THEN 0 ELSE 1 END), msi.id DESC LIMIT 100
2026-04-14 03:08:14,234 | INFO | ai-websocket | Params: ['%job%', '%yuni%', '%yuni%', '%hunter%', '%hunter%']
2026-04-14 03:08:14,767 | INFO | ai-websocket | [DB RAW COUNT]: 5 results found in database
2026-04-14 03:08:14,768 | INFO | ai-websocket | --- RAW RESULTS BEFORE SORTING ---
2026-04-14 03:08:14,768 | INFO | ai-websocket | Row 1: Sales Hunter- Task Force | Paid: False | PkgID: None
2026-04-14 03:08:14,768 | INFO | ai-websocket | Row 2: Room Attendant - voco Kirkton Park Hunter Valley | Paid: False | PkgID: None
2026-04-14 03:08:14,768 | INFO | ai-websocket | Row 3: Food and Beverage Attendant - voco Kirkton Park Hunter Valley | Paid: False | PkgID: None
2026-04-14 03:08:14,768 | INFO | ai-websocket | Row 4: Food & Beverage Supervisor - voco Kirkton Park Hunter Valley | Paid: False | PkgID: None
2026-04-14 03:08:14,771 | INFO | ai-websocket | Row 5: Meetings & Events Planner | Paid: False | PkgID: None
2026-04-14 03:08:14,771 | INFO | ai-websocket | --- RESULTS AFTER PRIORITY SORTING ---
2026-04-14 03:08:14,771 | INFO | ai-websocket | Sorted 1: Sales Hunter- Task Force | Paid: False
2026-04-14 03:08:14,774 | INFO | ai-websocket | Sorted 2: Room Attendant - voco Kirkton Park Hunter Valley | Paid: False
2026-04-14 03:08:14,774 | INFO | ai-websocket | Sorted 3: Food and Beverage Attendant - voco Kirkton Park Hunter Valley | Paid: False
2026-04-14 03:08:14,776 | INFO | ai-websocket | Sorted 4: Food & Beverage Supervisor - voco Kirkton Park Hunter Valley | Paid: False
2026-04-14 03:08:14,778 | INFO | ai-websocket | Sorted 5: Meetings & Events Planner | Paid: False
2026-04-14 03:08:14,782 | INFO | ai-websocket | [SEARCH RESULT]: Successfully returning 5 results from DB
2026-04-14 03:08:37,172 | WARNING | ai-websocket | [WS DISCONNECTED]
2026-04-14 03:08:42,408 | INFO | ai-websocket | [WS CONNECT] Origin: None
2026-04-14 03:08:46,753 | DEBUG | ai-websocket | [WS RECEIVED] Raw Data: {'query': 'Yuni hunter', 'user_id': 402981, 'org_id': 1, 'conversation_id': None}
2026-04-14 03:08:46,753 | INFO | ai-websocket | [QUERY] User:402981 Org:1 : Yuni hunter
2026-04-14 03:08:48,083 | DEBUG | ai-websocket | [CONVERSATION] ID: 532
2026-04-14 03:08:52,973 | INFO | ai-websocket | Intent detected: {'intent': 'SEARCH', 'type': 'job', 'keywords': 'yuni hunter', 'location': '', 'rephrased_query': 'yuni hunter'}
2026-04-14 03:08:52,973 | DEBUG | ai-websocket | [INTENT] {'intent': 'SEARCH', 'type': 'job', 'keywords': 'yuni hunter', 'location': '', 'rephrased_query': 'yuni hunter'}
2026-04-14 03:08:52,973 | DEBUG | ai-websocket | [BASE QUERY] yuni hunter
2026-04-14 03:08:56,270 | INFO | ai-websocket | [FOLLOWUP DETECT] {'is_followup': False, 'type': 'switch'}
2026-04-14 03:08:56,270 | INFO | ai-websocket | [FINAL QUERY] yuni hunter
2026-04-14 03:08:56,270 | INFO | ai-websocket | [INTENT TYPE] job | Location: 
2026-04-14 03:08:56,602 | INFO | ai-websocket | [SEARCH STAGE]: Trying Full Phrase Match for 'yuni hunter'
2026-04-14 03:08:56,602 | INFO | ai-websocket | --- STARTING DB EXECUTION ---
2026-04-14 03:08:56,602 | INFO | ai-websocket | SQL: 
            SELECT msi.title, msi.content, msi.category_text, msi.location_text, msi.slug, ua.package_id
            FROM master_search_mastersearchindex msi
            LEFT JOIN user_accounts ua ON msi.user_name = ua.username
            WHERE msi.is_live = TRUE
             AND LOWER(msi.category_text) LIKE %s
                AND (LOWER(msi.title) LIKE %s OR LOWER(msi.content) LIKE %s)
                ORDER BY 
                    (CASE WHEN ua.package_id > 0 THEN 0 ELSE 1 END),
                    CASE 
                        WHEN LOWER(msi.title) = %s THEN 0
                        WHEN LOWER(msi.title) LIKE %s THEN 1
                        ELSE 2
                    END,
                    msi.id DESC
                LIMIT 100
                
2026-04-14 03:08:56,602 | INFO | ai-websocket | Params: ['%job%', '%yuni hunter%', '%yuni hunter%', 'yuni hunter', '%yuni hunter%']
2026-04-14 03:08:57,493 | INFO | ai-websocket | [DB RAW COUNT]: 0 results found in database
2026-04-14 03:08:57,493 | INFO | ai-websocket | [SEARCH STAGE]: Full phrase failed. Trying AND condition for words: ['yuni', 'hunter']
2026-04-14 03:08:57,493 | INFO | ai-websocket | --- STARTING DB EXECUTION ---
2026-04-14 03:08:57,493 | INFO | ai-websocket | SQL: 
            SELECT msi.title, msi.content, msi.category_text, msi.location_text, msi.slug, ua.package_id
            FROM master_search_mastersearchindex msi
            LEFT JOIN user_accounts ua ON msi.user_name = ua.username
            WHERE msi.is_live = TRUE
             AND LOWER(msi.category_text) LIKE %s AND (LOWER(msi.title) LIKE %s OR LOWER(msi.content) LIKE %s) AND (LOWER(msi.title) LIKE %s OR LOWER(msi.content) LIKE %s) ORDER BY (CASE WHEN ua.package_id > 0 THEN 0 ELSE 1 END), msi.id DESC LIMIT 100
2026-04-14 03:08:57,493 | INFO | ai-websocket | Params: ['%job%', '%yuni%', '%yuni%', '%hunter%', '%hunter%']
2026-04-14 03:08:57,983 | INFO | ai-websocket | [DB RAW COUNT]: 0 results found in database
2026-04-14 03:08:57,984 | INFO | ai-websocket | [SEARCH STAGE]: AND match failed. Trying OR condition for words: ['yuni', 'hunter']
2026-04-14 03:08:57,984 | INFO | ai-websocket | --- STARTING DB EXECUTION ---
2026-04-14 03:08:57,985 | INFO | ai-websocket | SQL: 
            SELECT msi.title, msi.content, msi.category_text, msi.location_text, msi.slug, ua.package_id
            FROM master_search_mastersearchindex msi
            LEFT JOIN user_accounts ua ON msi.user_name = ua.username
            WHERE msi.is_live = TRUE
             AND LOWER(msi.category_text) LIKE %s AND ((LOWER(msi.title) LIKE %s OR LOWER(msi.content) LIKE %s) OR (LOWER(msi.title) LIKE %s OR LOWER(msi.content) LIKE %s)) ORDER BY (CASE WHEN ua.package_id > 0 THEN 0 ELSE 1 END), msi.id DESC LIMIT 100
2026-04-14 03:08:57,985 | INFO | ai-websocket | Params: ['%job%', '%yuni%', '%yuni%', '%hunter%', '%hunter%']
2026-04-14 03:08:58,511 | INFO | ai-websocket | [DB RAW COUNT]: 5 results found in database
2026-04-14 03:08:58,511 | INFO | ai-websocket | --- RAW RESULTS BEFORE SORTING ---
2026-04-14 03:08:58,514 | INFO | ai-websocket | Row 1: Sales Hunter- Task Force | Paid: False | PkgID: None
2026-04-14 03:08:58,514 | INFO | ai-websocket | Row 2: Room Attendant - voco Kirkton Park Hunter Valley | Paid: False | PkgID: None
2026-04-14 03:08:58,514 | INFO | ai-websocket | Row 3: Food and Beverage Attendant - voco Kirkton Park Hunter Valley | Paid: False | PkgID: None
2026-04-14 03:08:58,516 | INFO | ai-websocket | Row 4: Food & Beverage Supervisor - voco Kirkton Park Hunter Valley | Paid: False | PkgID: None
2026-04-14 03:08:58,516 | INFO | ai-websocket | Row 5: Meetings & Events Planner | Paid: False | PkgID: None
2026-04-14 03:08:58,516 | INFO | ai-websocket | --- RESULTS AFTER PRIORITY SORTING ---
2026-04-14 03:08:58,516 | INFO | ai-websocket | Sorted 1: Sales Hunter- Task Force | Paid: False
2026-04-14 03:08:58,517 | INFO | ai-websocket | Sorted 2: Room Attendant - voco Kirkton Park Hunter Valley | Paid: False
2026-04-14 03:08:58,519 | INFO | ai-websocket | Sorted 3: Food and Beverage Attendant - voco Kirkton Park Hunter Valley | Paid: False
2026-04-14 03:08:58,519 | INFO | ai-websocket | Sorted 4: Food & Beverage Supervisor - voco Kirkton Park Hunter Valley | Paid: False
2026-04-14 03:08:58,519 | INFO | ai-websocket | Sorted 5: Meetings & Events Planner | Paid: False
2026-04-14 03:08:58,519 | INFO | ai-websocket | [SEARCH RESULT]: Successfully returning 5 results from DB
2026-04-14 03:10:53,632 | DEBUG | ai-websocket | [WS RECEIVED] Raw Data: {'query': 'who is Yuni hunter', 'user_id': 402981, 'org_id': 1, 'conversation_id': None}
2026-04-14 03:10:53,632 | INFO | ai-websocket | [QUERY] User:402981 Org:1 : who is Yuni hunter
2026-04-14 03:10:54,642 | DEBUG | ai-websocket | [CONVERSATION] ID: 533
2026-04-14 03:10:59,595 | INFO | ai-websocket | Intent detected: {'intent': 'SEARCH', 'type': 'professional', 'keywords': 'yuni hunter', 'location': '', 'rephrased_query': 'who is yuni hunter'}
2026-04-14 03:10:59,595 | DEBUG | ai-websocket | [INTENT] {'intent': 'SEARCH', 'type': 'professional', 'keywords': 'yuni hunter', 'location': '', 'rephrased_query': 'who is yuni hunter'}
2026-04-14 03:10:59,595 | DEBUG | ai-websocket | [BASE QUERY] yuni hunter
2026-04-14 03:11:02,836 | INFO | ai-websocket | [FOLLOWUP DETECT] {'is_followup': False, 'type': 'switch'}
2026-04-14 03:11:02,838 | INFO | ai-websocket | [FINAL QUERY] yuni hunter
2026-04-14 03:11:02,838 | INFO | ai-websocket | [INTENT TYPE] professional | Location: 
2026-04-14 03:11:03,161 | INFO | ai-websocket | [SEARCH STAGE]: Trying Full Phrase Match for 'yuni hunter'
2026-04-14 03:11:03,161 | INFO | ai-websocket | --- STARTING DB EXECUTION ---
2026-04-14 03:11:03,161 | INFO | ai-websocket | SQL: 
            SELECT msi.title, msi.content, msi.category_text, msi.location_text, msi.slug, ua.package_id
            FROM master_search_mastersearchindex msi
            LEFT JOIN user_accounts ua ON msi.user_name = ua.username
            WHERE msi.is_live = TRUE
             AND LOWER(msi.category_text) LIKE %s
                AND (LOWER(msi.title) LIKE %s OR LOWER(msi.content) LIKE %s)
                ORDER BY 
                    (CASE WHEN ua.package_id > 0 THEN 0 ELSE 1 END),
                    CASE 
                        WHEN LOWER(msi.title) = %s THEN 0
                        WHEN LOWER(msi.title) LIKE %s THEN 1
                        ELSE 2
                    END,
                    msi.id DESC
                LIMIT 100
                
2026-04-14 03:11:03,161 | INFO | ai-websocket | Params: ['%professional%', '%yuni hunter%', '%yuni hunter%', 'yuni hunter', '%yuni hunter%']
2026-04-14 03:11:04,988 | INFO | ai-websocket | [DB RAW COUNT]: 1 results found in database
2026-04-14 03:11:04,989 | INFO | ai-websocket | --- RAW RESULTS BEFORE SORTING ---
2026-04-14 03:11:04,989 | INFO | ai-websocket | Row 1: Yuni Hunter | Paid: True | PkgID: 5
2026-04-14 03:11:04,989 | INFO | ai-websocket | --- RESULTS AFTER PRIORITY SORTING ---
2026-04-14 03:11:04,989 | INFO | ai-websocket | Sorted 1: Yuni Hunter | Paid: True
2026-04-14 03:11:04,991 | INFO | ai-websocket | [SEARCH RESULT]: Successfully returning 1 results from DB
2026-04-14 03:11:19,308 | DEBUG | ai-websocket | [WS RECEIVED] Raw Data: {'query': 'who is Yuni hunter', 'user_id': 402981, 'org_id': 1, 'conversation_id': None}
2026-04-14 03:11:19,308 | INFO | ai-websocket | [QUERY] User:402981 Org:1 : who is Yuni hunter
2026-04-14 03:11:20,332 | DEBUG | ai-websocket | [CONVERSATION] ID: 534
2026-04-14 03:11:25,221 | INFO | ai-websocket | Intent detected: {'intent': 'SEARCH', 'type': 'professional', 'keywords': 'yuni hunter', 'location': '', 'rephrased_query': 'who is yuni hunter'}
2026-04-14 03:11:25,223 | DEBUG | ai-websocket | [INTENT] {'intent': 'SEARCH', 'type': 'professional', 'keywords': 'yuni hunter', 'location': '', 'rephrased_query': 'who is yuni hunter'}
2026-04-14 03:11:25,223 | DEBUG | ai-websocket | [BASE QUERY] yuni hunter
2026-04-14 03:11:28,436 | INFO | ai-websocket | [FOLLOWUP DETECT] {'is_followup': False, 'type': 'switch'}
2026-04-14 03:11:28,440 | INFO | ai-websocket | [FINAL QUERY] yuni hunter
2026-04-14 03:11:28,441 | INFO | ai-websocket | [INTENT TYPE] professional | Location: 
2026-04-14 03:11:28,867 | INFO | ai-websocket | [SEARCH STAGE]: Trying Full Phrase Match for 'yuni hunter'
2026-04-14 03:11:28,867 | INFO | ai-websocket | --- STARTING DB EXECUTION ---
2026-04-14 03:11:28,870 | INFO | ai-websocket | SQL: 
            SELECT msi.title, msi.content, msi.category_text, msi.location_text, msi.slug, ua.package_id
            FROM master_search_mastersearchindex msi
            LEFT JOIN user_accounts ua ON msi.user_name = ua.username
            WHERE msi.is_live = TRUE
             AND LOWER(msi.category_text) LIKE %s
                AND (LOWER(msi.title) LIKE %s OR LOWER(msi.content) LIKE %s)
                ORDER BY 
                    (CASE WHEN ua.package_id > 0 THEN 0 ELSE 1 END),
                    CASE 
                        WHEN LOWER(msi.title) = %s THEN 0
                        WHEN LOWER(msi.title) LIKE %s THEN 1
                        ELSE 2
                    END,
                    msi.id DESC
                LIMIT 100
                
2026-04-14 03:11:28,873 | INFO | ai-websocket | Params: ['%professional%', '%yuni hunter%', '%yuni hunter%', 'yuni hunter', '%yuni hunter%']
2026-04-14 03:11:30,870 | INFO | ai-websocket | [DB RAW COUNT]: 1 results found in database
2026-04-14 03:11:30,875 | INFO | ai-websocket | --- RAW RESULTS BEFORE SORTING ---
2026-04-14 03:11:30,875 | INFO | ai-websocket | Row 1: Yuni Hunter | Paid: True | PkgID: 5
2026-04-14 03:11:30,875 | INFO | ai-websocket | --- RESULTS AFTER PRIORITY SORTING ---
2026-04-14 03:11:30,875 | INFO | ai-websocket | Sorted 1: Yuni Hunter | Paid: True
2026-04-14 03:11:30,877 | INFO | ai-websocket | [SEARCH RESULT]: Successfully returning 1 results from DB
2026-04-14 03:11:45,497 | DEBUG | ai-websocket | [WS RECEIVED] Raw Data: {'query': 'Yuni hunter', 'user_id': 402981, 'org_id': 1, 'conversation_id': None}
2026-04-14 03:11:45,497 | INFO | ai-websocket | [QUERY] User:402981 Org:1 : Yuni hunter
2026-04-14 03:11:46,544 | DEBUG | ai-websocket | [CONVERSATION] ID: 535
2026-04-14 03:11:51,505 | INFO | ai-websocket | Intent detected: {'intent': 'SEARCH', 'type': 'job', 'keywords': 'yuni hunter', 'location': '', 'rephrased_query': 'yuni hunter'}
2026-04-14 03:11:51,505 | DEBUG | ai-websocket | [INTENT] {'intent': 'SEARCH', 'type': 'job', 'keywords': 'yuni hunter', 'location': '', 'rephrased_query': 'yuni hunter'}
2026-04-14 03:11:51,505 | DEBUG | ai-websocket | [BASE QUERY] yuni hunter
2026-04-14 03:11:54,754 | INFO | ai-websocket | [FOLLOWUP DETECT] {'is_followup': False, 'type': 'switch'}
2026-04-14 03:11:54,754 | INFO | ai-websocket | [FINAL QUERY] yuni hunter
2026-04-14 03:11:54,756 | INFO | ai-websocket | [INTENT TYPE] job | Location: 
2026-04-14 03:11:55,081 | INFO | ai-websocket | [SEARCH STAGE]: Trying Full Phrase Match for 'yuni hunter'
2026-04-14 03:11:55,081 | INFO | ai-websocket | --- STARTING DB EXECUTION ---
2026-04-14 03:11:55,081 | INFO | ai-websocket | SQL: 
            SELECT msi.title, msi.content, msi.category_text, msi.location_text, msi.slug, ua.package_id
            FROM master_search_mastersearchindex msi
            LEFT JOIN user_accounts ua ON msi.user_name = ua.username
            WHERE msi.is_live = TRUE
             AND LOWER(msi.category_text) LIKE %s
                AND (LOWER(msi.title) LIKE %s OR LOWER(msi.content) LIKE %s)
                ORDER BY 
                    (CASE WHEN ua.package_id > 0 THEN 0 ELSE 1 END),
                    CASE 
                        WHEN LOWER(msi.title) = %s THEN 0
                        WHEN LOWER(msi.title) LIKE %s THEN 1
                        ELSE 2
                    END,
                    msi.id DESC
                LIMIT 100
                
2026-04-14 03:11:55,084 | INFO | ai-websocket | Params: ['%job%', '%yuni hunter%', '%yuni hunter%', 'yuni hunter', '%yuni hunter%']
2026-04-14 03:11:55,915 | INFO | ai-websocket | [DB RAW COUNT]: 0 results found in database
2026-04-14 03:11:55,917 | INFO | ai-websocket | [SEARCH STAGE]: Full phrase failed. Trying AND condition for words: ['yuni', 'hunter']
2026-04-14 03:11:55,921 | INFO | ai-websocket | --- STARTING DB EXECUTION ---
2026-04-14 03:11:55,921 | INFO | ai-websocket | SQL: 
            SELECT msi.title, msi.content, msi.category_text, msi.location_text, msi.slug, ua.package_id
            FROM master_search_mastersearchindex msi
            LEFT JOIN user_accounts ua ON msi.user_name = ua.username
            WHERE msi.is_live = TRUE
             AND LOWER(msi.category_text) LIKE %s AND (LOWER(msi.title) LIKE %s OR LOWER(msi.content) LIKE %s) AND (LOWER(msi.title) LIKE %s OR LOWER(msi.content) LIKE %s) ORDER BY (CASE WHEN ua.package_id > 0 THEN 0 ELSE 1 END), msi.id DESC LIMIT 100
2026-04-14 03:11:55,923 | INFO | ai-websocket | Params: ['%job%', '%yuni%', '%yuni%', '%hunter%', '%hunter%']
2026-04-14 03:11:56,433 | INFO | ai-websocket | [DB RAW COUNT]: 0 results found in database
2026-04-14 03:11:56,433 | INFO | ai-websocket | [SEARCH STAGE]: AND match failed. Trying OR condition for words: ['yuni', 'hunter']
2026-04-14 03:11:56,433 | INFO | ai-websocket | --- STARTING DB EXECUTION ---
2026-04-14 03:11:56,433 | INFO | ai-websocket | SQL: 
            SELECT msi.title, msi.content, msi.category_text, msi.location_text, msi.slug, ua.package_id
            FROM master_search_mastersearchindex msi
            LEFT JOIN user_accounts ua ON msi.user_name = ua.username
            WHERE msi.is_live = TRUE
             AND LOWER(msi.category_text) LIKE %s AND ((LOWER(msi.title) LIKE %s OR LOWER(msi.content) LIKE %s) OR (LOWER(msi.title) LIKE %s OR LOWER(msi.content) LIKE %s)) ORDER BY (CASE WHEN ua.package_id > 0 THEN 0 ELSE 1 END), msi.id DESC LIMIT 100
2026-04-14 03:11:56,433 | INFO | ai-websocket | Params: ['%job%', '%yuni%', '%yuni%', '%hunter%', '%hunter%']
2026-04-14 03:11:57,042 | INFO | ai-websocket | [DB RAW COUNT]: 5 results found in database
2026-04-14 03:11:57,044 | INFO | ai-websocket | --- RAW RESULTS BEFORE SORTING ---
2026-04-14 03:11:57,045 | INFO | ai-websocket | Row 1: Sales Hunter- Task Force | Paid: False | PkgID: None
2026-04-14 03:11:57,045 | INFO | ai-websocket | Row 2: Room Attendant - voco Kirkton Park Hunter Valley | Paid: False | PkgID: None
2026-04-14 03:11:57,047 | INFO | ai-websocket | Row 3: Food and Beverage Attendant - voco Kirkton Park Hunter Valley | Paid: False | PkgID: None
2026-04-14 03:11:57,047 | INFO | ai-websocket | Row 4: Food & Beverage Supervisor - voco Kirkton Park Hunter Valley | Paid: False | PkgID: None
2026-04-14 03:11:57,047 | INFO | ai-websocket | Row 5: Meetings & Events Planner | Paid: False | PkgID: None
2026-04-14 03:11:57,049 | INFO | ai-websocket | --- RESULTS AFTER PRIORITY SORTING ---
2026-04-14 03:11:57,049 | INFO | ai-websocket | Sorted 1: Sales Hunter- Task Force | Paid: False
2026-04-14 03:11:57,051 | INFO | ai-websocket | Sorted 2: Room Attendant - voco Kirkton Park Hunter Valley | Paid: False
2026-04-14 03:11:57,051 | INFO | ai-websocket | Sorted 3: Food and Beverage Attendant - voco Kirkton Park Hunter Valley | Paid: False
2026-04-14 03:11:57,051 | INFO | ai-websocket | Sorted 4: Food & Beverage Supervisor - voco Kirkton Park Hunter Valley | Paid: False
2026-04-14 03:11:57,051 | INFO | ai-websocket | Sorted 5: Meetings & Events Planner | Paid: False
2026-04-14 03:11:57,051 | INFO | ai-websocket | [SEARCH RESULT]: Successfully returning 5 results from DB
2026-04-14 03:12:01,366 | ERROR | ai-websocket | [LLM ERROR] 
2026-04-14 03:12:01,366 | ERROR | ai-websocket | [WS ERROR] Cannot call "send" once a close message has been sent.
Traceback (most recent call last):
  File "E:\hospitality\hozpitality-ai\venv\Lib\site-packages\websockets\legacy\protocol.py", line 1276, in close_connection
    await self.transfer_data_task
  File "E:\hospitality\hozpitality-ai\venv\Lib\site-packages\websockets\legacy\protocol.py", line 940, in transfer_data
    message = await self.read_message()
              ^^^^^^^^^^^^^^^^^^^^^^^^^
  File "E:\hospitality\hozpitality-ai\venv\Lib\site-packages\websockets\legacy\protocol.py", line 1010, in read_message
    frame = await self.read_data_frame(max_size=self.max_size)
            ^^^^^^^^^^^^^^^^^^^^^^^^^^^^^^^^^^^^^^^^^^^^^^^^^^
  File "E:\hospitality\hozpitality-ai\venv\Lib\site-packages\websockets\legacy\protocol.py", line 1087, in read_data_frame
    frame = await self.read_frame(max_size)
            ^^^^^^^^^^^^^^^^^^^^^^^^^^^^^^^
  File "E:\hospitality\hozpitality-ai\venv\Lib\site-packages\websockets\legacy\protocol.py", line 1144, in read_frame
    frame = await Frame.read(
            ^^^^^^^^^^^^^^^^^
  File "E:\hospitality\hozpitality-ai\venv\Lib\site-packages\websockets\legacy\framing.py", line 70, in read
    data = await reader(2)
           ^^^^^^^^^^^^^^^
  File "E:\Anaconda3\Lib\asyncio\streams.py", line 752, in readexactly
    await self._wait_for_data('readexactly')
  File "E:\Anaconda3\Lib\asyncio\streams.py", line 545, in _wait_for_data
    await self._waiter
asyncio.exceptions.CancelledError

The above exception was the direct cause of the following exception:

Traceback (most recent call last):
  File "E:\hospitality\hozpitality-ai\venv\Lib\site-packages\uvicorn\protocols\websockets\websockets_impl.py", line 329, in asgi_send
    await self.send(data)  # type: ignore[arg-type]
    ^^^^^^^^^^^^^^^^^^^^^
  File "E:\hospitality\hozpitality-ai\venv\Lib\site-packages\websockets\legacy\protocol.py", line 618, in send
    await self.ensure_open()
  File "E:\hospitality\hozpitality-ai\venv\Lib\site-packages\websockets\legacy\protocol.py", line 925, in ensure_open
    raise self.connection_closed_exc()
websockets.exceptions.ConnectionClosedError: sent 1011 (internal error) keepalive ping timeout; no close frame received

The above exception was the direct cause of the following exception:

Traceback (most recent call last):
  File "E:\hospitality\hozpitality-ai\venv\Lib\site-packages\starlette\websockets.py", line 86, in send
    await self._send(message)
  File "E:\hospitality\hozpitality-ai\venv\Lib\site-packages\starlette\_exception_handler.py", line 39, in sender
    await send(message)
  File "E:\hospitality\hozpitality-ai\venv\Lib\site-packages\uvicorn\protocols\websockets\websockets_impl.py", line 342, in asgi_send
    raise ClientDisconnected from exc
uvicorn.protocols.utils.ClientDisconnected

During handling of the above exception, another exception occurred:

Traceback (most recent call last):
  File "E:\hospitality\hozpitality-ai\ai_server_2.py", line 1680, in websocket_chat
    await websocket.send_json({
  File "E:\hospitality\hozpitality-ai\venv\Lib\site-packages\starlette\websockets.py", line 176, in send_json
    await self.send({"type": "websocket.send", "text": text})
  File "E:\hospitality\hozpitality-ai\venv\Lib\site-packages\starlette\websockets.py", line 89, in send
    raise WebSocketDisconnect(code=1006)
starlette.websockets.WebSocketDisconnect

During handling of the above exception, another exception occurred:

Traceback (most recent call last):
  File "E:\hospitality\hozpitality-ai\ai_server_2.py", line 1690, in websocket_chat
    await websocket.send_json({
  File "E:\hospitality\hozpitality-ai\venv\Lib\site-packages\starlette\websockets.py", line 176, in send_json
    await self.send({"type": "websocket.send", "text": text})
  File "E:\hospitality\hozpitality-ai\venv\Lib\site-packages\starlette\websockets.py", line 98, in send
    raise RuntimeError('Cannot call "send" once a close message has been sent.')
RuntimeError: Cannot call "send" once a close message has been sent.
2026-04-14 16:51:06,559 | INFO | ai-websocket | [WS CONNECT] Origin: None
2026-04-14 16:51:43,859 | DEBUG | ai-websocket | [WS RECEIVED] Raw Data: {'query': 'Yuni Hunter', 'user_id': 402981, 'org_id': 1, 'conversation_id': 532}
2026-04-14 16:51:43,861 | INFO | ai-websocket | [QUERY] User:402981 Org:1 : Yuni Hunter
2026-04-14 16:51:54,983 | INFO | ai-websocket | Intent detected: {'intent': 'SEARCH', 'type': 'job', 'keywords': 'yuni hunter', 'location': '', 'rephrased_query': 'yuni hunter'}
2026-04-14 16:52:03,374 | ERROR | ai-websocket | Followup detect error: Expecting property name enclosed in double quotes: line 3 column 24 (char 49)
2026-04-14 16:52:03,691 | INFO | ai-websocket | [SEARCH STAGE]: Trying Full Phrase Match for 'yuni hunter'
2026-04-14 16:52:03,692 | INFO | ai-websocket | --- STARTING DB EXECUTION ---
2026-04-14 16:52:03,693 | INFO | ai-websocket | SQL: 
            SELECT msi.title, msi.content, msi.category_text, msi.location_text, msi.slug, ua.package_id,ua.about_us
            FROM master_search_mastersearchindex msi
            LEFT JOIN user_accounts ua ON msi.user_name = ua.username
            WHERE msi.is_live = TRUE
             AND LOWER(msi.category_text) LIKE %s
                AND (LOWER(msi.title) LIKE %s OR LOWER(msi.content) LIKE %s)
                ORDER BY 
                    (CASE WHEN ua.package_id > 0 THEN 0 ELSE 1 END),
                    CASE 
                        WHEN LOWER(msi.title) = %s THEN 0
                        WHEN LOWER(msi.title) LIKE %s THEN 1
                        ELSE 2
                    END,
                    msi.id DESC
                LIMIT 100
                
2026-04-14 16:52:03,695 | INFO | ai-websocket | Params: ['%job%', '%yuni hunter%', '%yuni hunter%', 'yuni hunter', '%yuni hunter%']
2026-04-14 16:52:09,263 | INFO | ai-websocket | [DB RAW COUNT]: 0 results found in database
2026-04-14 16:52:09,264 | INFO | ai-websocket | [SEARCH STAGE]: Full phrase failed. Trying AND condition for words: ['yuni', 'hunter']
2026-04-14 16:52:09,267 | INFO | ai-websocket | --- STARTING DB EXECUTION ---
2026-04-14 16:52:09,268 | INFO | ai-websocket | SQL: 
            SELECT msi.title, msi.content, msi.category_text, msi.location_text, msi.slug, ua.package_id,ua.about_us
            FROM master_search_mastersearchindex msi
            LEFT JOIN user_accounts ua ON msi.user_name = ua.username
            WHERE msi.is_live = TRUE
             AND LOWER(msi.category_text) LIKE %s AND (LOWER(msi.title) LIKE %s OR LOWER(msi.content) LIKE %s) AND (LOWER(msi.title) LIKE %s OR LOWER(msi.content) LIKE %s) ORDER BY (CASE WHEN ua.package_id > 0 THEN 0 ELSE 1 END), msi.id DESC LIMIT 100
2026-04-14 16:52:09,270 | INFO | ai-websocket | Params: ['%job%', '%yuni%', '%yuni%', '%hunter%', '%hunter%']
2026-04-14 16:52:10,754 | INFO | ai-websocket | [DB RAW COUNT]: 0 results found in database
2026-04-14 16:52:10,755 | INFO | ai-websocket | [SEARCH STAGE]: AND match failed. Trying OR condition for words: ['yuni', 'hunter']
2026-04-14 16:52:10,755 | INFO | ai-websocket | --- STARTING DB EXECUTION ---
2026-04-14 16:52:10,755 | INFO | ai-websocket | SQL: 
            SELECT msi.title, msi.content, msi.category_text, msi.location_text, msi.slug, ua.package_id,ua.about_us
            FROM master_search_mastersearchindex msi
            LEFT JOIN user_accounts ua ON msi.user_name = ua.username
            WHERE msi.is_live = TRUE
             AND LOWER(msi.category_text) LIKE %s AND ((LOWER(msi.title) LIKE %s OR LOWER(msi.content) LIKE %s) OR (LOWER(msi.title) LIKE %s OR LOWER(msi.content) LIKE %s)) ORDER BY (CASE WHEN ua.package_id > 0 THEN 0 ELSE 1 END), msi.id DESC LIMIT 100
2026-04-14 16:52:10,758 | INFO | ai-websocket | Params: ['%job%', '%yuni%', '%yuni%', '%hunter%', '%hunter%']
2026-04-14 16:52:11,266 | INFO | ai-websocket | [DB RAW COUNT]: 5 results found in database
2026-04-14 16:52:11,266 | INFO | ai-websocket | --- RAW RESULTS BEFORE SORTING ---
2026-04-14 16:52:11,271 | INFO | ai-websocket | Row 1: Sales Hunter- Task Force | Paid: False | PkgID: None
2026-04-14 16:52:11,271 | INFO | ai-websocket | Row 2: Room Attendant - voco Kirkton Park Hunter Valley | Paid: False | PkgID: None
2026-04-14 16:52:11,271 | INFO | ai-websocket | Row 3: Food and Beverage Attendant - voco Kirkton Park Hunter Valley | Paid: False | PkgID: None
2026-04-14 16:52:11,271 | INFO | ai-websocket | Row 4: Food & Beverage Supervisor - voco Kirkton Park Hunter Valley | Paid: False | PkgID: None
2026-04-14 16:52:11,271 | INFO | ai-websocket | Row 5: Meetings & Events Planner | Paid: False | PkgID: None
2026-04-14 16:52:11,271 | INFO | ai-websocket | --- RESULTS AFTER PRIORITY SORTING ---
2026-04-14 16:52:11,271 | INFO | ai-websocket | Sorted 1: Sales Hunter- Task Force | Paid: False
2026-04-14 16:52:11,271 | INFO | ai-websocket | Sorted 2: Room Attendant - voco Kirkton Park Hunter Valley | Paid: False
2026-04-14 16:52:11,277 | INFO | ai-websocket | Sorted 3: Food and Beverage Attendant - voco Kirkton Park Hunter Valley | Paid: False
2026-04-14 16:52:11,277 | INFO | ai-websocket | Sorted 4: Food & Beverage Supervisor - voco Kirkton Park Hunter Valley | Paid: False
2026-04-14 16:52:11,281 | INFO | ai-websocket | Sorted 5: Meetings & Events Planner | Paid: False
2026-04-14 16:52:11,283 | INFO | ai-websocket | [SEARCH RESULT]: Successfully returning 5 results from DB
2026-04-14 16:58:02,496 | WARNING | ai-websocket | [WS DISCONNECTED]
2026-04-14 17:00:48,158 | INFO | ai-websocket | [WS CONNECT] Origin: None
2026-04-14 17:00:49,364 | DEBUG | ai-websocket | [WS RECEIVED] Raw Data: {'query': 'Yuni Hunter', 'user_id': 402981, 'org_id': 1, 'conversation_id': 532}
2026-04-14 17:00:49,364 | INFO | ai-websocket | [QUERY] User:402981 Org:1 : Yuni Hunter
2026-04-14 17:01:09,596 | INFO | ai-websocket | Intent detected: {'intent': 'SEARCH', 'type': 'professional', 'keywords': 'yuni hunter', 'location': '', 'rephrased_query': 'yuni hunter'}
2026-04-14 17:01:18,568 | INFO | ai-websocket | [SEARCH STAGE]: Trying Full Phrase Match for 'yuni hunter'
2026-04-14 17:01:18,569 | INFO | ai-websocket | --- STARTING DB EXECUTION ---
2026-04-14 17:01:18,569 | INFO | ai-websocket | SQL: 
            SELECT msi.title, msi.content, msi.category_text, msi.location_text, msi.slug, ua.package_id,ua.about_us
            FROM master_search_mastersearchindex msi
            LEFT JOIN user_accounts ua ON msi.user_name = ua.username
            WHERE msi.is_live = TRUE
             AND LOWER(msi.category_text) LIKE %s
                AND (LOWER(msi.title) LIKE %s OR LOWER(msi.content) LIKE %s)
                ORDER BY 
                    (CASE WHEN ua.package_id > 0 THEN 0 ELSE 1 END),
                    CASE 
                        WHEN LOWER(msi.title) = %s THEN 0
                        WHEN LOWER(msi.title) LIKE %s THEN 1
                        ELSE 2
                    END,
                    msi.id DESC
                LIMIT 100
                
2026-04-14 17:01:18,570 | INFO | ai-websocket | Params: ['%professional%', '%yuni hunter%', '%yuni hunter%', 'yuni hunter', '%yuni hunter%']
2026-04-14 17:01:22,754 | INFO | ai-websocket | [DB RAW COUNT]: 1 results found in database
2026-04-14 17:01:22,754 | INFO | ai-websocket | --- RAW RESULTS BEFORE SORTING ---
2026-04-14 17:01:22,754 | INFO | ai-websocket | Row 1: Yuni Hunter | Paid: True | PkgID: 5
2026-04-14 17:01:22,754 | INFO | ai-websocket | --- RESULTS AFTER PRIORITY SORTING ---
2026-04-14 17:01:22,754 | INFO | ai-websocket | Sorted 1: Yuni Hunter | Paid: True
2026-04-14 17:01:22,754 | INFO | ai-websocket | [SEARCH RESULT]: Successfully returning 1 results from DB
2026-04-14 17:01:23,817 | INFO | ai-websocket | [RESPONSE_MODE] Profile Intro found for Yuni Hunter
2026-04-14 17:07:39,205 | DEBUG | ai-websocket | [WS RECEIVED] Raw Data: {'query': 'raj bhatt', 'user_id': 402981, 'org_id': 1, 'conversation_id': 532}
2026-04-14 17:07:39,233 | INFO | ai-websocket | [QUERY] User:402981 Org:1 : raj bhatt
2026-04-14 17:07:56,897 | INFO | ai-websocket | Intent detected: {'intent': 'SEARCH', 'type': 'professional', 'keywords': 'raj bhatt', 'location': '', 'rephrased_query': 'raj bhatt'}
2026-04-14 17:08:03,358 | INFO | ai-websocket | [SEARCH STAGE]: Trying Full Phrase Match for 'raj bhatt'
2026-04-14 17:08:03,364 | INFO | ai-websocket | --- STARTING DB EXECUTION ---
2026-04-14 17:08:03,364 | INFO | ai-websocket | SQL: 
            SELECT msi.title, msi.content, msi.category_text, msi.location_text, msi.slug, ua.package_id,ua.about_us
            FROM master_search_mastersearchindex msi
            LEFT JOIN user_accounts ua ON msi.user_name = ua.username
            WHERE msi.is_live = TRUE
             AND LOWER(msi.category_text) LIKE %s
                AND (LOWER(msi.title) LIKE %s OR LOWER(msi.content) LIKE %s)
                ORDER BY 
                    (CASE WHEN ua.package_id > 0 THEN 0 ELSE 1 END),
                    CASE 
                        WHEN LOWER(msi.title) = %s THEN 0
                        WHEN LOWER(msi.title) LIKE %s THEN 1
                        ELSE 2
                    END,
                    msi.id DESC
                LIMIT 100
                
2026-04-14 17:08:03,366 | INFO | ai-websocket | Params: ['%professional%', '%raj bhatt%', '%raj bhatt%', 'raj bhatt', '%raj bhatt%']
2026-04-14 17:08:06,460 | INFO | ai-websocket | [DB RAW COUNT]: 17 results found in database
2026-04-14 17:08:06,462 | INFO | ai-websocket | --- RAW RESULTS BEFORE SORTING ---
2026-04-14 17:08:06,463 | INFO | ai-websocket | Row 1: Raj Bhatt | Paid: True | PkgID: 5
2026-04-14 17:08:06,464 | INFO | ai-websocket | Row 2: DeepakRaj Bhatt | Paid: False | PkgID: None
2026-04-14 17:08:06,464 | INFO | ai-websocket | Row 3: Dheeraj Bhatt | Paid: False | PkgID: None
2026-04-14 17:08:06,464 | INFO | ai-websocket | Row 4: Deepak Raj Bhatt | Paid: False | PkgID: None
2026-04-14 17:08:06,465 | INFO | ai-websocket | Row 5: Neeraj Bhatt | Paid: False | PkgID: None
2026-04-14 17:08:06,465 | INFO | ai-websocket | --- RESULTS AFTER PRIORITY SORTING ---
2026-04-14 17:08:06,466 | INFO | ai-websocket | Sorted 1: Raj Bhatt | Paid: True
2026-04-14 17:08:06,466 | INFO | ai-websocket | Sorted 2: DeepakRaj Bhatt | Paid: False
2026-04-14 17:08:06,467 | INFO | ai-websocket | Sorted 3: Dheeraj Bhatt | Paid: False
2026-04-14 17:08:06,467 | INFO | ai-websocket | Sorted 4: Deepak Raj Bhatt | Paid: False
2026-04-14 17:08:06,467 | INFO | ai-websocket | Sorted 5: Neeraj Bhatt | Paid: False
2026-04-14 17:08:06,468 | INFO | ai-websocket | [SEARCH RESULT]: Successfully returning 6 results from DB
2026-04-14 17:08:07,770 | INFO | ai-websocket | [RESPONSE_MODE] Profile Intro found for Raj Bhatt
2026-04-14 17:09:46,235 | DEBUG | ai-websocket | [WS RECEIVED] Raw Data: {'query': 'raj bhatt', 'user_id': 402981, 'org_id': 1, 'conversation_id': 532}
2026-04-14 17:09:46,246 | INFO | ai-websocket | [QUERY] User:402981 Org:1 : raj bhatt
2026-04-14 17:09:48,921 | INFO | ai-websocket | Intent detected: {'intent': 'SEARCH', 'type': 'professional', 'keywords': 'raj bhatt', 'location': '', 'rephrased_query': 'raj bhatt'}
2026-04-14 17:09:51,672 | ERROR | ai-websocket | Followup detect error: Expecting property name enclosed in double quotes: line 4 column 1 (char 51)
2026-04-14 17:09:52,204 | INFO | ai-websocket | [SEARCH STAGE]: Trying Full Phrase Match for 'raj bhatt'
2026-04-14 17:09:52,206 | INFO | ai-websocket | --- STARTING DB EXECUTION ---
2026-04-14 17:09:52,206 | INFO | ai-websocket | SQL: 
            SELECT msi.title, msi.content, msi.category_text, msi.location_text, msi.slug, ua.package_id,ua.about_us
            FROM master_search_mastersearchindex msi
            LEFT JOIN user_accounts ua ON msi.user_name = ua.username
            WHERE msi.is_live = TRUE
             AND LOWER(msi.category_text) LIKE %s
                AND (LOWER(msi.title) LIKE %s OR LOWER(msi.content) LIKE %s)
                ORDER BY 
                    (CASE WHEN ua.package_id > 0 THEN 0 ELSE 1 END),
                    CASE 
                        WHEN LOWER(msi.title) = %s THEN 0
                        WHEN LOWER(msi.title) LIKE %s THEN 1
                        ELSE 2
                    END,
                    msi.id DESC
                LIMIT 100
                
2026-04-14 17:09:52,207 | INFO | ai-websocket | Params: ['%professional%', '%raj bhatt%', '%raj bhatt%', 'raj bhatt', '%raj bhatt%']
2026-04-14 17:09:56,267 | INFO | ai-websocket | [DB RAW COUNT]: 17 results found in database
2026-04-14 17:09:56,268 | INFO | ai-websocket | --- RAW RESULTS BEFORE SORTING ---
2026-04-14 17:09:56,268 | INFO | ai-websocket | Row 1: Raj Bhatt | Paid: True | PkgID: 5
2026-04-14 17:09:56,269 | INFO | ai-websocket | Row 2: DeepakRaj Bhatt | Paid: False | PkgID: None
2026-04-14 17:09:56,269 | INFO | ai-websocket | Row 3: Dheeraj Bhatt | Paid: False | PkgID: None
2026-04-14 17:09:56,270 | INFO | ai-websocket | Row 4: Deepak Raj Bhatt | Paid: False | PkgID: None
2026-04-14 17:09:56,270 | INFO | ai-websocket | Row 5: Neeraj Bhatt | Paid: False | PkgID: None
2026-04-14 17:09:56,271 | INFO | ai-websocket | --- RESULTS AFTER PRIORITY SORTING ---
2026-04-14 17:09:56,271 | INFO | ai-websocket | Sorted 1: Raj Bhatt | Paid: True
2026-04-14 17:09:56,271 | INFO | ai-websocket | Sorted 2: DeepakRaj Bhatt | Paid: False
2026-04-14 17:09:56,272 | INFO | ai-websocket | Sorted 3: Dheeraj Bhatt | Paid: False
2026-04-14 17:09:56,272 | INFO | ai-websocket | Sorted 4: Deepak Raj Bhatt | Paid: False
2026-04-14 17:09:56,272 | INFO | ai-websocket | Sorted 5: Neeraj Bhatt | Paid: False
2026-04-14 17:09:56,272 | INFO | ai-websocket | [SEARCH RESULT]: Successfully returning 6 results from DB
2026-04-14 17:09:57,066 | INFO | ai-websocket | [RESPONSE_MODE] Profile Intro found for Raj Bhatt
2026-04-14 17:10:29,758 | ERROR | ai-websocket | [WS ERROR] Expecting value: line 5 column 24 (char 98)
Traceback (most recent call last):
  File "E:\hospitality\hozpitality-ai\ai_server_2.py", line 1499, in websocket_chat
    data = await websocket.receive_json()
           ^^^^^^^^^^^^^^^^^^^^^^^^^^^^^^
  File "E:\hospitality\hozpitality-ai\venv\Lib\site-packages\starlette\websockets.py", line 142, in receive_json
    return json.loads(text)
           ^^^^^^^^^^^^^^^^
  File "E:\Anaconda3\Lib\json\__init__.py", line 346, in loads
    return _default_decoder.decode(s)
           ^^^^^^^^^^^^^^^^^^^^^^^^^^
  File "E:\Anaconda3\Lib\json\decoder.py", line 337, in decode
    obj, end = self.raw_decode(s, idx=_w(s, 0).end())
               ^^^^^^^^^^^^^^^^^^^^^^^^^^^^^^^^^^^^^^
  File "E:\Anaconda3\Lib\json\decoder.py", line 355, in raw_decode
    raise JSONDecodeError("Expecting value", s, err.value) from None
json.decoder.JSONDecodeError: Expecting value: line 5 column 24 (char 98)
2026-04-14 17:10:32,267 | INFO | ai-websocket | [WS CONNECT] Origin: None
2026-04-14 17:10:33,653 | ERROR | ai-websocket | [WS ERROR] Expecting value: line 5 column 24 (char 98)
Traceback (most recent call last):
  File "E:\hospitality\hozpitality-ai\ai_server_2.py", line 1499, in websocket_chat
    data = await websocket.receive_json()
           ^^^^^^^^^^^^^^^^^^^^^^^^^^^^^^
  File "E:\hospitality\hozpitality-ai\venv\Lib\site-packages\starlette\websockets.py", line 142, in receive_json
    return json.loads(text)
           ^^^^^^^^^^^^^^^^
  File "E:\Anaconda3\Lib\json\__init__.py", line 346, in loads
    return _default_decoder.decode(s)
           ^^^^^^^^^^^^^^^^^^^^^^^^^^
  File "E:\Anaconda3\Lib\json\decoder.py", line 337, in decode
    obj, end = self.raw_decode(s, idx=_w(s, 0).end())
               ^^^^^^^^^^^^^^^^^^^^^^^^^^^^^^^^^^^^^^
  File "E:\Anaconda3\Lib\json\decoder.py", line 355, in raw_decode
    raise JSONDecodeError("Expecting value", s, err.value) from None
json.decoder.JSONDecodeError: Expecting value: line 5 column 24 (char 98)
2026-04-14 17:10:36,931 | INFO | ai-websocket | [WS CONNECT] Origin: None
2026-04-14 17:10:43,006 | DEBUG | ai-websocket | [WS RECEIVED] Raw Data: {'query': 'raj bhatt', 'user_id': 402981, 'org_id': 1, 'conversation_id': ''}
2026-04-14 17:10:43,006 | INFO | ai-websocket | [QUERY] User:402981 Org:1 : raj bhatt
2026-04-14 17:10:47,852 | INFO | ai-websocket | Intent detected: {'intent': 'SEARCH', 'type': 'professional', 'keywords': 'raj bhatt', 'location': '', 'rephrased_query': 'raj bhatt'}
2026-04-14 17:10:51,664 | INFO | ai-websocket | [SEARCH STAGE]: Trying Full Phrase Match for 'raj bhatt'
2026-04-14 17:10:51,665 | INFO | ai-websocket | --- STARTING DB EXECUTION ---
2026-04-14 17:10:51,666 | INFO | ai-websocket | SQL: 
            SELECT msi.title, msi.content, msi.category_text, msi.location_text, msi.slug, ua.package_id,ua.about_us
            FROM master_search_mastersearchindex msi
            LEFT JOIN user_accounts ua ON msi.user_name = ua.username
            WHERE msi.is_live = TRUE
             AND LOWER(msi.category_text) LIKE %s
                AND (LOWER(msi.title) LIKE %s OR LOWER(msi.content) LIKE %s)
                ORDER BY 
                    (CASE WHEN ua.package_id > 0 THEN 0 ELSE 1 END),
                    CASE 
                        WHEN LOWER(msi.title) = %s THEN 0
                        WHEN LOWER(msi.title) LIKE %s THEN 1
                        ELSE 2
                    END,
                    msi.id DESC
                LIMIT 100
                
2026-04-14 17:10:51,666 | INFO | ai-websocket | Params: ['%professional%', '%raj bhatt%', '%raj bhatt%', 'raj bhatt', '%raj bhatt%']
2026-04-14 17:10:56,182 | INFO | ai-websocket | [DB RAW COUNT]: 17 results found in database
2026-04-14 17:10:56,183 | INFO | ai-websocket | --- RAW RESULTS BEFORE SORTING ---
2026-04-14 17:10:56,183 | INFO | ai-websocket | Row 1: Raj Bhatt | Paid: True | PkgID: 5
2026-04-14 17:10:56,184 | INFO | ai-websocket | Row 2: DeepakRaj Bhatt | Paid: False | PkgID: None
2026-04-14 17:10:56,184 | INFO | ai-websocket | Row 3: Dheeraj Bhatt | Paid: False | PkgID: None
2026-04-14 17:10:56,184 | INFO | ai-websocket | Row 4: Deepak Raj Bhatt | Paid: False | PkgID: None
2026-04-14 17:10:56,185 | INFO | ai-websocket | Row 5: Neeraj Bhatt | Paid: False | PkgID: None
2026-04-14 17:10:56,185 | INFO | ai-websocket | --- RESULTS AFTER PRIORITY SORTING ---
2026-04-14 17:10:56,185 | INFO | ai-websocket | Sorted 1: Raj Bhatt | Paid: True
2026-04-14 17:10:56,185 | INFO | ai-websocket | Sorted 2: DeepakRaj Bhatt | Paid: False
2026-04-14 17:10:56,186 | INFO | ai-websocket | Sorted 3: Dheeraj Bhatt | Paid: False
2026-04-14 17:10:56,186 | INFO | ai-websocket | Sorted 4: Deepak Raj Bhatt | Paid: False
2026-04-14 17:10:56,186 | INFO | ai-websocket | Sorted 5: Neeraj Bhatt | Paid: False
2026-04-14 17:10:56,187 | INFO | ai-websocket | [SEARCH RESULT]: Successfully returning 6 results from DB
2026-04-14 17:10:56,570 | INFO | ai-websocket | [RESPONSE_MODE] Profile Intro found for Raj Bhatt
2026-04-14 17:18:23,942 | WARNING | ai-websocket | [WS DISCONNECTED]
2026-04-14 17:19:39,827 | INFO | ai-websocket | [WS CONNECT] Origin: None
2026-04-14 17:19:40,833 | DEBUG | ai-websocket | [WS RECEIVED] Raw Data: {'query': 'raj bhatt', 'user_id': 402981, 'org_id': 1, 'conversation_id': ''}
2026-04-14 17:19:40,833 | INFO | ai-websocket | [QUERY] User:402981 Org:1 : raj bhatt
2026-04-14 17:19:47,730 | INFO | ai-websocket | Intent detected: {'intent': 'SEARCH', 'type': 'professional', 'keywords': 'raj bhatt', 'location': '', 'rephrased_query': 'raj bhatt'}
2026-04-14 17:19:55,694 | INFO | ai-websocket | [SEARCH STAGE]: Trying Full Phrase Match for 'raj bhatt'
2026-04-14 17:19:55,694 | INFO | ai-websocket | --- STARTING DB EXECUTION ---
2026-04-14 17:19:55,694 | INFO | ai-websocket | SQL: 
            SELECT msi.title, msi.content, msi.category_text, msi.location_text, msi.slug, ua.package_id,ua.about_us
            FROM master_search_mastersearchindex msi
            LEFT JOIN user_accounts ua ON msi.user_name = ua.username
            WHERE msi.is_live = TRUE
             AND LOWER(msi.category_text) LIKE %s
                AND (LOWER(msi.title) LIKE %s OR LOWER(msi.content) LIKE %s)
                ORDER BY 
                    (CASE WHEN ua.package_id > 0 THEN 0 ELSE 1 END),
                    CASE 
                        WHEN LOWER(msi.title) = %s THEN 0
                        WHEN LOWER(msi.title) LIKE %s THEN 1
                        ELSE 2
                    END,
                    msi.id DESC
                LIMIT 100
                
2026-04-14 17:19:55,694 | INFO | ai-websocket | Params: ['%professional%', '%raj bhatt%', '%raj bhatt%', 'raj bhatt', '%raj bhatt%']
2026-04-14 17:19:59,548 | INFO | ai-websocket | [DB RAW COUNT]: 17 results found in database
2026-04-14 17:19:59,550 | INFO | ai-websocket | --- RAW RESULTS BEFORE SORTING ---
2026-04-14 17:19:59,551 | INFO | ai-websocket | Row 1: Raj Bhatt | Paid: True | PkgID: 5
2026-04-14 17:19:59,551 | INFO | ai-websocket | Row 2: DeepakRaj Bhatt | Paid: False | PkgID: None
2026-04-14 17:19:59,551 | INFO | ai-websocket | Row 3: Dheeraj Bhatt | Paid: False | PkgID: None
2026-04-14 17:19:59,552 | INFO | ai-websocket | Row 4: Deepak Raj Bhatt | Paid: False | PkgID: None
2026-04-14 17:19:59,552 | INFO | ai-websocket | Row 5: Neeraj Bhatt | Paid: False | PkgID: None
2026-04-14 17:19:59,552 | INFO | ai-websocket | --- RESULTS AFTER PRIORITY SORTING ---
2026-04-14 17:19:59,552 | INFO | ai-websocket | Sorted 1: Raj Bhatt | Paid: True
2026-04-14 17:19:59,554 | INFO | ai-websocket | Sorted 2: DeepakRaj Bhatt | Paid: False
2026-04-14 17:19:59,554 | INFO | ai-websocket | Sorted 3: Dheeraj Bhatt | Paid: False
2026-04-14 17:19:59,555 | INFO | ai-websocket | Sorted 4: Deepak Raj Bhatt | Paid: False
2026-04-14 17:19:59,556 | INFO | ai-websocket | Sorted 5: Neeraj Bhatt | Paid: False
2026-04-14 17:19:59,556 | INFO | ai-websocket | [SEARCH RESULT]: Successfully returning 6 results from DB
2026-04-14 17:20:00,237 | INFO | ai-websocket | [RESPONSE_MODE] Profile Intro found for Raj Bhatt
2026-04-14 17:23:52,042 | WARNING | ai-websocket | [WS DISCONNECTED]
2026-04-14 17:25:04,724 | INFO | ai-websocket | [WS CONNECT] Origin: None
2026-04-14 17:25:05,832 | DEBUG | ai-websocket | [WS RECEIVED] Raw Data: {'query': 'raj bhatt', 'user_id': 402981, 'org_id': 1, 'conversation_id': ''}
2026-04-14 17:25:05,832 | INFO | ai-websocket | [QUERY] User:402981 Org:1 : raj bhatt
2026-04-14 17:25:07,191 | DEBUG | ai-websocket | [CONVERSATION] ID: 546
2026-04-14 17:25:18,974 | INFO | ai-websocket | Intent detected: {'intent': 'SEARCH', 'type': 'professional', 'keywords': 'raj bhatt', 'location': '', 'rephrased_query': 'raj bhatt'}
2026-04-14 17:25:18,974 | DEBUG | ai-websocket | [INTENT] {'intent': 'SEARCH', 'type': 'professional', 'keywords': 'raj bhatt', 'location': '', 'rephrased_query': 'raj bhatt'}
2026-04-14 17:25:18,976 | DEBUG | ai-websocket | [BASE QUERY] raj bhatt
2026-04-14 17:25:27,331 | INFO | ai-websocket | [FOLLOWUP DETECT] {'is_followup': False, 'type': 'new topic'}
2026-04-14 17:25:27,333 | INFO | ai-websocket | [FINAL QUERY] raj bhatt
2026-04-14 17:25:27,652 | INFO | ai-websocket | [SEARCH STAGE]: Trying Full Phrase Match for 'raj bhatt'
2026-04-14 17:25:27,652 | INFO | ai-websocket | --- STARTING DB EXECUTION ---
2026-04-14 17:25:27,654 | INFO | ai-websocket | SQL: 
            SELECT msi.title, msi.content, msi.category_text, msi.location_text, msi.slug, ua.package_id,ua.about_us
            FROM master_search_mastersearchindex msi
            LEFT JOIN user_accounts ua ON msi.user_name = ua.username
            WHERE msi.is_live = TRUE
             AND LOWER(msi.category_text) LIKE %s
                AND (LOWER(msi.title) LIKE %s OR LOWER(msi.content) LIKE %s)
                ORDER BY 
                    (CASE WHEN ua.package_id > 0 THEN 0 ELSE 1 END),
                    CASE 
                        WHEN LOWER(msi.title) = %s THEN 0
                        WHEN LOWER(msi.title) LIKE %s THEN 1
                        ELSE 2
                    END,
                    msi.id DESC
                LIMIT 100
                
2026-04-14 17:25:27,654 | INFO | ai-websocket | Params: ['%professional%', '%raj bhatt%', '%raj bhatt%', 'raj bhatt', '%raj bhatt%']
2026-04-14 17:25:31,064 | INFO | ai-websocket | [DB RAW COUNT]: 17 results found in database
2026-04-14 17:25:31,064 | INFO | ai-websocket | --- RAW RESULTS BEFORE SORTING ---
2026-04-14 17:25:31,065 | INFO | ai-websocket | Row 1: Raj Bhatt | Paid: True | PkgID: 5
2026-04-14 17:25:31,065 | INFO | ai-websocket | Row 2: DeepakRaj Bhatt | Paid: False | PkgID: None
2026-04-14 17:25:31,067 | INFO | ai-websocket | Row 3: Dheeraj Bhatt | Paid: False | PkgID: None
2026-04-14 17:25:31,067 | INFO | ai-websocket | Row 4: Deepak Raj Bhatt | Paid: False | PkgID: None
2026-04-14 17:25:31,068 | INFO | ai-websocket | Row 5: Neeraj Bhatt | Paid: False | PkgID: None
2026-04-14 17:25:31,068 | INFO | ai-websocket | --- RESULTS AFTER PRIORITY SORTING ---
2026-04-14 17:25:31,068 | INFO | ai-websocket | Sorted 1: Raj Bhatt | Paid: True
2026-04-14 17:25:31,068 | INFO | ai-websocket | Sorted 2: DeepakRaj Bhatt | Paid: False
2026-04-14 17:25:31,069 | INFO | ai-websocket | Sorted 3: Dheeraj Bhatt | Paid: False
2026-04-14 17:25:31,069 | INFO | ai-websocket | Sorted 4: Deepak Raj Bhatt | Paid: False
2026-04-14 17:25:31,069 | INFO | ai-websocket | Sorted 5: Neeraj Bhatt | Paid: False
2026-04-14 17:25:31,069 | INFO | ai-websocket | [SEARCH RESULT]: Successfully returning 6 results from DB
2026-04-14 17:25:31,893 | INFO | ai-websocket | [DB INTRO] Found about_us for Raj Bhatt
2026-04-14 17:29:22,849 | WARNING | ai-websocket | [WS DISCONNECTED]
2026-04-14 17:39:42,798 | INFO | ai-websocket | [WS CONNECT] Origin: None
2026-04-14 17:39:52,261 | DEBUG | ai-websocket | [WS RECEIVED] Raw Data: {'query': 'raj bhatt', 'user_id': 402981, 'org_id': 1, 'conversation_id': ''}
2026-04-14 17:40:11,967 | INFO | ai-websocket | Intent detected: {'intent': 'SEARCH', 'type': 'professional', 'keywords': 'raj bhatt', 'location': '', 'rephrased_query': 'raj bhatt'}
2026-04-14 17:40:13,338 | INFO | ai-websocket | [SEARCH STAGE]: Trying Full Phrase Match for 'raj bhatt'
2026-04-14 17:40:13,341 | INFO | ai-websocket | --- STARTING DB EXECUTION ---
2026-04-14 17:40:13,341 | INFO | ai-websocket | SQL: 
            SELECT msi.title, msi.content, msi.category_text, msi.location_text, msi.slug, ua.package_id,ua.about_us
            FROM master_search_mastersearchindex msi
            LEFT JOIN user_accounts ua ON msi.user_name = ua.username
            WHERE msi.is_live = TRUE
             AND LOWER(msi.category_text) LIKE %s
                AND (LOWER(msi.title) LIKE %s OR LOWER(msi.content) LIKE %s)
                ORDER BY 
                    (CASE WHEN ua.package_id > 0 THEN 0 ELSE 1 END),
                    CASE 
                        WHEN LOWER(msi.title) = %s THEN 0
                        WHEN LOWER(msi.title) LIKE %s THEN 1
                        ELSE 2
                    END,
                    msi.id DESC
                LIMIT 100
                
2026-04-14 17:40:13,350 | INFO | ai-websocket | Params: ['%professional%', '%raj bhatt%', '%raj bhatt%', 'raj bhatt', '%raj bhatt%']
2026-04-14 17:40:16,741 | INFO | ai-websocket | [DB RAW COUNT]: 17 results found in database
2026-04-14 17:40:16,741 | INFO | ai-websocket | --- RAW RESULTS BEFORE SORTING ---
2026-04-14 17:40:16,743 | INFO | ai-websocket | Row 1: Raj Bhatt | Paid: True | PkgID: 5
2026-04-14 17:40:16,743 | INFO | ai-websocket | Row 2: DeepakRaj Bhatt | Paid: False | PkgID: None
2026-04-14 17:40:16,743 | INFO | ai-websocket | Row 3: Dheeraj Bhatt | Paid: False | PkgID: None
2026-04-14 17:40:16,744 | INFO | ai-websocket | Row 4: Deepak Raj Bhatt | Paid: False | PkgID: None
2026-04-14 17:40:16,744 | INFO | ai-websocket | Row 5: Neeraj Bhatt | Paid: False | PkgID: None
2026-04-14 17:40:16,745 | INFO | ai-websocket | --- RESULTS AFTER PRIORITY SORTING ---
2026-04-14 17:40:16,745 | INFO | ai-websocket | Sorted 1: Raj Bhatt | Paid: True
2026-04-14 17:40:16,745 | INFO | ai-websocket | Sorted 2: DeepakRaj Bhatt | Paid: False
2026-04-14 17:40:16,745 | INFO | ai-websocket | Sorted 3: Dheeraj Bhatt | Paid: False
2026-04-14 17:40:16,746 | INFO | ai-websocket | Sorted 4: Deepak Raj Bhatt | Paid: False
2026-04-14 17:40:16,746 | INFO | ai-websocket | Sorted 5: Neeraj Bhatt | Paid: False
2026-04-14 17:40:16,746 | INFO | ai-websocket | [SEARCH RESULT]: Successfully returning 6 results from DB
2026-04-14 17:43:25,473 | WARNING | ai-websocket | [WS DISCONNECTED]
2026-04-14 18:06:23,274 | INFO | ai-websocket | [WS CONNECT] Origin: None
2026-04-14 18:06:25,397 | DEBUG | ai-websocket | [WS RECEIVED] Raw Data: {'query': 'raj bhatt', 'user_id': 402981, 'org_id': 1, 'conversation_id': ''}
2026-04-14 18:06:57,037 | ERROR | ai-websocket | [DB ERROR create_conversation] server closed the connection unexpectedly
	This probably means the server terminated abnormally
	before or while processing the request.
server closed the connection unexpectedly
	This probably means the server terminated abnormally
	before or while processing the request.
Traceback (most recent call last):
  File "E:\hospitality\hozpitality-ai\ai_server_2.py", line 629, in create_conversation
    cur.execute("""
psycopg2.OperationalError: server closed the connection unexpectedly
	This probably means the server terminated abnormally
	before or while processing the request.
server closed the connection unexpectedly
	This probably means the server terminated abnormally
	before or while processing the request.

2026-04-14 18:07:25,234 | ERROR | ai-websocket | Intent error: ('Connection aborted.', ConnectionResetError(10054, 'An existing connection was forcibly closed by the remote host', None, 10054, None))
2026-04-14 18:08:24,829 | ERROR | ai-websocket | [WS ERROR] Error 10061 connecting to localhost:6379. No connection could be made because the target machine actively refused it.
Traceback (most recent call last):
  File "E:\hospitality\hozpitality-ai\venv\Lib\site-packages\redis\connection.py", line 1003, in connect_check_health
    sock = self._connect()
           ^^^^^^^^^^^^^^^
  File "E:\hospitality\hozpitality-ai\venv\Lib\site-packages\redis\connection.py", line 1515, in _connect
    raise err
  File "E:\hospitality\hozpitality-ai\venv\Lib\site-packages\redis\connection.py", line 1499, in _connect
    sock.connect(socket_address)
ConnectionRefusedError: [WinError 10061] No connection could be made because the target machine actively refused it

During handling of the above exception, another exception occurred:

Traceback (most recent call last):
  File "E:\hospitality\hozpitality-ai\ai_server_2.py", line 1517, in websocket_chat
    last_ai = get_last_ai_response(user_id, org_id)
              ^^^^^^^^^^^^^^^^^^^^^^^^^^^^^^^^^^^^^
  File "E:\hospitality\hozpitality-ai\ai_server_2.py", line 338, in get_last_ai_response
    return redis_client.get(key) or ""
           ^^^^^^^^^^^^^^^^^^^^^
  File "E:\hospitality\hozpitality-ai\venv\Lib\site-packages\redis\commands\core.py", line 2073, in get
    return self.execute_command("GET", name, keys=[name])
           ^^^^^^^^^^^^^^^^^^^^^^^^^^^^^^^^^^^^^^^^^^^^^^
  File "E:\hospitality\hozpitality-ai\venv\Lib\site-packages\redis\client.py", line 716, in execute_command
    return self._execute_command(*args, **options)
           ^^^^^^^^^^^^^^^^^^^^^^^^^^^^^^^^^^^^^^^
  File "E:\hospitality\hozpitality-ai\venv\Lib\site-packages\redis\client.py", line 722, in _execute_command
    conn = self.connection or pool.get_connection()
                              ^^^^^^^^^^^^^^^^^^^^^
  File "E:\hospitality\hozpitality-ai\venv\Lib\site-packages\redis\utils.py", line 236, in wrapper
    return func(*args, **kwargs)
           ^^^^^^^^^^^^^^^^^^^^^
  File "E:\hospitality\hozpitality-ai\venv\Lib\site-packages\redis\connection.py", line 3041, in get_connection
    connection.connect()
  File "E:\hospitality\hozpitality-ai\venv\Lib\site-packages\redis\connection.py", line 976, in connect
    self.retry.call_with_retry(
  File "E:\hospitality\hozpitality-ai\venv\Lib\site-packages\redis\retry.py", line 132, in call_with_retry
    raise error
  File "E:\hospitality\hozpitality-ai\venv\Lib\site-packages\redis\retry.py", line 120, in call_with_retry
    return do()
           ^^^^
  File "E:\hospitality\hozpitality-ai\venv\Lib\site-packages\redis\connection.py", line 977, in <lambda>
    lambda: self.connect_check_health(
            ^^^^^^^^^^^^^^^^^^^^^^^^^^
  File "E:\hospitality\hozpitality-ai\venv\Lib\site-packages\redis\connection.py", line 1025, in connect_check_health
    raise e
redis.exceptions.ConnectionError: Error 10061 connecting to localhost:6379. No connection could be made because the target machine actively refused it.
2026-04-14 18:15:56,584 | INFO | ai-websocket | [WS CONNECT] Origin: None
2026-04-14 18:15:57,598 | DEBUG | ai-websocket | [WS RECEIVED] Raw Data: {'query': 'raj bhatt', 'user_id': 402981, 'org_id': 1, 'conversation_id': ''}
2026-04-14 18:15:57,605 | ERROR | ai-websocket | [DB ERROR create_conversation] server closed the connection unexpectedly
	This probably means the server terminated abnormally
	before or while processing the request.
server closed the connection unexpectedly
	This probably means the server terminated abnormally
	before or while processing the request.
Traceback (most recent call last):
  File "E:\hospitality\hozpitality-ai\ai_server_2.py", line 629, in create_conversation
    cur.execute("""
psycopg2.OperationalError: server closed the connection unexpectedly
	This probably means the server terminated abnormally
	before or while processing the request.
server closed the connection unexpectedly
	This probably means the server terminated abnormally
	before or while processing the request.

2026-04-14 18:16:01,663 | ERROR | ai-websocket | Intent error: HTTPConnectionPool(host='localhost', port=11434): Max retries exceeded with url: /api/generate (Caused by NewConnectionError("HTTPConnection(host='localhost', port=11434): Failed to establish a new connection: [WinError 10061] No connection could be made because the target machine actively refused it"))
2026-04-14 18:16:29,212 | ERROR | ai-websocket | [WS ERROR] Error 10061 connecting to localhost:6379. No connection could be made because the target machine actively refused it.
Traceback (most recent call last):
  File "E:\hospitality\hozpitality-ai\venv\Lib\site-packages\redis\connection.py", line 1003, in connect_check_health
    sock = self._connect()
           ^^^^^^^^^^^^^^^
  File "E:\hospitality\hozpitality-ai\venv\Lib\site-packages\redis\connection.py", line 1515, in _connect
    raise err
  File "E:\hospitality\hozpitality-ai\venv\Lib\site-packages\redis\connection.py", line 1499, in _connect
    sock.connect(socket_address)
ConnectionRefusedError: [WinError 10061] No connection could be made because the target machine actively refused it

During handling of the above exception, another exception occurred:

Traceback (most recent call last):
  File "E:\hospitality\hozpitality-ai\ai_server_2.py", line 1517, in websocket_chat
    last_ai = get_last_ai_response(user_id, org_id)
              ^^^^^^^^^^^^^^^^^^^^^^^^^^^^^^^^^^^^^
  File "E:\hospitality\hozpitality-ai\ai_server_2.py", line 338, in get_last_ai_response
    return redis_client.get(key) or ""
           ^^^^^^^^^^^^^^^^^^^^^
  File "E:\hospitality\hozpitality-ai\venv\Lib\site-packages\redis\commands\core.py", line 2073, in get
    return self.execute_command("GET", name, keys=[name])
           ^^^^^^^^^^^^^^^^^^^^^^^^^^^^^^^^^^^^^^^^^^^^^^
  File "E:\hospitality\hozpitality-ai\venv\Lib\site-packages\redis\client.py", line 716, in execute_command
    return self._execute_command(*args, **options)
           ^^^^^^^^^^^^^^^^^^^^^^^^^^^^^^^^^^^^^^^
  File "E:\hospitality\hozpitality-ai\venv\Lib\site-packages\redis\client.py", line 722, in _execute_command
    conn = self.connection or pool.get_connection()
                              ^^^^^^^^^^^^^^^^^^^^^
  File "E:\hospitality\hozpitality-ai\venv\Lib\site-packages\redis\utils.py", line 236, in wrapper
    return func(*args, **kwargs)
           ^^^^^^^^^^^^^^^^^^^^^
  File "E:\hospitality\hozpitality-ai\venv\Lib\site-packages\redis\connection.py", line 3041, in get_connection
    connection.connect()
  File "E:\hospitality\hozpitality-ai\venv\Lib\site-packages\redis\connection.py", line 976, in connect
    self.retry.call_with_retry(
  File "E:\hospitality\hozpitality-ai\venv\Lib\site-packages\redis\retry.py", line 132, in call_with_retry
    raise error
  File "E:\hospitality\hozpitality-ai\venv\Lib\site-packages\redis\retry.py", line 120, in call_with_retry
    return do()
           ^^^^
  File "E:\hospitality\hozpitality-ai\venv\Lib\site-packages\redis\connection.py", line 977, in <lambda>
    lambda: self.connect_check_health(
            ^^^^^^^^^^^^^^^^^^^^^^^^^^
  File "E:\hospitality\hozpitality-ai\venv\Lib\site-packages\redis\connection.py", line 1025, in connect_check_health
    raise e
redis.exceptions.ConnectionError: Error 10061 connecting to localhost:6379. No connection could be made because the target machine actively refused it.
2026-04-14 18:17:49,699 | INFO | ai-websocket | [WS CONNECT] Origin: None
2026-04-14 18:17:50,764 | DEBUG | ai-websocket | [WS RECEIVED] Raw Data: {'query': 'raj bhatt', 'user_id': 402981, 'org_id': 1, 'conversation_id': ''}
2026-04-14 18:18:10,972 | INFO | ai-websocket | Intent detected: {'intent': 'SEARCH', 'type': 'professional', 'keywords': 'raj bhatt', 'location': '', 'rephrased_query': 'raj bhatt'}
2026-04-14 18:18:19,601 | INFO | ai-websocket | [SEARCH STAGE]: Trying Full Phrase Match for 'raj bhatt'
2026-04-14 18:18:19,601 | INFO | ai-websocket | --- STARTING DB EXECUTION ---
2026-04-14 18:18:19,601 | INFO | ai-websocket | SQL: 
            SELECT msi.title, msi.content, msi.category_text, msi.location_text, msi.slug, ua.package_id,ua.about_us
            FROM master_search_mastersearchindex msi
            LEFT JOIN user_accounts ua ON msi.user_name = ua.username
            WHERE msi.is_live = TRUE
             AND LOWER(msi.category_text) LIKE %s
                AND (LOWER(msi.title) LIKE %s OR LOWER(msi.content) LIKE %s)
                ORDER BY 
                    (CASE WHEN ua.package_id > 0 THEN 0 ELSE 1 END),
                    CASE 
                        WHEN LOWER(msi.title) = %s THEN 0
                        WHEN LOWER(msi.title) LIKE %s THEN 1
                        ELSE 2
                    END,
                    msi.id DESC
                LIMIT 100
                
2026-04-14 18:18:19,601 | INFO | ai-websocket | Params: ['%professional%', '%raj bhatt%', '%raj bhatt%', 'raj bhatt', '%raj bhatt%']
2026-04-14 18:18:23,363 | INFO | ai-websocket | [DB RAW COUNT]: 17 results found in database
2026-04-14 18:18:23,365 | INFO | ai-websocket | --- RAW RESULTS BEFORE SORTING ---
2026-04-14 18:18:23,367 | INFO | ai-websocket | Row 1: Raj Bhatt | Paid: True | PkgID: 5
2026-04-14 18:18:23,367 | INFO | ai-websocket | Row 2: DeepakRaj Bhatt | Paid: False | PkgID: None
2026-04-14 18:18:23,367 | INFO | ai-websocket | Row 3: Dheeraj Bhatt | Paid: False | PkgID: None
2026-04-14 18:18:23,370 | INFO | ai-websocket | Row 4: Deepak Raj Bhatt | Paid: False | PkgID: None
2026-04-14 18:18:23,370 | INFO | ai-websocket | Row 5: Neeraj Bhatt | Paid: False | PkgID: None
2026-04-14 18:18:23,371 | INFO | ai-websocket | --- RESULTS AFTER PRIORITY SORTING ---
2026-04-14 18:18:23,371 | INFO | ai-websocket | Sorted 1: Raj Bhatt | Paid: True
2026-04-14 18:18:23,371 | INFO | ai-websocket | Sorted 2: DeepakRaj Bhatt | Paid: False
2026-04-14 18:18:23,372 | INFO | ai-websocket | Sorted 3: Dheeraj Bhatt | Paid: False
2026-04-14 18:18:23,372 | INFO | ai-websocket | Sorted 4: Deepak Raj Bhatt | Paid: False
2026-04-14 18:18:23,373 | INFO | ai-websocket | Sorted 5: Neeraj Bhatt | Paid: False
2026-04-14 18:18:23,373 | INFO | ai-websocket | [SEARCH RESULT]: Successfully returning 6 results from DB
2026-04-14 18:21:02,067 | WARNING | ai-websocket | [WS DISCONNECTED]
2026-04-14 18:22:07,559 | INFO | ai-websocket | [WS CONNECT] Origin: None
2026-04-14 18:22:12,789 | INFO | ai-websocket | Intent detected: {'intent': 'SEARCH', 'type': 'professional', 'keywords': 'raj bhatt', 'location': '', 'rephrased_query': 'raj bhatt'}
2026-04-14 18:22:14,335 | INFO | ai-websocket | [SEARCH STAGE]: Trying Full Phrase Match for 'raj bhatt'
2026-04-14 18:22:14,335 | INFO | ai-websocket | --- STARTING DB EXECUTION ---
2026-04-14 18:22:14,335 | INFO | ai-websocket | SQL: 
            SELECT msi.title, msi.content, msi.category_text, msi.location_text, msi.slug, ua.package_id,ua.about_us
            FROM master_search_mastersearchindex msi
            LEFT JOIN user_accounts ua ON msi.user_name = ua.username
            WHERE msi.is_live = TRUE
             AND LOWER(msi.category_text) LIKE %s
                AND (LOWER(msi.title) LIKE %s OR LOWER(msi.content) LIKE %s)
                ORDER BY 
                    (CASE WHEN ua.package_id > 0 THEN 0 ELSE 1 END),
                    CASE 
                        WHEN LOWER(msi.title) = %s THEN 0
                        WHEN LOWER(msi.title) LIKE %s THEN 1
                        ELSE 2
                    END,
                    msi.id DESC
                LIMIT 100
                
2026-04-14 18:22:14,339 | INFO | ai-websocket | Params: ['%professional%', '%raj bhatt%', '%raj bhatt%', 'raj bhatt', '%raj bhatt%']
2026-04-14 18:22:17,340 | INFO | ai-websocket | [DB RAW COUNT]: 17 results found in database
2026-04-14 18:22:17,340 | INFO | ai-websocket | --- RAW RESULTS BEFORE SORTING ---
2026-04-14 18:22:17,340 | INFO | ai-websocket | Row 1: Raj Bhatt | Paid: True | PkgID: 5
2026-04-14 18:22:17,348 | INFO | ai-websocket | Row 2: DeepakRaj Bhatt | Paid: False | PkgID: None
2026-04-14 18:22:17,348 | INFO | ai-websocket | Row 3: Dheeraj Bhatt | Paid: False | PkgID: None
2026-04-14 18:22:17,349 | INFO | ai-websocket | Row 4: Deepak Raj Bhatt | Paid: False | PkgID: None
2026-04-14 18:22:17,349 | INFO | ai-websocket | Row 5: Neeraj Bhatt | Paid: False | PkgID: None
2026-04-14 18:22:17,349 | INFO | ai-websocket | --- RESULTS AFTER PRIORITY SORTING ---
2026-04-14 18:22:17,350 | INFO | ai-websocket | Sorted 1: Raj Bhatt | Paid: True
2026-04-14 18:22:17,350 | INFO | ai-websocket | Sorted 2: DeepakRaj Bhatt | Paid: False
2026-04-14 18:22:17,350 | INFO | ai-websocket | Sorted 3: Dheeraj Bhatt | Paid: False
2026-04-14 18:22:17,350 | INFO | ai-websocket | Sorted 4: Deepak Raj Bhatt | Paid: False
2026-04-14 18:22:17,350 | INFO | ai-websocket | Sorted 5: Neeraj Bhatt | Paid: False
2026-04-14 18:22:17,350 | INFO | ai-websocket | [SEARCH RESULT]: Successfully returning 6 results from DB
2026-04-14 18:26:08,004 | WARNING | ai-websocket | [WS DISCONNECTED]
2026-04-14 18:27:09,259 | INFO | ai-websocket | [WS CONNECT] Origin: None
2026-04-14 18:27:15,850 | INFO | ai-websocket | Intent detected: {'intent': 'SEARCH', 'type': 'professional', 'keywords': 'raj bhatt', 'location': '', 'rephrased_query': 'raj bhatt'}
2026-04-14 18:27:17,191 | INFO | ai-websocket | [SEARCH STAGE]: Trying Full Phrase Match for 'raj bhatt'
2026-04-14 18:27:17,193 | INFO | ai-websocket | --- STARTING DB EXECUTION ---
2026-04-14 18:27:17,193 | INFO | ai-websocket | SQL: 
            SELECT msi.title, msi.content, msi.category_text, msi.location_text, msi.slug, ua.package_id,ua.about_us
            FROM master_search_mastersearchindex msi
            LEFT JOIN user_accounts ua ON msi.user_name = ua.username
            WHERE msi.is_live = TRUE
             AND LOWER(msi.category_text) LIKE %s
                AND (LOWER(msi.title) LIKE %s OR LOWER(msi.content) LIKE %s)
                ORDER BY 
                    (CASE WHEN ua.package_id > 0 THEN 0 ELSE 1 END),
                    CASE 
                        WHEN LOWER(msi.title) = %s THEN 0
                        WHEN LOWER(msi.title) LIKE %s THEN 1
                        ELSE 2
                    END,
                    msi.id DESC
                LIMIT 100
                
2026-04-14 18:27:17,195 | INFO | ai-websocket | Params: ['%professional%', '%raj bhatt%', '%raj bhatt%', 'raj bhatt', '%raj bhatt%']
2026-04-14 18:27:20,521 | INFO | ai-websocket | [DB RAW COUNT]: 17 results found in database
2026-04-14 18:27:20,523 | INFO | ai-websocket | --- RAW RESULTS BEFORE SORTING ---
2026-04-14 18:27:20,523 | INFO | ai-websocket | Row 1: Raj Bhatt | Paid: True | PkgID: 5
2026-04-14 18:27:20,524 | INFO | ai-websocket | Row 2: DeepakRaj Bhatt | Paid: False | PkgID: None
2026-04-14 18:27:20,525 | INFO | ai-websocket | Row 3: Dheeraj Bhatt | Paid: False | PkgID: None
2026-04-14 18:27:20,527 | INFO | ai-websocket | Row 4: Deepak Raj Bhatt | Paid: False | PkgID: None
2026-04-14 18:27:20,529 | INFO | ai-websocket | Row 5: Neeraj Bhatt | Paid: False | PkgID: None
2026-04-14 18:27:20,529 | INFO | ai-websocket | --- RESULTS AFTER PRIORITY SORTING ---
2026-04-14 18:27:20,531 | INFO | ai-websocket | Sorted 1: Raj Bhatt | Paid: True
2026-04-14 18:27:20,532 | INFO | ai-websocket | Sorted 2: DeepakRaj Bhatt | Paid: False
2026-04-14 18:27:20,533 | INFO | ai-websocket | Sorted 3: Dheeraj Bhatt | Paid: False
2026-04-14 18:27:20,533 | INFO | ai-websocket | Sorted 4: Deepak Raj Bhatt | Paid: False
2026-04-14 18:27:20,533 | INFO | ai-websocket | Sorted 5: Neeraj Bhatt | Paid: False
2026-04-14 18:27:20,533 | INFO | ai-websocket | [SEARCH RESULT]: Successfully returning 6 results from DB
2026-04-14 18:31:47,000 | WARNING | ai-websocket | [WS DISCONNECTED]
2026-04-14 18:32:40,867 | INFO | ai-websocket | [WS CONNECT] Origin: None
2026-04-14 18:33:04,070 | INFO | ai-websocket | Intent detected: {'intent': 'SEARCH', 'type': 'professional', 'keywords': 'raj bhatt', 'location': '', 'rephrased_query': 'raj bhatt'}
2026-04-14 18:33:05,381 | INFO | ai-websocket | [SEARCH STAGE]: Trying Full Phrase Match for 'raj bhatt'
2026-04-14 18:33:05,381 | INFO | ai-websocket | --- STARTING DB EXECUTION ---
2026-04-14 18:33:05,385 | INFO | ai-websocket | SQL: 
            SELECT msi.title, msi.content, msi.category_text, msi.location_text, msi.slug, ua.package_id,ua.about_us
            FROM master_search_mastersearchindex msi
            LEFT JOIN user_accounts ua ON msi.user_name = ua.username
            WHERE msi.is_live = TRUE
             AND LOWER(msi.category_text) LIKE %s
                AND (LOWER(msi.title) LIKE %s OR LOWER(msi.content) LIKE %s)
                ORDER BY 
                    (CASE WHEN ua.package_id > 0 THEN 0 ELSE 1 END),
                    CASE 
                        WHEN LOWER(msi.title) = %s THEN 0
                        WHEN LOWER(msi.title) LIKE %s THEN 1
                        ELSE 2
                    END,
                    msi.id DESC
                LIMIT 100
                
2026-04-14 18:33:05,386 | INFO | ai-websocket | Params: ['%professional%', '%raj bhatt%', '%raj bhatt%', 'raj bhatt', '%raj bhatt%']
2026-04-14 18:33:08,910 | INFO | ai-websocket | [DB RAW COUNT]: 17 results found in database
2026-04-14 18:33:08,910 | INFO | ai-websocket | --- RAW RESULTS BEFORE SORTING ---
2026-04-14 18:33:08,910 | INFO | ai-websocket | Row 1: Raj Bhatt | Paid: True | PkgID: 5
2026-04-14 18:33:08,914 | INFO | ai-websocket | Row 2: DeepakRaj Bhatt | Paid: False | PkgID: None
2026-04-14 18:33:08,914 | INFO | ai-websocket | Row 3: Dheeraj Bhatt | Paid: False | PkgID: None
2026-04-14 18:33:08,915 | INFO | ai-websocket | Row 4: Deepak Raj Bhatt | Paid: False | PkgID: None
2026-04-14 18:33:08,915 | INFO | ai-websocket | Row 5: Neeraj Bhatt | Paid: False | PkgID: None
2026-04-14 18:33:08,915 | INFO | ai-websocket | --- RESULTS AFTER PRIORITY SORTING ---
2026-04-14 18:33:08,916 | INFO | ai-websocket | Sorted 1: Raj Bhatt | Paid: True
2026-04-14 18:33:08,916 | INFO | ai-websocket | Sorted 2: DeepakRaj Bhatt | Paid: False
2026-04-14 18:33:08,916 | INFO | ai-websocket | Sorted 3: Dheeraj Bhatt | Paid: False
2026-04-14 18:33:08,917 | INFO | ai-websocket | Sorted 4: Deepak Raj Bhatt | Paid: False
2026-04-14 18:33:08,917 | INFO | ai-websocket | Sorted 5: Neeraj Bhatt | Paid: False
2026-04-14 18:33:08,917 | INFO | ai-websocket | [SEARCH RESULT]: Successfully returning 6 results from DB
2026-04-14 18:35:32,566 | WARNING | ai-websocket | [WS DISCONNECTED]
2026-04-14 18:36:24,291 | INFO | ai-websocket | [WS CONNECT] Origin: None
2026-04-14 18:36:29,672 | INFO | ai-websocket | Intent detected: {'intent': 'SEARCH', 'type': 'professional', 'keywords': 'raj bhatt', 'location': '', 'rephrased_query': 'raj bhatt'}
2026-04-14 18:36:31,922 | INFO | ai-websocket | [SEARCH STAGE]: Trying Full Phrase Match for 'raj bhatt'
2026-04-14 18:36:31,924 | INFO | ai-websocket | --- STARTING DB EXECUTION ---
2026-04-14 18:36:31,925 | INFO | ai-websocket | SQL: 
            SELECT msi.title, msi.content, msi.category_text, msi.location_text, msi.slug, ua.package_id,ua.about_us
            FROM master_search_mastersearchindex msi
            LEFT JOIN user_accounts ua ON msi.user_name = ua.username
            WHERE msi.is_live = TRUE
             AND LOWER(msi.category_text) LIKE %s
                AND (LOWER(msi.title) LIKE %s OR LOWER(msi.content) LIKE %s)
                ORDER BY 
                    (CASE WHEN ua.package_id > 0 THEN 0 ELSE 1 END),
                    CASE 
                        WHEN LOWER(msi.title) = %s THEN 0
                        WHEN LOWER(msi.title) LIKE %s THEN 1
                        ELSE 2
                    END,
                    msi.id DESC
                LIMIT 100
                
2026-04-14 18:36:31,926 | INFO | ai-websocket | Params: ['%professional%', '%raj bhatt%', '%raj bhatt%', 'raj bhatt', '%raj bhatt%']
2026-04-14 18:36:35,273 | INFO | ai-websocket | [DB RAW COUNT]: 17 results found in database
2026-04-14 18:36:35,273 | INFO | ai-websocket | --- RAW RESULTS BEFORE SORTING ---
2026-04-14 18:36:35,273 | INFO | ai-websocket | Row 1: Raj Bhatt | Paid: True | PkgID: 5
2026-04-14 18:36:35,273 | INFO | ai-websocket | Row 2: DeepakRaj Bhatt | Paid: False | PkgID: None
2026-04-14 18:36:35,273 | INFO | ai-websocket | Row 3: Dheeraj Bhatt | Paid: False | PkgID: None
2026-04-14 18:36:35,273 | INFO | ai-websocket | Row 4: Deepak Raj Bhatt | Paid: False | PkgID: None
2026-04-14 18:36:35,273 | INFO | ai-websocket | Row 5: Neeraj Bhatt | Paid: False | PkgID: None
2026-04-14 18:36:35,273 | INFO | ai-websocket | --- RESULTS AFTER PRIORITY SORTING ---
2026-04-14 18:36:35,273 | INFO | ai-websocket | Sorted 1: Raj Bhatt | Paid: True
2026-04-14 18:36:35,273 | INFO | ai-websocket | Sorted 2: DeepakRaj Bhatt | Paid: False
2026-04-14 18:36:35,273 | INFO | ai-websocket | Sorted 3: Dheeraj Bhatt | Paid: False
2026-04-14 18:36:35,273 | INFO | ai-websocket | Sorted 4: Deepak Raj Bhatt | Paid: False
2026-04-14 18:36:35,273 | INFO | ai-websocket | Sorted 5: Neeraj Bhatt | Paid: False
2026-04-14 18:36:35,273 | INFO | ai-websocket | [SEARCH RESULT]: Successfully returning 6 results from DB
2026-04-14 18:43:16,461 | WARNING | ai-websocket | [WS DISCONNECTED]
2026-04-14 18:44:43,868 | INFO | ai-websocket | [WS CONNECT] Origin: None
2026-04-14 18:44:45,171 | DEBUG | ai-websocket | [WS RECEIVED] Raw Data: {'query': 'raj bhatt', 'user_id': 402981, 'org_id': 1, 'conversation_id': ''}
2026-04-14 18:44:55,919 | INFO | ai-websocket | Intent detected: {'intent': 'SEARCH', 'type': 'professional', 'keywords': 'raj bhatt', 'location': '', 'rephrased_query': 'raj bhatt'}
2026-04-14 18:45:05,524 | INFO | ai-websocket | [SEARCH STAGE]: Trying Full Phrase Match for 'raj bhatt'
2026-04-14 18:45:05,526 | INFO | ai-websocket | --- STARTING DB EXECUTION ---
2026-04-14 18:45:05,527 | INFO | ai-websocket | SQL: 
            SELECT msi.title, msi.content, msi.category_text, msi.location_text, msi.slug, ua.package_id,ua.about_us
            FROM master_search_mastersearchindex msi
            LEFT JOIN user_accounts ua ON msi.user_name = ua.username
            WHERE msi.is_live = TRUE
             AND LOWER(msi.category_text) LIKE %s
                AND (LOWER(msi.title) LIKE %s OR LOWER(msi.content) LIKE %s)
                ORDER BY 
                    (CASE WHEN ua.package_id > 0 THEN 0 ELSE 1 END),
                    CASE 
                        WHEN LOWER(msi.title) = %s THEN 0
                        WHEN LOWER(msi.title) LIKE %s THEN 1
                        ELSE 2
                    END,
                    msi.id DESC
                LIMIT 100
                
2026-04-14 18:45:05,528 | INFO | ai-websocket | Params: ['%professional%', '%raj bhatt%', '%raj bhatt%', 'raj bhatt', '%raj bhatt%']
2026-04-14 18:45:08,479 | INFO | ai-websocket | [DB RAW COUNT]: 17 results found in database
2026-04-14 18:45:08,479 | INFO | ai-websocket | --- RAW RESULTS BEFORE SORTING ---
2026-04-14 18:45:08,481 | INFO | ai-websocket | Row 1: Raj Bhatt | Paid: True | PkgID: 5
2026-04-14 18:45:08,481 | INFO | ai-websocket | Row 2: DeepakRaj Bhatt | Paid: False | PkgID: None
2026-04-14 18:45:08,481 | INFO | ai-websocket | Row 3: Dheeraj Bhatt | Paid: False | PkgID: None
2026-04-14 18:45:08,481 | INFO | ai-websocket | Row 4: Deepak Raj Bhatt | Paid: False | PkgID: None
2026-04-14 18:45:08,481 | INFO | ai-websocket | Row 5: Neeraj Bhatt | Paid: False | PkgID: None
2026-04-14 18:45:08,484 | INFO | ai-websocket | --- RESULTS AFTER PRIORITY SORTING ---
2026-04-14 18:45:08,485 | INFO | ai-websocket | Sorted 1: Raj Bhatt | Paid: True
2026-04-14 18:45:08,486 | INFO | ai-websocket | Sorted 2: DeepakRaj Bhatt | Paid: False
2026-04-14 18:45:08,487 | INFO | ai-websocket | Sorted 3: Dheeraj Bhatt | Paid: False
2026-04-14 18:45:08,487 | INFO | ai-websocket | Sorted 4: Deepak Raj Bhatt | Paid: False
2026-04-14 18:45:08,487 | INFO | ai-websocket | Sorted 5: Neeraj Bhatt | Paid: False
2026-04-14 18:45:08,492 | INFO | ai-websocket | [SEARCH RESULT]: Successfully returning 6 results from DB
2026-04-14 18:45:12,386 | DEBUG | ai-websocket | [WS RECEIVED] Raw Data: {'query': 'raj bhatt', 'user_id': 402981, 'org_id': 1, 'conversation_id': ''}
2026-04-14 18:45:16,452 | INFO | ai-websocket | Intent detected: {'intent': 'SEARCH', 'type': 'professional', 'keywords': 'raj bhatt', 'location': '', 'rephrased_query': 'raj bhatt'}
2026-04-14 18:45:19,577 | INFO | ai-websocket | [SEARCH STAGE]: Trying Full Phrase Match for 'raj bhatt'
2026-04-14 18:45:19,577 | INFO | ai-websocket | --- STARTING DB EXECUTION ---
2026-04-14 18:45:19,577 | INFO | ai-websocket | SQL: 
            SELECT msi.title, msi.content, msi.category_text, msi.location_text, msi.slug, ua.package_id,ua.about_us
            FROM master_search_mastersearchindex msi
            LEFT JOIN user_accounts ua ON msi.user_name = ua.username
            WHERE msi.is_live = TRUE
             AND LOWER(msi.category_text) LIKE %s
                AND (LOWER(msi.title) LIKE %s OR LOWER(msi.content) LIKE %s)
                ORDER BY 
                    (CASE WHEN ua.package_id > 0 THEN 0 ELSE 1 END),
                    CASE 
                        WHEN LOWER(msi.title) = %s THEN 0
                        WHEN LOWER(msi.title) LIKE %s THEN 1
                        ELSE 2
                    END,
                    msi.id DESC
                LIMIT 100
                
2026-04-14 18:45:19,577 | INFO | ai-websocket | Params: ['%professional%', '%raj bhatt%', '%raj bhatt%', 'raj bhatt', '%raj bhatt%']
2026-04-14 18:45:21,787 | INFO | ai-websocket | [DB RAW COUNT]: 17 results found in database
2026-04-14 18:45:21,787 | INFO | ai-websocket | --- RAW RESULTS BEFORE SORTING ---
2026-04-14 18:45:21,787 | INFO | ai-websocket | Row 1: Raj Bhatt | Paid: True | PkgID: 5
2026-04-14 18:45:21,792 | INFO | ai-websocket | Row 2: DeepakRaj Bhatt | Paid: False | PkgID: None
2026-04-14 18:45:21,792 | INFO | ai-websocket | Row 3: Dheeraj Bhatt | Paid: False | PkgID: None
2026-04-14 18:45:21,792 | INFO | ai-websocket | Row 4: Deepak Raj Bhatt | Paid: False | PkgID: None
2026-04-14 18:45:21,792 | INFO | ai-websocket | Row 5: Neeraj Bhatt | Paid: False | PkgID: None
2026-04-14 18:45:21,794 | INFO | ai-websocket | --- RESULTS AFTER PRIORITY SORTING ---
2026-04-14 18:45:21,794 | INFO | ai-websocket | Sorted 1: Raj Bhatt | Paid: True
2026-04-14 18:45:21,794 | INFO | ai-websocket | Sorted 2: DeepakRaj Bhatt | Paid: False
2026-04-14 18:45:21,794 | INFO | ai-websocket | Sorted 3: Dheeraj Bhatt | Paid: False
2026-04-14 18:45:21,794 | INFO | ai-websocket | Sorted 4: Deepak Raj Bhatt | Paid: False
2026-04-14 18:45:21,795 | INFO | ai-websocket | Sorted 5: Neeraj Bhatt | Paid: False
2026-04-14 18:45:21,795 | INFO | ai-websocket | [SEARCH RESULT]: Successfully returning 6 results from DB
2026-04-14 18:45:25,099 | DEBUG | ai-websocket | [WS RECEIVED] Raw Data: {'query': 'raj bhatt', 'user_id': 402981, 'org_id': 1, 'conversation_id': ''}
2026-04-14 18:45:28,766 | INFO | ai-websocket | Intent detected: {'intent': 'SEARCH', 'type': 'professional', 'keywords': 'raj bhatt', 'location': '', 'rephrased_query': 'raj bhatt'}
2026-04-14 18:45:32,806 | INFO | ai-websocket | [SEARCH STAGE]: Trying Full Phrase Match for 'raj bhatt'
2026-04-14 18:45:32,806 | INFO | ai-websocket | --- STARTING DB EXECUTION ---
2026-04-14 18:45:32,808 | INFO | ai-websocket | SQL: 
            SELECT msi.title, msi.content, msi.category_text, msi.location_text, msi.slug, ua.package_id,ua.about_us
            FROM master_search_mastersearchindex msi
            LEFT JOIN user_accounts ua ON msi.user_name = ua.username
            WHERE msi.is_live = TRUE
             AND LOWER(msi.category_text) LIKE %s
                AND (LOWER(msi.title) LIKE %s OR LOWER(msi.content) LIKE %s)
                ORDER BY 
                    (CASE WHEN ua.package_id > 0 THEN 0 ELSE 1 END),
                    CASE 
                        WHEN LOWER(msi.title) = %s THEN 0
                        WHEN LOWER(msi.title) LIKE %s THEN 1
                        ELSE 2
                    END,
                    msi.id DESC
                LIMIT 100
                
2026-04-14 18:45:32,808 | INFO | ai-websocket | Params: ['%professional%', '%raj bhatt%', '%raj bhatt%', 'raj bhatt', '%raj bhatt%']
2026-04-14 18:45:34,974 | INFO | ai-websocket | [DB RAW COUNT]: 17 results found in database
2026-04-14 18:45:34,974 | INFO | ai-websocket | --- RAW RESULTS BEFORE SORTING ---
2026-04-14 18:45:34,974 | INFO | ai-websocket | Row 1: Raj Bhatt | Paid: True | PkgID: 5
2026-04-14 18:45:34,974 | INFO | ai-websocket | Row 2: DeepakRaj Bhatt | Paid: False | PkgID: None
2026-04-14 18:45:34,974 | INFO | ai-websocket | Row 3: Dheeraj Bhatt | Paid: False | PkgID: None
2026-04-14 18:45:34,978 | INFO | ai-websocket | Row 4: Deepak Raj Bhatt | Paid: False | PkgID: None
2026-04-14 18:45:34,978 | INFO | ai-websocket | Row 5: Neeraj Bhatt | Paid: False | PkgID: None
2026-04-14 18:45:34,979 | INFO | ai-websocket | --- RESULTS AFTER PRIORITY SORTING ---
2026-04-14 18:45:34,979 | INFO | ai-websocket | Sorted 1: Raj Bhatt | Paid: True
2026-04-14 18:45:34,979 | INFO | ai-websocket | Sorted 2: DeepakRaj Bhatt | Paid: False
2026-04-14 18:45:34,979 | INFO | ai-websocket | Sorted 3: Dheeraj Bhatt | Paid: False
2026-04-14 18:45:34,982 | INFO | ai-websocket | Sorted 4: Deepak Raj Bhatt | Paid: False
2026-04-14 18:45:34,984 | INFO | ai-websocket | Sorted 5: Neeraj Bhatt | Paid: False
2026-04-14 18:45:34,984 | INFO | ai-websocket | [SEARCH RESULT]: Successfully returning 6 results from DB
2026-04-14 18:45:38,219 | DEBUG | ai-websocket | [WS RECEIVED] Raw Data: {'query': 'raj bhatt', 'user_id': 402981, 'org_id': 1, 'conversation_id': ''}
2026-04-14 18:45:42,241 | INFO | ai-websocket | Intent detected: {'intent': 'SEARCH', 'type': 'professional', 'keywords': 'raj bhatt', 'location': '', 'rephrased_query': 'raj bhatt'}
2026-04-14 18:45:45,789 | INFO | ai-websocket | [SEARCH STAGE]: Trying Full Phrase Match for 'raj bhatt'
2026-04-14 18:45:45,789 | INFO | ai-websocket | --- STARTING DB EXECUTION ---
2026-04-14 18:45:45,789 | INFO | ai-websocket | SQL: 
            SELECT msi.title, msi.content, msi.category_text, msi.location_text, msi.slug, ua.package_id,ua.about_us
            FROM master_search_mastersearchindex msi
            LEFT JOIN user_accounts ua ON msi.user_name = ua.username
            WHERE msi.is_live = TRUE
             AND LOWER(msi.category_text) LIKE %s
                AND (LOWER(msi.title) LIKE %s OR LOWER(msi.content) LIKE %s)
                ORDER BY 
                    (CASE WHEN ua.package_id > 0 THEN 0 ELSE 1 END),
                    CASE 
                        WHEN LOWER(msi.title) = %s THEN 0
                        WHEN LOWER(msi.title) LIKE %s THEN 1
                        ELSE 2
                    END,
                    msi.id DESC
                LIMIT 100
                
2026-04-14 18:45:45,789 | INFO | ai-websocket | Params: ['%professional%', '%raj bhatt%', '%raj bhatt%', 'raj bhatt', '%raj bhatt%']
2026-04-14 18:45:47,927 | INFO | ai-websocket | [DB RAW COUNT]: 17 results found in database
2026-04-14 18:45:47,927 | INFO | ai-websocket | --- RAW RESULTS BEFORE SORTING ---
2026-04-14 18:45:47,927 | INFO | ai-websocket | Row 1: Raj Bhatt | Paid: True | PkgID: 5
2026-04-14 18:45:47,927 | INFO | ai-websocket | Row 2: DeepakRaj Bhatt | Paid: False | PkgID: None
2026-04-14 18:45:47,927 | INFO | ai-websocket | Row 3: Dheeraj Bhatt | Paid: False | PkgID: None
2026-04-14 18:45:47,927 | INFO | ai-websocket | Row 4: Deepak Raj Bhatt | Paid: False | PkgID: None
2026-04-14 18:45:47,940 | INFO | ai-websocket | Row 5: Neeraj Bhatt | Paid: False | PkgID: None
2026-04-14 18:45:47,940 | INFO | ai-websocket | --- RESULTS AFTER PRIORITY SORTING ---
2026-04-14 18:45:47,941 | INFO | ai-websocket | Sorted 1: Raj Bhatt | Paid: True
2026-04-14 18:45:47,941 | INFO | ai-websocket | Sorted 2: DeepakRaj Bhatt | Paid: False
2026-04-14 18:45:47,941 | INFO | ai-websocket | Sorted 3: Dheeraj Bhatt | Paid: False
2026-04-14 18:45:47,941 | INFO | ai-websocket | Sorted 4: Deepak Raj Bhatt | Paid: False
2026-04-14 18:45:47,943 | INFO | ai-websocket | Sorted 5: Neeraj Bhatt | Paid: False
2026-04-14 18:45:47,944 | INFO | ai-websocket | [SEARCH RESULT]: Successfully returning 6 results from DB
2026-04-14 18:45:51,235 | DEBUG | ai-websocket | [WS RECEIVED] Raw Data: {'query': 'raj bhatt', 'user_id': 402981, 'org_id': 1, 'conversation_id': ''}
2026-04-14 18:45:55,115 | INFO | ai-websocket | Intent detected: {'intent': 'SEARCH', 'type': 'professional', 'keywords': 'raj bhatt', 'location': '', 'rephrased_query': 'raj bhatt'}
2026-04-14 18:45:58,657 | INFO | ai-websocket | [SEARCH STAGE]: Trying Full Phrase Match for 'raj bhatt'
2026-04-14 18:45:58,657 | INFO | ai-websocket | --- STARTING DB EXECUTION ---
2026-04-14 18:45:58,657 | INFO | ai-websocket | SQL: 
            SELECT msi.title, msi.content, msi.category_text, msi.location_text, msi.slug, ua.package_id,ua.about_us
            FROM master_search_mastersearchindex msi
            LEFT JOIN user_accounts ua ON msi.user_name = ua.username
            WHERE msi.is_live = TRUE
             AND LOWER(msi.category_text) LIKE %s
                AND (LOWER(msi.title) LIKE %s OR LOWER(msi.content) LIKE %s)
                ORDER BY 
                    (CASE WHEN ua.package_id > 0 THEN 0 ELSE 1 END),
                    CASE 
                        WHEN LOWER(msi.title) = %s THEN 0
                        WHEN LOWER(msi.title) LIKE %s THEN 1
                        ELSE 2
                    END,
                    msi.id DESC
                LIMIT 100
                
2026-04-14 18:45:58,664 | INFO | ai-websocket | Params: ['%professional%', '%raj bhatt%', '%raj bhatt%', 'raj bhatt', '%raj bhatt%']
2026-04-14 18:46:00,962 | INFO | ai-websocket | [DB RAW COUNT]: 17 results found in database
2026-04-14 18:46:00,962 | INFO | ai-websocket | --- RAW RESULTS BEFORE SORTING ---
2026-04-14 18:46:00,962 | INFO | ai-websocket | Row 1: Raj Bhatt | Paid: True | PkgID: 5
2026-04-14 18:46:00,962 | INFO | ai-websocket | Row 2: DeepakRaj Bhatt | Paid: False | PkgID: None
2026-04-14 18:46:00,962 | INFO | ai-websocket | Row 3: Dheeraj Bhatt | Paid: False | PkgID: None
2026-04-14 18:46:00,966 | INFO | ai-websocket | Row 4: Deepak Raj Bhatt | Paid: False | PkgID: None
2026-04-14 18:46:00,966 | INFO | ai-websocket | Row 5: Neeraj Bhatt | Paid: False | PkgID: None
2026-04-14 18:46:00,966 | INFO | ai-websocket | --- RESULTS AFTER PRIORITY SORTING ---
2026-04-14 18:46:00,966 | INFO | ai-websocket | Sorted 1: Raj Bhatt | Paid: True
2026-04-14 18:46:00,966 | INFO | ai-websocket | Sorted 2: DeepakRaj Bhatt | Paid: False
2026-04-14 18:46:00,967 | INFO | ai-websocket | Sorted 3: Dheeraj Bhatt | Paid: False
2026-04-14 18:46:00,967 | INFO | ai-websocket | Sorted 4: Deepak Raj Bhatt | Paid: False
2026-04-14 18:46:00,967 | INFO | ai-websocket | Sorted 5: Neeraj Bhatt | Paid: False
2026-04-14 18:46:00,967 | INFO | ai-websocket | [SEARCH RESULT]: Successfully returning 6 results from DB
2026-04-14 18:46:03,989 | DEBUG | ai-websocket | [WS RECEIVED] Raw Data: {'query': 'raj bhatt', 'user_id': 402981, 'org_id': 1, 'conversation_id': ''}
2026-04-14 18:46:08,185 | INFO | ai-websocket | Intent detected: {'intent': 'SEARCH', 'type': 'professional', 'keywords': 'raj bhatt', 'location': '', 'rephrased_query': 'raj bhatt'}
2026-04-14 18:46:11,817 | INFO | ai-websocket | [SEARCH STAGE]: Trying Full Phrase Match for 'raj bhatt'
2026-04-14 18:46:11,817 | INFO | ai-websocket | --- STARTING DB EXECUTION ---
2026-04-14 18:46:11,817 | INFO | ai-websocket | SQL: 
            SELECT msi.title, msi.content, msi.category_text, msi.location_text, msi.slug, ua.package_id,ua.about_us
            FROM master_search_mastersearchindex msi
            LEFT JOIN user_accounts ua ON msi.user_name = ua.username
            WHERE msi.is_live = TRUE
             AND LOWER(msi.category_text) LIKE %s
                AND (LOWER(msi.title) LIKE %s OR LOWER(msi.content) LIKE %s)
                ORDER BY 
                    (CASE WHEN ua.package_id > 0 THEN 0 ELSE 1 END),
                    CASE 
                        WHEN LOWER(msi.title) = %s THEN 0
                        WHEN LOWER(msi.title) LIKE %s THEN 1
                        ELSE 2
                    END,
                    msi.id DESC
                LIMIT 100
                
2026-04-14 18:46:11,817 | INFO | ai-websocket | Params: ['%professional%', '%raj bhatt%', '%raj bhatt%', 'raj bhatt', '%raj bhatt%']
2026-04-14 18:46:13,716 | INFO | ai-websocket | [DB RAW COUNT]: 17 results found in database
2026-04-14 18:46:13,717 | INFO | ai-websocket | --- RAW RESULTS BEFORE SORTING ---
2026-04-14 18:46:13,717 | INFO | ai-websocket | Row 1: Raj Bhatt | Paid: True | PkgID: 5
2026-04-14 18:46:13,717 | INFO | ai-websocket | Row 2: DeepakRaj Bhatt | Paid: False | PkgID: None
2026-04-14 18:46:13,718 | INFO | ai-websocket | Row 3: Dheeraj Bhatt | Paid: False | PkgID: None
2026-04-14 18:46:13,718 | INFO | ai-websocket | Row 4: Deepak Raj Bhatt | Paid: False | PkgID: None
2026-04-14 18:46:13,718 | INFO | ai-websocket | Row 5: Neeraj Bhatt | Paid: False | PkgID: None
2026-04-14 18:46:13,718 | INFO | ai-websocket | --- RESULTS AFTER PRIORITY SORTING ---
2026-04-14 18:46:13,718 | INFO | ai-websocket | Sorted 1: Raj Bhatt | Paid: True
2026-04-14 18:46:13,718 | INFO | ai-websocket | Sorted 2: DeepakRaj Bhatt | Paid: False
2026-04-14 18:46:13,718 | INFO | ai-websocket | Sorted 3: Dheeraj Bhatt | Paid: False
2026-04-14 18:46:13,718 | INFO | ai-websocket | Sorted 4: Deepak Raj Bhatt | Paid: False
2026-04-14 18:46:13,721 | INFO | ai-websocket | Sorted 5: Neeraj Bhatt | Paid: False
2026-04-14 18:46:13,721 | INFO | ai-websocket | [SEARCH RESULT]: Successfully returning 6 results from DB
2026-04-14 18:46:16,942 | DEBUG | ai-websocket | [WS RECEIVED] Raw Data: {'query': 'raj bhatt', 'user_id': 402981, 'org_id': 1, 'conversation_id': ''}
2026-04-14 18:46:20,565 | INFO | ai-websocket | Intent detected: {'intent': 'SEARCH', 'type': 'PROFESSIONAL', 'keywords': 'raj bhatt', 'location': '', 'rephrased_query': 'raj bhatt'}
2026-04-14 18:46:24,245 | INFO | ai-websocket | [SEARCH STAGE]: Trying Full Phrase Match for 'raj bhatt'
2026-04-14 18:46:24,245 | INFO | ai-websocket | --- STARTING DB EXECUTION ---
2026-04-14 18:46:24,245 | INFO | ai-websocket | SQL: 
            SELECT msi.title, msi.content, msi.category_text, msi.location_text, msi.slug, ua.package_id,ua.about_us
            FROM master_search_mastersearchindex msi
            LEFT JOIN user_accounts ua ON msi.user_name = ua.username
            WHERE msi.is_live = TRUE
             AND LOWER(msi.category_text) LIKE %s
                AND (LOWER(msi.title) LIKE %s OR LOWER(msi.content) LIKE %s)
                ORDER BY 
                    (CASE WHEN ua.package_id > 0 THEN 0 ELSE 1 END),
                    CASE 
                        WHEN LOWER(msi.title) = %s THEN 0
                        WHEN LOWER(msi.title) LIKE %s THEN 1
                        ELSE 2
                    END,
                    msi.id DESC
                LIMIT 100
                
2026-04-14 18:46:24,247 | INFO | ai-websocket | Params: ['%professional%', '%raj bhatt%', '%raj bhatt%', 'raj bhatt', '%raj bhatt%']
2026-04-14 18:46:26,851 | INFO | ai-websocket | [DB RAW COUNT]: 17 results found in database
2026-04-14 18:46:26,851 | INFO | ai-websocket | --- RAW RESULTS BEFORE SORTING ---
2026-04-14 18:46:26,851 | INFO | ai-websocket | Row 1: Raj Bhatt | Paid: True | PkgID: 5
2026-04-14 18:46:26,851 | INFO | ai-websocket | Row 2: DeepakRaj Bhatt | Paid: False | PkgID: None
2026-04-14 18:46:26,851 | INFO | ai-websocket | Row 3: Dheeraj Bhatt | Paid: False | PkgID: None
2026-04-14 18:46:26,851 | INFO | ai-websocket | Row 4: Deepak Raj Bhatt | Paid: False | PkgID: None
2026-04-14 18:46:26,851 | INFO | ai-websocket | Row 5: Neeraj Bhatt | Paid: False | PkgID: None
2026-04-14 18:46:26,851 | INFO | ai-websocket | --- RESULTS AFTER PRIORITY SORTING ---
2026-04-14 18:46:26,851 | INFO | ai-websocket | Sorted 1: Raj Bhatt | Paid: True
2026-04-14 18:46:26,851 | INFO | ai-websocket | Sorted 2: DeepakRaj Bhatt | Paid: False
2026-04-14 18:46:26,856 | INFO | ai-websocket | Sorted 3: Dheeraj Bhatt | Paid: False
2026-04-14 18:46:26,856 | INFO | ai-websocket | Sorted 4: Deepak Raj Bhatt | Paid: False
2026-04-14 18:46:26,856 | INFO | ai-websocket | Sorted 5: Neeraj Bhatt | Paid: False
2026-04-14 18:46:26,856 | INFO | ai-websocket | [SEARCH RESULT]: Successfully returning 6 results from DB
2026-04-14 18:46:40,159 | DEBUG | ai-websocket | [WS RECEIVED] Raw Data: {'query': 'raj bhatt', 'user_id': 402981, 'org_id': 1, 'conversation_id': ''}
2026-04-14 18:46:44,296 | INFO | ai-websocket | Intent detected: {'intent': 'SEARCH', 'type': 'professional', 'keywords': 'raj bhatt', 'location': '', 'rephrased_query': 'raj bhatt'}
2026-04-14 18:46:47,582 | INFO | ai-websocket | [SEARCH STAGE]: Trying Full Phrase Match for 'raj bhatt'
2026-04-14 18:46:47,582 | INFO | ai-websocket | --- STARTING DB EXECUTION ---
2026-04-14 18:46:47,590 | INFO | ai-websocket | SQL: 
            SELECT msi.title, msi.content, msi.category_text, msi.location_text, msi.slug, ua.package_id,ua.about_us
            FROM master_search_mastersearchindex msi
            LEFT JOIN user_accounts ua ON msi.user_name = ua.username
            WHERE msi.is_live = TRUE
             AND LOWER(msi.category_text) LIKE %s
                AND (LOWER(msi.title) LIKE %s OR LOWER(msi.content) LIKE %s)
                ORDER BY 
                    (CASE WHEN ua.package_id > 0 THEN 0 ELSE 1 END),
                    CASE 
                        WHEN LOWER(msi.title) = %s THEN 0
                        WHEN LOWER(msi.title) LIKE %s THEN 1
                        ELSE 2
                    END,
                    msi.id DESC
                LIMIT 100
                
2026-04-14 18:46:47,590 | INFO | ai-websocket | Params: ['%professional%', '%raj bhatt%', '%raj bhatt%', 'raj bhatt', '%raj bhatt%']
2026-04-14 18:46:49,498 | INFO | ai-websocket | [DB RAW COUNT]: 17 results found in database
2026-04-14 18:46:49,498 | INFO | ai-websocket | --- RAW RESULTS BEFORE SORTING ---
2026-04-14 18:46:49,498 | INFO | ai-websocket | Row 1: Raj Bhatt | Paid: True | PkgID: 5
2026-04-14 18:46:49,498 | INFO | ai-websocket | Row 2: DeepakRaj Bhatt | Paid: False | PkgID: None
2026-04-14 18:46:49,498 | INFO | ai-websocket | Row 3: Dheeraj Bhatt | Paid: False | PkgID: None
2026-04-14 18:46:49,498 | INFO | ai-websocket | Row 4: Deepak Raj Bhatt | Paid: False | PkgID: None
2026-04-14 18:46:49,498 | INFO | ai-websocket | Row 5: Neeraj Bhatt | Paid: False | PkgID: None
2026-04-14 18:46:49,498 | INFO | ai-websocket | --- RESULTS AFTER PRIORITY SORTING ---
2026-04-14 18:46:49,498 | INFO | ai-websocket | Sorted 1: Raj Bhatt | Paid: True
2026-04-14 18:46:49,502 | INFO | ai-websocket | Sorted 2: DeepakRaj Bhatt | Paid: False
2026-04-14 18:46:49,502 | INFO | ai-websocket | Sorted 3: Dheeraj Bhatt | Paid: False
2026-04-14 18:46:49,503 | INFO | ai-websocket | Sorted 4: Deepak Raj Bhatt | Paid: False
2026-04-14 18:46:49,503 | INFO | ai-websocket | Sorted 5: Neeraj Bhatt | Paid: False
2026-04-14 18:46:49,503 | INFO | ai-websocket | [SEARCH RESULT]: Successfully returning 6 results from DB
2026-04-14 18:46:49,955 | ERROR | ai-websocket | [LLM ERROR] 
2026-04-14 18:46:49,957 | ERROR | ai-websocket | [WS ERROR] Cannot call "send" once a close message has been sent.
Traceback (most recent call last):
  File "E:\hospitality\hozpitality-ai\venv\Lib\site-packages\websockets\legacy\protocol.py", line 1276, in close_connection
    await self.transfer_data_task
  File "E:\hospitality\hozpitality-ai\venv\Lib\site-packages\websockets\legacy\protocol.py", line 940, in transfer_data
    message = await self.read_message()
              ^^^^^^^^^^^^^^^^^^^^^^^^^
  File "E:\hospitality\hozpitality-ai\venv\Lib\site-packages\websockets\legacy\protocol.py", line 1010, in read_message
    frame = await self.read_data_frame(max_size=self.max_size)
            ^^^^^^^^^^^^^^^^^^^^^^^^^^^^^^^^^^^^^^^^^^^^^^^^^^
  File "E:\hospitality\hozpitality-ai\venv\Lib\site-packages\websockets\legacy\protocol.py", line 1087, in read_data_frame
    frame = await self.read_frame(max_size)
            ^^^^^^^^^^^^^^^^^^^^^^^^^^^^^^^
  File "E:\hospitality\hozpitality-ai\venv\Lib\site-packages\websockets\legacy\protocol.py", line 1144, in read_frame
    frame = await Frame.read(
            ^^^^^^^^^^^^^^^^^
  File "E:\hospitality\hozpitality-ai\venv\Lib\site-packages\websockets\legacy\framing.py", line 70, in read
    data = await reader(2)
           ^^^^^^^^^^^^^^^
  File "E:\Anaconda3\Lib\asyncio\streams.py", line 752, in readexactly
    await self._wait_for_data('readexactly')
  File "E:\Anaconda3\Lib\asyncio\streams.py", line 545, in _wait_for_data
    await self._waiter
asyncio.exceptions.CancelledError

The above exception was the direct cause of the following exception:

Traceback (most recent call last):
  File "E:\hospitality\hozpitality-ai\venv\Lib\site-packages\uvicorn\protocols\websockets\websockets_impl.py", line 329, in asgi_send
    await self.send(data)  # type: ignore[arg-type]
    ^^^^^^^^^^^^^^^^^^^^^
  File "E:\hospitality\hozpitality-ai\venv\Lib\site-packages\websockets\legacy\protocol.py", line 618, in send
    await self.ensure_open()
  File "E:\hospitality\hozpitality-ai\venv\Lib\site-packages\websockets\legacy\protocol.py", line 925, in ensure_open
    raise self.connection_closed_exc()
websockets.exceptions.ConnectionClosedError: sent 1011 (internal error) keepalive ping timeout; no close frame received

The above exception was the direct cause of the following exception:

Traceback (most recent call last):
  File "E:\hospitality\hozpitality-ai\venv\Lib\site-packages\starlette\websockets.py", line 86, in send
    await self._send(message)
  File "E:\hospitality\hozpitality-ai\venv\Lib\site-packages\starlette\_exception_handler.py", line 39, in sender
    await send(message)
  File "E:\hospitality\hozpitality-ai\venv\Lib\site-packages\uvicorn\protocols\websockets\websockets_impl.py", line 342, in asgi_send
    raise ClientDisconnected from exc
uvicorn.protocols.utils.ClientDisconnected

During handling of the above exception, another exception occurred:

Traceback (most recent call last):
  File "E:\hospitality\hozpitality-ai\ai_server_2.py", line 1607, in websocket_chat
    await websocket.send_json({
  File "E:\hospitality\hozpitality-ai\venv\Lib\site-packages\starlette\websockets.py", line 176, in send_json
    await self.send({"type": "websocket.send", "text": text})
  File "E:\hospitality\hozpitality-ai\venv\Lib\site-packages\starlette\websockets.py", line 89, in send
    raise WebSocketDisconnect(code=1006)
starlette.websockets.WebSocketDisconnect

During handling of the above exception, another exception occurred:

Traceback (most recent call last):
  File "E:\hospitality\hozpitality-ai\ai_server_2.py", line 1628, in websocket_chat
    await websocket.send_json({
  File "E:\hospitality\hozpitality-ai\venv\Lib\site-packages\starlette\websockets.py", line 176, in send_json
    await self.send({"type": "websocket.send", "text": text})
  File "E:\hospitality\hozpitality-ai\venv\Lib\site-packages\starlette\websockets.py", line 98, in send
    raise RuntimeError('Cannot call "send" once a close message has been sent.')
RuntimeError: Cannot call "send" once a close message has been sent.
2026-04-14 18:48:23,387 | INFO | ai-websocket | [WS CONNECT] Origin: None
2026-04-14 18:48:24,525 | DEBUG | ai-websocket | [WS RECEIVED] Raw Data: {'query': 'raj bhatt', 'user_id': 402981, 'org_id': 1, 'conversation_id': ''}
2026-04-14 18:48:28,455 | INFO | ai-websocket | Intent detected: {'intent': 'SEARCH', 'type': 'professional', 'keywords': 'raj bhatt', 'location': '', 'rephrased_query': 'raj bhatt'}
2026-04-14 18:48:32,017 | INFO | ai-websocket | [SEARCH STAGE]: Trying Full Phrase Match for 'raj bhatt'
2026-04-14 18:48:32,018 | INFO | ai-websocket | --- STARTING DB EXECUTION ---
2026-04-14 18:48:32,018 | INFO | ai-websocket | SQL: 
            SELECT msi.title, msi.content, msi.category_text, msi.location_text, msi.slug, ua.package_id,ua.about_us
            FROM master_search_mastersearchindex msi
            LEFT JOIN user_accounts ua ON msi.user_name = ua.username
            WHERE msi.is_live = TRUE
             AND LOWER(msi.category_text) LIKE %s
                AND (LOWER(msi.title) LIKE %s OR LOWER(msi.content) LIKE %s)
                ORDER BY 
                    (CASE WHEN ua.package_id > 0 THEN 0 ELSE 1 END),
                    CASE 
                        WHEN LOWER(msi.title) = %s THEN 0
                        WHEN LOWER(msi.title) LIKE %s THEN 1
                        ELSE 2
                    END,
                    msi.id DESC
                LIMIT 100
                
2026-04-14 18:48:32,019 | INFO | ai-websocket | Params: ['%professional%', '%raj bhatt%', '%raj bhatt%', 'raj bhatt', '%raj bhatt%']
2026-04-14 18:48:34,089 | INFO | ai-websocket | [DB RAW COUNT]: 17 results found in database
2026-04-14 18:48:34,089 | INFO | ai-websocket | --- RAW RESULTS BEFORE SORTING ---
2026-04-14 18:48:34,089 | INFO | ai-websocket | Row 1: Raj Bhatt | Paid: True | PkgID: 5
2026-04-14 18:48:34,089 | INFO | ai-websocket | Row 2: DeepakRaj Bhatt | Paid: False | PkgID: None
2026-04-14 18:48:34,089 | INFO | ai-websocket | Row 3: Dheeraj Bhatt | Paid: False | PkgID: None
2026-04-14 18:48:34,089 | INFO | ai-websocket | Row 4: Deepak Raj Bhatt | Paid: False | PkgID: None
2026-04-14 18:48:34,089 | INFO | ai-websocket | Row 5: Neeraj Bhatt | Paid: False | PkgID: None
2026-04-14 18:48:34,089 | INFO | ai-websocket | --- RESULTS AFTER PRIORITY SORTING ---
2026-04-14 18:48:34,089 | INFO | ai-websocket | Sorted 1: Raj Bhatt | Paid: True
2026-04-14 18:48:34,089 | INFO | ai-websocket | Sorted 2: DeepakRaj Bhatt | Paid: False
2026-04-14 18:48:34,089 | INFO | ai-websocket | Sorted 3: Dheeraj Bhatt | Paid: False
2026-04-14 18:48:34,089 | INFO | ai-websocket | Sorted 4: Deepak Raj Bhatt | Paid: False
2026-04-14 18:48:34,095 | INFO | ai-websocket | Sorted 5: Neeraj Bhatt | Paid: False
2026-04-14 18:48:34,095 | INFO | ai-websocket | [SEARCH RESULT]: Successfully returning 6 results from DB
2026-04-14 18:54:25,855 | WARNING | ai-websocket | [WS DISCONNECTED]
2026-04-14 18:56:04,887 | INFO | ai-websocket | [WS CONNECT] Origin: None
2026-04-14 18:57:09,879 | DEBUG | ai-websocket | [WS RECEIVED] Raw Data: {'query': 'raj bhatt', 'user_id': 402981, 'org_id': 1, 'conversation_id': ''}
2026-04-14 18:57:09,879 | INFO | ai-websocket | [QUERY] User:402981 Org:1 : raj bhatt
2026-04-14 18:57:10,910 | DEBUG | ai-websocket | [CONVERSATION] ID: 562
2026-04-14 18:57:25,790 | INFO | ai-websocket | Intent detected: {'intent': 'SEARCH', 'type': 'professional', 'keywords': 'raj bhatt', 'location': '', 'rephrased_query': 'raj bhatt'}
2026-04-14 18:57:25,790 | DEBUG | ai-websocket | [INTENT] {'intent': 'SEARCH', 'type': 'professional', 'keywords': 'raj bhatt', 'location': '', 'rephrased_query': 'raj bhatt'}
2026-04-14 18:57:25,790 | DEBUG | ai-websocket | [BASE QUERY] raj bhatt
2026-04-14 18:57:34,952 | INFO | ai-websocket | [FOLLOWUP DETECT] {'is_followup': False, 'type': 'new topic'}
2026-04-14 18:57:34,952 | INFO | ai-websocket | [FINAL QUERY] raj bhatt
2026-04-14 18:57:34,952 | INFO | ai-websocket | [INTENT TYPE] professional | Location: 
2026-04-14 18:57:35,274 | INFO | ai-websocket | [SEARCH STAGE]: Trying Full Phrase Match for 'raj bhatt'
2026-04-14 18:57:35,274 | INFO | ai-websocket | --- STARTING DB EXECUTION ---
2026-04-14 18:57:35,274 | INFO | ai-websocket | SQL: 
            SELECT msi.title, msi.content, msi.category_text, msi.location_text, msi.slug, ua.package_id,ua.about_us
            FROM master_search_mastersearchindex msi
            LEFT JOIN user_accounts ua ON msi.user_name = ua.username
            WHERE msi.is_live = TRUE
             AND LOWER(msi.category_text) LIKE %s
                AND (LOWER(msi.title) LIKE %s OR LOWER(msi.content) LIKE %s)
                ORDER BY 
                    (CASE WHEN ua.package_id > 0 THEN 0 ELSE 1 END),
                    CASE 
                        WHEN LOWER(msi.title) = %s THEN 0
                        WHEN LOWER(msi.title) LIKE %s THEN 1
                        ELSE 2
                    END,
                    msi.id DESC
                LIMIT 100
                
2026-04-14 18:57:35,278 | INFO | ai-websocket | Params: ['%professional%', '%raj bhatt%', '%raj bhatt%', 'raj bhatt', '%raj bhatt%']
2026-04-14 18:57:38,236 | INFO | ai-websocket | [DB RAW COUNT]: 17 results found in database
2026-04-14 18:57:38,236 | INFO | ai-websocket | --- RAW RESULTS BEFORE SORTING ---
2026-04-14 18:57:38,236 | INFO | ai-websocket | Row 1: Raj Bhatt | Paid: True | PkgID: 5
2026-04-14 18:57:38,236 | INFO | ai-websocket | Row 2: DeepakRaj Bhatt | Paid: False | PkgID: None
2026-04-14 18:57:38,236 | INFO | ai-websocket | Row 3: Dheeraj Bhatt | Paid: False | PkgID: None
2026-04-14 18:57:38,240 | INFO | ai-websocket | Row 4: Deepak Raj Bhatt | Paid: False | PkgID: None
2026-04-14 18:57:38,240 | INFO | ai-websocket | Row 5: Neeraj Bhatt | Paid: False | PkgID: None
2026-04-14 18:57:38,240 | INFO | ai-websocket | --- RESULTS AFTER PRIORITY SORTING ---
2026-04-14 18:57:38,240 | INFO | ai-websocket | Sorted 1: Raj Bhatt | Paid: True
2026-04-14 18:57:38,240 | INFO | ai-websocket | Sorted 2: DeepakRaj Bhatt | Paid: False
2026-04-14 18:57:38,241 | INFO | ai-websocket | Sorted 3: Dheeraj Bhatt | Paid: False
2026-04-14 18:57:38,241 | INFO | ai-websocket | Sorted 4: Deepak Raj Bhatt | Paid: False
2026-04-14 18:57:38,245 | INFO | ai-websocket | Sorted 5: Neeraj Bhatt | Paid: False
2026-04-14 18:57:38,245 | INFO | ai-websocket | [SEARCH RESULT]: Successfully returning 6 results from DB
2026-04-14 18:57:39,374 | INFO | ai-websocket | [DB INTRO] Found about_us for Raj Bhatt
2026-04-14 18:57:56,328 | WARNING | ai-websocket | [WS DISCONNECTED]
2026-04-14 18:58:48,031 | INFO | ai-websocket | [WS CONNECT] Origin: None
2026-04-14 18:58:49,341 | DEBUG | ai-websocket | [WS RECEIVED] Raw Data: {'query': 'raj bhatt', 'user_id': 402981, 'org_id': 1, 'conversation_id': ''}
2026-04-14 18:58:49,341 | INFO | ai-websocket | [QUERY] User:402981 Org:1 : raj bhatt
2026-04-14 18:58:50,478 | DEBUG | ai-websocket | [CONVERSATION] ID: 563
2026-04-14 18:58:53,493 | INFO | ai-websocket | Intent detected: {'intent': 'SEARCH', 'type': 'PROFESSIONAL', 'keywords': 'raj bhatt', 'location': '', 'rephrased_query': 'raj bhatt'}
2026-04-14 18:58:53,493 | DEBUG | ai-websocket | [INTENT] {'intent': 'SEARCH', 'type': 'PROFESSIONAL', 'keywords': 'raj bhatt', 'location': '', 'rephrased_query': 'raj bhatt'}
2026-04-14 18:58:53,493 | DEBUG | ai-websocket | [BASE QUERY] raj bhatt
2026-04-14 18:58:57,504 | INFO | ai-websocket | [FOLLOWUP DETECT] {'is_followup': False, 'type': 'new topic'}
2026-04-14 18:58:57,504 | INFO | ai-websocket | [FINAL QUERY] raj bhatt
2026-04-14 18:58:57,504 | INFO | ai-websocket | [INTENT TYPE] PROFESSIONAL | Location: 
2026-04-14 18:58:57,824 | INFO | ai-websocket | [SEARCH STAGE]: Trying Full Phrase Match for 'raj bhatt'
2026-04-14 18:58:57,829 | INFO | ai-websocket | --- STARTING DB EXECUTION ---
2026-04-14 18:58:57,830 | INFO | ai-websocket | SQL: 
            SELECT msi.title, msi.content, msi.category_text, msi.location_text, msi.slug, ua.package_id
            FROM master_search_mastersearchindex msi
            LEFT JOIN user_accounts ua ON msi.user_name = ua.username
            WHERE msi.is_live = TRUE
             AND LOWER(msi.category_text) LIKE %s
                AND (LOWER(msi.title) LIKE %s OR LOWER(msi.content) LIKE %s)
                ORDER BY 
                    (CASE WHEN ua.package_id > 0 THEN 0 ELSE 1 END),
                    CASE 
                        WHEN LOWER(msi.title) = %s THEN 0
                        WHEN LOWER(msi.title) LIKE %s THEN 1
                        ELSE 2
                    END,
                    msi.id DESC
                LIMIT 100
                
2026-04-14 18:58:57,831 | INFO | ai-websocket | Params: ['%professional%', '%raj bhatt%', '%raj bhatt%', 'raj bhatt', '%raj bhatt%']
2026-04-14 18:58:59,984 | INFO | ai-websocket | [DB RAW COUNT]: 17 results found in database
2026-04-14 18:58:59,984 | INFO | ai-websocket | --- RAW RESULTS BEFORE SORTING ---
2026-04-14 18:58:59,984 | INFO | ai-websocket | Row 1: Raj Bhatt | Paid: True | PkgID: 5
2026-04-14 18:58:59,989 | INFO | ai-websocket | Row 2: DeepakRaj Bhatt | Paid: False | PkgID: None
2026-04-14 18:58:59,990 | INFO | ai-websocket | Row 3: Dheeraj Bhatt | Paid: False | PkgID: None
2026-04-14 18:58:59,990 | INFO | ai-websocket | Row 4: Deepak Raj Bhatt | Paid: False | PkgID: None
2026-04-14 18:58:59,990 | INFO | ai-websocket | Row 5: Neeraj Bhatt | Paid: False | PkgID: None
2026-04-14 18:58:59,990 | INFO | ai-websocket | --- RESULTS AFTER PRIORITY SORTING ---
2026-04-14 18:58:59,990 | INFO | ai-websocket | Sorted 1: Raj Bhatt | Paid: True
2026-04-14 18:58:59,992 | INFO | ai-websocket | Sorted 2: DeepakRaj Bhatt | Paid: False
2026-04-14 18:58:59,992 | INFO | ai-websocket | Sorted 3: Dheeraj Bhatt | Paid: False
2026-04-14 18:58:59,992 | INFO | ai-websocket | Sorted 4: Deepak Raj Bhatt | Paid: False
2026-04-14 18:58:59,992 | INFO | ai-websocket | Sorted 5: Neeraj Bhatt | Paid: False
2026-04-14 18:58:59,993 | INFO | ai-websocket | [SEARCH RESULT]: Successfully returning 6 results from DB
2026-04-14 19:16:15,036 | WARNING | ai-websocket | [WS DISCONNECTED]
2026-04-14 19:25:12,448 | INFO | ai-websocket | [WS CONNECT] Origin: None
2026-04-14 19:25:15,102 | DEBUG | ai-websocket | [WS RECEIVED] Raw Data: {'query': 'raj bhatt', 'user_id': 402981, 'org_id': 1, 'conversation_id': ''}
2026-04-14 19:25:15,102 | INFO | ai-websocket | [QUERY] User:402981 Org:1 : raj bhatt
2026-04-14 19:25:16,090 | DEBUG | ai-websocket | [CONVERSATION] ID: 564
2026-04-14 19:25:43,160 | ERROR | ai-websocket | Intent error: ('Connection aborted.', ConnectionResetError(10054, 'An existing connection was forcibly closed by the remote host', None, 10054, None))
2026-04-14 19:25:43,163 | DEBUG | ai-websocket | [INTENT] {'intent': 'SEARCH', 'type': 'article', 'keywords': 'raj bhatt', 'location': '', 'rephrased_query': 'raj bhatt'}
2026-04-14 19:25:43,163 | DEBUG | ai-websocket | [BASE QUERY] raj bhatt
2026-04-14 19:26:00,668 | ERROR | ai-websocket | [WS ERROR] Error 10061 connecting to localhost:6379. No connection could be made because the target machine actively refused it.
Traceback (most recent call last):
  File "E:\hospitality\hozpitality-ai\venv\Lib\site-packages\redis\connection.py", line 1003, in connect_check_health
    sock = self._connect()
           ^^^^^^^^^^^^^^^
  File "E:\hospitality\hozpitality-ai\venv\Lib\site-packages\redis\connection.py", line 1515, in _connect
    raise err
  File "E:\hospitality\hozpitality-ai\venv\Lib\site-packages\redis\connection.py", line 1499, in _connect
    sock.connect(socket_address)
ConnectionRefusedError: [WinError 10061] No connection could be made because the target machine actively refused it

During handling of the above exception, another exception occurred:

Traceback (most recent call last):
  File "E:\hospitality\hozpitality-ai\ai_server_2.py", line 1527, in websocket_chat
    last_ai = get_last_ai_response(user_id, org_id)
              ^^^^^^^^^^^^^^^^^^^^^^^^^^^^^^^^^^^^^
  File "E:\hospitality\hozpitality-ai\ai_server_2.py", line 338, in get_last_ai_response
    return redis_client.get(key) or ""
           ^^^^^^^^^^^^^^^^^^^^^
  File "E:\hospitality\hozpitality-ai\venv\Lib\site-packages\redis\commands\core.py", line 2073, in get
    return self.execute_command("GET", name, keys=[name])
           ^^^^^^^^^^^^^^^^^^^^^^^^^^^^^^^^^^^^^^^^^^^^^^
  File "E:\hospitality\hozpitality-ai\venv\Lib\site-packages\redis\client.py", line 716, in execute_command
    return self._execute_command(*args, **options)
           ^^^^^^^^^^^^^^^^^^^^^^^^^^^^^^^^^^^^^^^
  File "E:\hospitality\hozpitality-ai\venv\Lib\site-packages\redis\client.py", line 722, in _execute_command
    conn = self.connection or pool.get_connection()
                              ^^^^^^^^^^^^^^^^^^^^^
  File "E:\hospitality\hozpitality-ai\venv\Lib\site-packages\redis\utils.py", line 236, in wrapper
    return func(*args, **kwargs)
           ^^^^^^^^^^^^^^^^^^^^^
  File "E:\hospitality\hozpitality-ai\venv\Lib\site-packages\redis\connection.py", line 3041, in get_connection
    connection.connect()
  File "E:\hospitality\hozpitality-ai\venv\Lib\site-packages\redis\connection.py", line 976, in connect
    self.retry.call_with_retry(
  File "E:\hospitality\hozpitality-ai\venv\Lib\site-packages\redis\retry.py", line 132, in call_with_retry
    raise error
  File "E:\hospitality\hozpitality-ai\venv\Lib\site-packages\redis\retry.py", line 120, in call_with_retry
    return do()
           ^^^^
  File "E:\hospitality\hozpitality-ai\venv\Lib\site-packages\redis\connection.py", line 977, in <lambda>
    lambda: self.connect_check_health(
            ^^^^^^^^^^^^^^^^^^^^^^^^^^
  File "E:\hospitality\hozpitality-ai\venv\Lib\site-packages\redis\connection.py", line 1025, in connect_check_health
    raise e
redis.exceptions.ConnectionError: Error 10061 connecting to localhost:6379. No connection could be made because the target machine actively refused it.
2026-04-14 19:27:48,522 | INFO | ai-websocket | [WS CONNECT] Origin: None
2026-04-14 19:27:50,090 | DEBUG | ai-websocket | [WS RECEIVED] Raw Data: {'query': 'raj bhatt', 'user_id': 402981, 'org_id': 1, 'conversation_id': ''}
2026-04-14 19:27:50,091 | INFO | ai-websocket | [QUERY] User:402981 Org:1 : raj bhatt
2026-04-14 19:27:51,370 | DEBUG | ai-websocket | [CONVERSATION] ID: 566
2026-04-14 19:27:55,041 | INFO | ai-websocket | Intent detected: {'intent': 'SEARCH', 'type': 'PROFESSIONAL', 'keywords': 'raj bhatt', 'location': '', 'rephrased_query': 'raj bhatt'}
2026-04-14 19:27:55,041 | DEBUG | ai-websocket | [INTENT] {'intent': 'SEARCH', 'type': 'PROFESSIONAL', 'keywords': 'raj bhatt', 'location': '', 'rephrased_query': 'raj bhatt'}
2026-04-14 19:27:55,043 | DEBUG | ai-websocket | [BASE QUERY] raj bhatt
2026-04-14 19:27:59,516 | INFO | ai-websocket | [FOLLOWUP DETECT] {'is_followup': False, 'type': 'switch'}
2026-04-14 19:27:59,516 | INFO | ai-websocket | [FINAL QUERY] raj bhatt
2026-04-14 19:27:59,516 | INFO | ai-websocket | [INTENT TYPE] PROFESSIONAL | Location: 
2026-04-14 19:27:59,895 | INFO | ai-websocket | [SEARCH STAGE]: Trying Full Phrase Match for 'raj bhatt'
2026-04-14 19:27:59,895 | INFO | ai-websocket | --- STARTING DB EXECUTION ---
2026-04-14 19:27:59,895 | INFO | ai-websocket | SQL: 
            SELECT msi.title, msi.content, msi.category_text, msi.location_text, msi.slug, ua.package_id
            FROM master_search_mastersearchindex msi
            LEFT JOIN user_accounts ua ON msi.user_name = ua.username
            WHERE msi.is_live = TRUE
             AND LOWER(msi.category_text) LIKE %s
                AND (LOWER(msi.title) LIKE %s OR LOWER(msi.content) LIKE %s)
                ORDER BY 
                    (CASE WHEN ua.package_id > 0 THEN 0 ELSE 1 END),
                    CASE 
                        WHEN LOWER(msi.title) = %s THEN 0
                        WHEN LOWER(msi.title) LIKE %s THEN 1
                        ELSE 2
                    END,
                    msi.id DESC
                LIMIT 100
                
2026-04-14 19:27:59,899 | INFO | ai-websocket | Params: ['%professional%', '%raj bhatt%', '%raj bhatt%', 'raj bhatt', '%raj bhatt%']
2026-04-14 19:28:03,845 | INFO | ai-websocket | [DB RAW COUNT]: 17 results found in database
2026-04-14 19:28:03,845 | INFO | ai-websocket | --- RAW RESULTS BEFORE SORTING ---
2026-04-14 19:28:03,845 | INFO | ai-websocket | Row 1: Raj Bhatt | Paid: True | PkgID: 5
2026-04-14 19:28:03,848 | INFO | ai-websocket | Row 2: DeepakRaj Bhatt | Paid: False | PkgID: None
2026-04-14 19:28:03,848 | INFO | ai-websocket | Row 3: Dheeraj Bhatt | Paid: False | PkgID: None
2026-04-14 19:28:03,848 | INFO | ai-websocket | Row 4: Deepak Raj Bhatt | Paid: False | PkgID: None
2026-04-14 19:28:03,848 | INFO | ai-websocket | Row 5: Neeraj Bhatt | Paid: False | PkgID: None
2026-04-14 19:28:03,848 | INFO | ai-websocket | --- RESULTS AFTER PRIORITY SORTING ---
2026-04-14 19:28:03,848 | INFO | ai-websocket | Sorted 1: Raj Bhatt | Paid: True
2026-04-14 19:28:03,848 | INFO | ai-websocket | Sorted 2: DeepakRaj Bhatt | Paid: False
2026-04-14 19:28:03,848 | INFO | ai-websocket | Sorted 3: Dheeraj Bhatt | Paid: False
2026-04-14 19:28:03,851 | INFO | ai-websocket | Sorted 4: Deepak Raj Bhatt | Paid: False
2026-04-14 19:28:03,851 | INFO | ai-websocket | Sorted 5: Neeraj Bhatt | Paid: False
2026-04-14 19:28:03,851 | INFO | ai-websocket | [SEARCH RESULT]: Successfully returning 6 results from DB
2026-04-14 19:36:31,905 | WARNING | ai-websocket | [WS DISCONNECTED]
2026-04-14 19:41:25,838 | INFO | ai-websocket | [WS CONNECT] Origin: None
2026-04-14 19:41:27,398 | DEBUG | ai-websocket | [WS RECEIVED] Raw Data: {'query': 'raj bhatt', 'user_id': 402981, 'org_id': 1, 'conversation_id': ''}
2026-04-14 19:41:27,400 | INFO | ai-websocket | [QUERY] User:402981 Org:1 : raj bhatt
2026-04-14 19:41:28,543 | DEBUG | ai-websocket | [CONVERSATION] ID: 568
2026-04-14 19:41:54,741 | INFO | ai-websocket | Intent detected: {'intent': 'SEARCH', 'type': 'PROFESSIONAL', 'keywords': 'raj bhatt', 'location': '', 'rephrased_query': 'raj bhatt'}
2026-04-14 19:41:54,744 | DEBUG | ai-websocket | [INTENT] {'intent': 'SEARCH', 'type': 'PROFESSIONAL', 'keywords': 'raj bhatt', 'location': '', 'rephrased_query': 'raj bhatt'}
2026-04-14 19:41:54,744 | DEBUG | ai-websocket | [BASE QUERY] raj bhatt
2026-04-14 19:42:02,720 | INFO | ai-websocket | [FOLLOWUP DETECT] {'is_followup': False, 'type': 'switch'}
2026-04-14 19:42:02,720 | INFO | ai-websocket | [FINAL QUERY] raj bhatt
2026-04-14 19:42:02,720 | INFO | ai-websocket | [INTENT TYPE] PROFESSIONAL | Location: 
2026-04-14 19:42:03,034 | INFO | ai-websocket | [SEARCH STAGE]: Trying Full Phrase Match for 'raj bhatt'
2026-04-14 19:42:03,034 | INFO | ai-websocket | --- STARTING DB EXECUTION ---
2026-04-14 19:42:03,034 | INFO | ai-websocket | SQL: 
            SELECT msi.title, msi.content, msi.category_text, msi.location_text, msi.slug, ua.package_id
            FROM master_search_mastersearchindex msi
            LEFT JOIN user_accounts ua ON msi.user_name = ua.username
            WHERE msi.is_live = TRUE
             AND LOWER(msi.category_text) LIKE %s
                AND (LOWER(msi.title) LIKE %s OR LOWER(msi.content) LIKE %s)
                ORDER BY 
                    (CASE WHEN ua.package_id > 0 THEN 0 ELSE 1 END),
                    CASE 
                        WHEN LOWER(msi.title) = %s THEN 0
                        WHEN LOWER(msi.title) LIKE %s THEN 1
                        ELSE 2
                    END,
                    msi.id DESC
                LIMIT 100
                
2026-04-14 19:42:03,035 | INFO | ai-websocket | Params: ['%professional%', '%raj bhatt%', '%raj bhatt%', 'raj bhatt', '%raj bhatt%']
2026-04-14 19:42:06,015 | INFO | ai-websocket | [DB RAW COUNT]: 17 results found in database
2026-04-14 19:42:06,015 | INFO | ai-websocket | --- RAW RESULTS BEFORE SORTING ---
2026-04-14 19:42:06,015 | INFO | ai-websocket | Row 1: Raj Bhatt | Paid: True | PkgID: 5
2026-04-14 19:42:06,021 | INFO | ai-websocket | Row 2: DeepakRaj Bhatt | Paid: False | PkgID: None
2026-04-14 19:42:06,021 | INFO | ai-websocket | Row 3: Dheeraj Bhatt | Paid: False | PkgID: None
2026-04-14 19:42:06,021 | INFO | ai-websocket | Row 4: Deepak Raj Bhatt | Paid: False | PkgID: None
2026-04-14 19:42:06,021 | INFO | ai-websocket | Row 5: Neeraj Bhatt | Paid: False | PkgID: None
2026-04-14 19:42:06,021 | INFO | ai-websocket | --- RESULTS AFTER PRIORITY SORTING ---
2026-04-14 19:42:06,021 | INFO | ai-websocket | Sorted 1: Raj Bhatt | Paid: True
2026-04-14 19:42:06,021 | INFO | ai-websocket | Sorted 2: DeepakRaj Bhatt | Paid: False
2026-04-14 19:42:06,021 | INFO | ai-websocket | Sorted 3: Dheeraj Bhatt | Paid: False
2026-04-14 19:42:06,021 | INFO | ai-websocket | Sorted 4: Deepak Raj Bhatt | Paid: False
2026-04-14 19:42:06,021 | INFO | ai-websocket | Sorted 5: Neeraj Bhatt | Paid: False
2026-04-14 19:42:06,021 | INFO | ai-websocket | [SEARCH RESULT]: Successfully returning 6 results from DB
2026-04-14 19:42:07,285 | INFO | ai-websocket | --- LLM STREAMING STARTED ---
2026-04-14 19:42:16,998 | INFO | ai-websocket | --- LLM STREAMING FINISHED ---
2026-04-14 19:42:17,000 | WARNING | ai-websocket | ALERT: LLM might have ignored the fixed intro.
2026-04-14 19:43:20,187 | WARNING | ai-websocket | [WS DISCONNECTED]
2026-04-14 19:46:10,721 | INFO | ai-websocket | [WS CONNECT] Origin: None
2026-04-14 19:46:11,918 | DEBUG | ai-websocket | [WS RECEIVED] Raw Data: {'query': 'raj bhatt', 'user_id': 402981, 'org_id': 1, 'conversation_id': ''}
2026-04-14 19:46:11,918 | INFO | ai-websocket | [QUERY] User:402981 Org:1 : raj bhatt
2026-04-14 19:46:13,339 | DEBUG | ai-websocket | [CONVERSATION] ID: 569
2026-04-14 19:46:16,516 | INFO | ai-websocket | Intent detected: {'intent': 'SEARCH', 'type': 'PROFESSIONAL', 'keywords': 'raj bhatt', 'location': '', 'rephrased_query': 'raj bhatt'}
2026-04-14 19:46:16,516 | DEBUG | ai-websocket | [INTENT] {'intent': 'SEARCH', 'type': 'PROFESSIONAL', 'keywords': 'raj bhatt', 'location': '', 'rephrased_query': 'raj bhatt'}
2026-04-14 19:46:16,516 | DEBUG | ai-websocket | [BASE QUERY] raj bhatt
2026-04-14 19:46:22,437 | INFO | ai-websocket | [FOLLOWUP DETECT] {'is_followup': False, 'type': 'switch'}
2026-04-14 19:46:22,437 | INFO | ai-websocket | [FINAL QUERY] raj bhatt
2026-04-14 19:46:22,437 | INFO | ai-websocket | [INTENT TYPE] PROFESSIONAL | Location: 
2026-04-14 19:46:22,932 | INFO | ai-websocket | [SEARCH STAGE]: Trying Full Phrase Match for 'raj bhatt'
2026-04-14 19:46:22,935 | INFO | ai-websocket | --- STARTING DB EXECUTION ---
2026-04-14 19:46:22,935 | INFO | ai-websocket | SQL: 
            SELECT msi.title, msi.content, msi.category_text, msi.location_text, msi.slug, ua.package_id,ua.about_us
            FROM master_search_mastersearchindex msi
            LEFT JOIN user_accounts ua ON msi.user_name = ua.username
            WHERE msi.is_live = TRUE
             AND LOWER(msi.category_text) LIKE %s
                AND (LOWER(msi.title) LIKE %s OR LOWER(msi.content) LIKE %s)
                ORDER BY 
                    (CASE WHEN ua.package_id > 0 THEN 0 ELSE 1 END),
                    CASE 
                        WHEN LOWER(msi.title) = %s THEN 0
                        WHEN LOWER(msi.title) LIKE %s THEN 1
                        ELSE 2
                    END,
                    msi.id DESC
                LIMIT 100
                
2026-04-14 19:46:22,938 | INFO | ai-websocket | Params: ['%professional%', '%raj bhatt%', '%raj bhatt%', 'raj bhatt', '%raj bhatt%']
2026-04-14 19:46:26,430 | INFO | ai-websocket | [DB RAW COUNT]: 17 results found in database
2026-04-14 19:46:26,432 | ERROR | ai-websocket | DB ERROR in search_db: name 'row' is not defined
Traceback (most recent call last):
  File "E:\hospitality\hozpitality-ai\ai_server_2.py", line 997, in search_db
    results = execute(sql, params)
              ^^^^^^^^^^^^^^^^^^^^
  File "E:\hospitality\hozpitality-ai\ai_server_2.py", line 929, in execute
    "about_us": row[6]
                ^^^
NameError: name 'row' is not defined. Did you mean: 'rows'?
2026-04-14 19:46:27,104 | INFO | ai-websocket | --- LLM STREAMING STARTED ---
2026-04-14 19:46:37,225 | INFO | ai-websocket | --- LLM STREAMING FINISHED ---
2026-04-14 19:46:37,227 | WARNING | ai-websocket | ALERT: LLM might have ignored the fixed intro.
2026-04-14 19:46:40,241 | WARNING | ai-websocket | [WS DISCONNECTED]
2026-04-14 19:48:02,941 | INFO | ai-websocket | [WS CONNECT] Origin: None
2026-04-14 19:48:04,049 | DEBUG | ai-websocket | [WS RECEIVED] Raw Data: {'query': 'raj bhatt', 'user_id': 402981, 'org_id': 1, 'conversation_id': ''}
2026-04-14 19:48:04,049 | INFO | ai-websocket | [QUERY] User:402981 Org:1 : raj bhatt
2026-04-14 19:48:05,174 | DEBUG | ai-websocket | [CONVERSATION] ID: 570
2026-04-14 19:48:08,740 | INFO | ai-websocket | Intent detected: {'intent': 'SEARCH', 'type': 'PROFESSIONAL', 'keywords': 'raj bhatt', 'location': '', 'rephrased_query': 'raj bhatt'}
2026-04-14 19:48:08,741 | DEBUG | ai-websocket | [INTENT] {'intent': 'SEARCH', 'type': 'PROFESSIONAL', 'keywords': 'raj bhatt', 'location': '', 'rephrased_query': 'raj bhatt'}
2026-04-14 19:48:08,742 | DEBUG | ai-websocket | [BASE QUERY] raj bhatt
2026-04-14 19:48:13,218 | INFO | ai-websocket | [FOLLOWUP DETECT] {'is_followup': False, 'type': 'switch'}
2026-04-14 19:48:13,227 | INFO | ai-websocket | [FINAL QUERY] raj bhatt
2026-04-14 19:48:13,227 | INFO | ai-websocket | [INTENT TYPE] PROFESSIONAL | Location: 
2026-04-14 19:48:13,538 | INFO | ai-websocket | [SEARCH STAGE]: Trying Full Phrase Match for 'raj bhatt'
2026-04-14 19:48:13,538 | INFO | ai-websocket | --- STARTING DB EXECUTION ---
2026-04-14 19:48:13,538 | INFO | ai-websocket | SQL: 
            SELECT msi.title, msi.content, msi.category_text, msi.location_text, msi.slug, ua.package_id,ua.about_us
            FROM master_search_mastersearchindex msi
            LEFT JOIN user_accounts ua ON msi.user_name = ua.username
            WHERE msi.is_live = TRUE
             AND LOWER(msi.category_text) LIKE %s
                AND (LOWER(msi.title) LIKE %s OR LOWER(msi.content) LIKE %s)
                ORDER BY 
                    (CASE WHEN ua.package_id > 0 THEN 0 ELSE 1 END),
                    CASE 
                        WHEN LOWER(msi.title) = %s THEN 0
                        WHEN LOWER(msi.title) LIKE %s THEN 1
                        ELSE 2
                    END,
                    msi.id DESC
                LIMIT 100
                
2026-04-14 19:48:13,538 | INFO | ai-websocket | Params: ['%professional%', '%raj bhatt%', '%raj bhatt%', 'raj bhatt', '%raj bhatt%']
2026-04-14 19:48:15,723 | INFO | ai-websocket | [DB RAW COUNT]: 17 results found in database
2026-04-14 19:48:15,724 | INFO | ai-websocket | --- RAW RESULTS BEFORE SORTING ---
2026-04-14 19:48:15,724 | INFO | ai-websocket | Row 1: Raj Bhatt | Paid: True | PkgID: 5
2026-04-14 19:48:15,725 | INFO | ai-websocket | Row 2: DeepakRaj Bhatt | Paid: False | PkgID: None
2026-04-14 19:48:15,725 | INFO | ai-websocket | Row 3: Dheeraj Bhatt | Paid: False | PkgID: None
2026-04-14 19:48:15,725 | INFO | ai-websocket | Row 4: Deepak Raj Bhatt | Paid: False | PkgID: None
2026-04-14 19:48:15,726 | INFO | ai-websocket | Row 5: Neeraj Bhatt | Paid: False | PkgID: None
2026-04-14 19:48:15,726 | INFO | ai-websocket | --- RESULTS AFTER PRIORITY SORTING ---
2026-04-14 19:48:15,726 | INFO | ai-websocket | Sorted 1: Raj Bhatt | Paid: True
2026-04-14 19:48:15,727 | INFO | ai-websocket | Sorted 2: DeepakRaj Bhatt | Paid: False
2026-04-14 19:48:15,727 | INFO | ai-websocket | Sorted 3: Dheeraj Bhatt | Paid: False
2026-04-14 19:48:15,728 | INFO | ai-websocket | Sorted 4: Deepak Raj Bhatt | Paid: False
2026-04-14 19:48:15,728 | INFO | ai-websocket | Sorted 5: Neeraj Bhatt | Paid: False
2026-04-14 19:48:15,730 | INFO | ai-websocket | [SEARCH RESULT]: Successfully returning 6 results from DB
2026-04-14 19:48:17,994 | INFO | ai-websocket | --- LLM STREAMING STARTED ---
2026-04-14 19:48:27,824 | INFO | ai-websocket | --- LLM STREAMING FINISHED ---
2026-04-14 19:48:27,824 | WARNING | ai-websocket | ALERT: LLM might have ignored the fixed intro.
2026-04-14 19:51:47,533 | WARNING | ai-websocket | [WS DISCONNECTED]
2026-04-14 19:52:44,790 | INFO | ai-websocket | [WS CONNECT] Origin: None
2026-04-14 19:52:53,947 | DEBUG | ai-websocket | [WS RECEIVED] Raw Data: {'query': 'raj bhatt', 'user_id': 402981, 'org_id': 1, 'conversation_id': ''}
2026-04-14 19:52:53,951 | INFO | ai-websocket | [QUERY] User:402981 Org:1 : raj bhatt
2026-04-14 19:52:54,987 | DEBUG | ai-websocket | [CONVERSATION] ID: 571
2026-04-14 19:52:58,239 | INFO | ai-websocket | Intent detected: {'intent': 'SEARCH', 'type': 'PROFESSIONAL', 'keywords': 'raj bhatt', 'location': '', 'rephrased_query': 'raj bhatt'}
2026-04-14 19:52:58,239 | DEBUG | ai-websocket | [INTENT] {'intent': 'SEARCH', 'type': 'PROFESSIONAL', 'keywords': 'raj bhatt', 'location': '', 'rephrased_query': 'raj bhatt'}
2026-04-14 19:52:58,239 | DEBUG | ai-websocket | [BASE QUERY] raj bhatt
2026-04-14 19:53:02,644 | INFO | ai-websocket | [FOLLOWUP DETECT] {'is_followup': False, 'type': 'switch'}
2026-04-14 19:53:02,646 | INFO | ai-websocket | [FINAL QUERY] raj bhatt
2026-04-14 19:53:02,646 | INFO | ai-websocket | [INTENT TYPE] PROFESSIONAL | Location: 
2026-04-14 19:53:02,954 | INFO | ai-websocket | [SEARCH STAGE]: Trying Full Phrase Match for 'raj bhatt'
2026-04-14 19:53:02,958 | INFO | ai-websocket | --- STARTING DB EXECUTION ---
2026-04-14 19:53:02,958 | INFO | ai-websocket | SQL: 
            SELECT msi.title, msi.content, msi.category_text, msi.location_text, msi.slug, ua.package_id,ua.about_us
            FROM master_search_mastersearchindex msi
            LEFT JOIN user_accounts ua ON msi.user_name = ua.username
            WHERE msi.is_live = TRUE
             AND LOWER(msi.category_text) LIKE %s
                AND (LOWER(msi.title) LIKE %s OR LOWER(msi.content) LIKE %s)
                ORDER BY 
                    (CASE WHEN ua.package_id > 0 THEN 0 ELSE 1 END),
                    CASE 
                        WHEN LOWER(msi.title) = %s THEN 0
                        WHEN LOWER(msi.title) LIKE %s THEN 1
                        ELSE 2
                    END,
                    msi.id DESC
                LIMIT 100
                
2026-04-14 19:53:02,958 | INFO | ai-websocket | Params: ['%professional%', '%raj bhatt%', '%raj bhatt%', 'raj bhatt', '%raj bhatt%']
2026-04-14 19:53:05,131 | INFO | ai-websocket | [DB RAW COUNT]: 17 results found in database
2026-04-14 19:53:05,132 | INFO | ai-websocket | --- RAW RESULTS BEFORE SORTING ---
2026-04-14 19:53:05,132 | INFO | ai-websocket | Row 1: Raj Bhatt | Paid: True | PkgID: 5
2026-04-14 19:53:05,133 | INFO | ai-websocket | Row 2: DeepakRaj Bhatt | Paid: False | PkgID: None
2026-04-14 19:53:05,133 | INFO | ai-websocket | Row 3: Dheeraj Bhatt | Paid: False | PkgID: None
2026-04-14 19:53:05,134 | INFO | ai-websocket | Row 4: Deepak Raj Bhatt | Paid: False | PkgID: None
2026-04-14 19:53:05,134 | INFO | ai-websocket | Row 5: Neeraj Bhatt | Paid: False | PkgID: None
2026-04-14 19:53:05,134 | INFO | ai-websocket | --- RESULTS AFTER PRIORITY SORTING ---
2026-04-14 19:53:05,134 | INFO | ai-websocket | Sorted 1: Raj Bhatt | Paid: True
2026-04-14 19:53:05,134 | INFO | ai-websocket | Sorted 2: DeepakRaj Bhatt | Paid: False
2026-04-14 19:53:05,136 | INFO | ai-websocket | Sorted 3: Dheeraj Bhatt | Paid: False
2026-04-14 19:53:05,136 | INFO | ai-websocket | Sorted 4: Deepak Raj Bhatt | Paid: False
2026-04-14 19:53:05,136 | INFO | ai-websocket | Sorted 5: Neeraj Bhatt | Paid: False
2026-04-14 19:53:05,136 | INFO | ai-websocket | [SEARCH RESULT]: Successfully returning 6 results from DB
2026-04-14 19:53:05,582 | INFO | ai-websocket | --- LLM STREAMING STARTED ---
2026-04-14 19:53:15,609 | INFO | ai-websocket | --- LLM STREAMING FINISHED ---
2026-04-14 19:53:15,609 | WARNING | ai-websocket | ALERT: LLM might have ignored the fixed intro.
2026-04-15 00:23:34,876 | INFO | ai-websocket | [WS CONNECT] Origin: None
2026-04-15 00:23:35,944 | DEBUG | ai-websocket | [WS RECEIVED] Raw Data: {'query': 'raj bhatt', 'user_id': 402981, 'org_id': 1, 'conversation_id': ''}
2026-04-15 00:23:35,945 | INFO | ai-websocket | [QUERY] User:402981 Org:1 : raj bhatt
2026-04-15 00:23:37,316 | DEBUG | ai-websocket | [CONVERSATION] ID: 576
2026-04-15 00:23:57,427 | INFO | ai-websocket | Intent detected: {'intent': 'SEARCH', 'type': 'PROFESSIONAL', 'keywords': 'raj bhatt', 'location': '', 'rephrased_query': 'raj bhatt'}
2026-04-15 00:23:57,427 | DEBUG | ai-websocket | [INTENT] {'intent': 'SEARCH', 'type': 'PROFESSIONAL', 'keywords': 'raj bhatt', 'location': '', 'rephrased_query': 'raj bhatt'}
2026-04-15 00:23:57,427 | DEBUG | ai-websocket | [BASE QUERY] raj bhatt
2026-04-15 00:24:08,609 | INFO | ai-websocket | [FOLLOWUP DETECT] {'is_followup': False, 'type': 'new topic'}
2026-04-15 00:24:08,609 | INFO | ai-websocket | [FINAL QUERY] raj bhatt
2026-04-15 00:24:08,614 | INFO | ai-websocket | [INTENT TYPE] PROFESSIONAL | Location: 
2026-04-15 00:24:08,939 | INFO | ai-websocket | [SEARCH STAGE]: Trying Full Phrase Match for 'raj bhatt'
2026-04-15 00:24:08,941 | INFO | ai-websocket | --- STARTING DB EXECUTION ---
2026-04-15 00:24:08,941 | INFO | ai-websocket | SQL: 
            SELECT msi.title, msi.content, msi.category_text, msi.location_text, msi.slug, ua.package_id,ua.about_us
            FROM master_search_mastersearchindex msi
            LEFT JOIN user_accounts ua ON msi.user_name = ua.username
            WHERE msi.is_live = TRUE
             AND LOWER(msi.category_text) LIKE %s
                AND (LOWER(msi.title) LIKE %s OR LOWER(msi.content) LIKE %s)
                ORDER BY 
                    (CASE WHEN ua.package_id > 0 THEN 0 ELSE 1 END),
                    CASE 
                        WHEN LOWER(msi.title) = %s THEN 0
                        WHEN LOWER(msi.title) LIKE %s THEN 1
                        ELSE 2
                    END,
                    msi.id DESC
                LIMIT 100
                
2026-04-15 00:24:08,942 | INFO | ai-websocket | Params: ['%professional%', '%raj bhatt%', '%raj bhatt%', 'raj bhatt', '%raj bhatt%']
2026-04-15 00:24:11,946 | INFO | ai-websocket | [DB RAW COUNT]: 17 results found in database
2026-04-15 00:24:11,946 | INFO | ai-websocket | --- RAW RESULTS BEFORE SORTING ---
2026-04-15 00:24:11,951 | INFO | ai-websocket | Row 1: Raj Bhatt | Paid: True | PkgID: 5
2026-04-15 00:24:11,952 | INFO | ai-websocket | Row 2: DeepakRaj Bhatt | Paid: False | PkgID: None
2026-04-15 00:24:11,952 | INFO | ai-websocket | Row 3: Dheeraj Bhatt | Paid: False | PkgID: None
2026-04-15 00:24:11,952 | INFO | ai-websocket | Row 4: Deepak Raj Bhatt | Paid: False | PkgID: None
2026-04-15 00:24:11,953 | INFO | ai-websocket | Row 5: Neeraj Bhatt | Paid: False | PkgID: None
2026-04-15 00:24:11,953 | INFO | ai-websocket | --- RESULTS AFTER PRIORITY SORTING ---
2026-04-15 00:24:11,953 | INFO | ai-websocket | Sorted 1: Raj Bhatt | Paid: True
2026-04-15 00:24:11,954 | INFO | ai-websocket | Sorted 2: DeepakRaj Bhatt | Paid: False
2026-04-15 00:24:11,954 | INFO | ai-websocket | Sorted 3: Dheeraj Bhatt | Paid: False
2026-04-15 00:24:11,954 | INFO | ai-websocket | Sorted 4: Deepak Raj Bhatt | Paid: False
2026-04-15 00:24:11,955 | INFO | ai-websocket | Sorted 5: Neeraj Bhatt | Paid: False
2026-04-15 00:24:11,955 | INFO | ai-websocket | [SEARCH RESULT]: Successfully returning 6 results from DB
2026-04-15 00:24:13,339 | ERROR | ai-websocket | [WS ERROR] cannot access local variable 'final_instruction' where it is not associated with a value
Traceback (most recent call last):
  File "E:\hospitality\hozpitality-ai\ai_server_2.py", line 1671, in websocket_chat
    prompt = build_prompt(query, memory, context, intent_type, mode) + final_instruction
                                                                       ^^^^^^^^^^^^^^^^^
UnboundLocalError: cannot access local variable 'final_instruction' where it is not associated with a value
2026-04-15 00:26:34,410 | INFO | ai-websocket | [WS CONNECT] Origin: None
2026-04-15 00:26:35,417 | DEBUG | ai-websocket | [WS RECEIVED] Raw Data: {'query': 'raj bhatt', 'user_id': 402981, 'org_id': 1, 'conversation_id': ''}
2026-04-15 00:26:35,419 | INFO | ai-websocket | [QUERY] User:402981 Org:1 : raj bhatt
2026-04-15 00:26:36,834 | DEBUG | ai-websocket | [CONVERSATION] ID: 577
2026-04-15 00:26:39,836 | INFO | ai-websocket | Intent detected: {'intent': 'SEARCH', 'type': 'PROFESSIONAL', 'keywords': 'raj bhatt', 'location': '', 'rephrased_query': 'raj bhatt'}
2026-04-15 00:26:39,836 | DEBUG | ai-websocket | [INTENT] {'intent': 'SEARCH', 'type': 'PROFESSIONAL', 'keywords': 'raj bhatt', 'location': '', 'rephrased_query': 'raj bhatt'}
2026-04-15 00:26:39,836 | DEBUG | ai-websocket | [BASE QUERY] raj bhatt
2026-04-15 00:26:44,242 | INFO | ai-websocket | [FOLLOWUP DETECT] {'is_followup': False, 'type': 'switch'}
2026-04-15 00:26:44,242 | INFO | ai-websocket | [FINAL QUERY] raj bhatt
2026-04-15 00:26:44,242 | INFO | ai-websocket | [INTENT TYPE] PROFESSIONAL | Location: 
2026-04-15 00:26:44,785 | INFO | ai-websocket | [SEARCH STAGE]: Trying Full Phrase Match for 'raj bhatt'
2026-04-15 00:26:44,785 | INFO | ai-websocket | --- STARTING DB EXECUTION ---
2026-04-15 00:26:44,789 | INFO | ai-websocket | SQL: 
            SELECT msi.title, msi.content, msi.category_text, msi.location_text, msi.slug, ua.package_id,ua.about_us
            FROM master_search_mastersearchindex msi
            LEFT JOIN user_accounts ua ON msi.user_name = ua.username
            WHERE msi.is_live = TRUE
             AND LOWER(msi.category_text) LIKE %s
                AND (LOWER(msi.title) LIKE %s OR LOWER(msi.content) LIKE %s)
                ORDER BY 
                    (CASE WHEN ua.package_id > 0 THEN 0 ELSE 1 END),
                    CASE 
                        WHEN LOWER(msi.title) = %s THEN 0
                        WHEN LOWER(msi.title) LIKE %s THEN 1
                        ELSE 2
                    END,
                    msi.id DESC
                LIMIT 100
                
2026-04-15 00:26:44,789 | INFO | ai-websocket | Params: ['%professional%', '%raj bhatt%', '%raj bhatt%', 'raj bhatt', '%raj bhatt%']
2026-04-15 00:26:47,149 | INFO | ai-websocket | [DB RAW COUNT]: 17 results found in database
2026-04-15 00:26:47,149 | INFO | ai-websocket | --- RAW RESULTS BEFORE SORTING ---
2026-04-15 00:26:47,149 | INFO | ai-websocket | Row 1: Raj Bhatt | Paid: True | PkgID: 5
2026-04-15 00:26:47,149 | INFO | ai-websocket | Row 2: DeepakRaj Bhatt | Paid: False | PkgID: None
2026-04-15 00:26:47,154 | INFO | ai-websocket | Row 3: Dheeraj Bhatt | Paid: False | PkgID: None
2026-04-15 00:26:47,154 | INFO | ai-websocket | Row 4: Deepak Raj Bhatt | Paid: False | PkgID: None
2026-04-15 00:26:47,154 | INFO | ai-websocket | Row 5: Neeraj Bhatt | Paid: False | PkgID: None
2026-04-15 00:26:47,154 | INFO | ai-websocket | --- RESULTS AFTER PRIORITY SORTING ---
2026-04-15 00:26:47,154 | INFO | ai-websocket | Sorted 1: Raj Bhatt | Paid: True
2026-04-15 00:26:47,157 | INFO | ai-websocket | Sorted 2: DeepakRaj Bhatt | Paid: False
2026-04-15 00:26:47,157 | INFO | ai-websocket | Sorted 3: Dheeraj Bhatt | Paid: False
2026-04-15 00:26:47,157 | INFO | ai-websocket | Sorted 4: Deepak Raj Bhatt | Paid: False
2026-04-15 00:26:47,158 | INFO | ai-websocket | Sorted 5: Neeraj Bhatt | Paid: False
2026-04-15 00:26:47,158 | INFO | ai-websocket | [SEARCH RESULT]: Successfully returning 6 results from DB
2026-04-15 00:26:47,913 | INFO | ai-websocket | --- LLM STREAMING STARTED ---
2026-04-15 00:26:57,733 | INFO | ai-websocket | --- LLM STREAMING FINISHED ---
2026-04-15 00:26:57,733 | WARNING | ai-websocket | ALERT: LLM might have ignored the fixed intro.
2026-04-15 00:29:25,518 | WARNING | ai-websocket | [WS DISCONNECTED]
2026-04-15 00:30:43,559 | INFO | ai-websocket | [WS CONNECT] Origin: None
2026-04-15 00:30:44,883 | DEBUG | ai-websocket | [WS RECEIVED] Raw Data: {'query': 'raj bhatt', 'user_id': 402981, 'org_id': 1, 'conversation_id': ''}
2026-04-15 00:30:44,885 | INFO | ai-websocket | [QUERY] User:402981 Org:1 : raj bhatt
2026-04-15 00:30:45,914 | DEBUG | ai-websocket | [CONVERSATION] ID: 578
2026-04-15 00:30:49,258 | INFO | ai-websocket | Intent detected: {'intent': 'SEARCH', 'type': 'PROFESSIONAL', 'keywords': 'raj bhatt', 'location': '', 'rephrased_query': 'raj bhatt'}
2026-04-15 00:30:49,260 | DEBUG | ai-websocket | [INTENT] {'intent': 'SEARCH', 'type': 'PROFESSIONAL', 'keywords': 'raj bhatt', 'location': '', 'rephrased_query': 'raj bhatt'}
2026-04-15 00:30:49,260 | DEBUG | ai-websocket | [BASE QUERY] raj bhatt
2026-04-15 00:30:53,970 | INFO | ai-websocket | [FOLLOWUP DETECT] {'is_followup': False, 'reply': 'I want to know more about awards', 'type': 'refine'}
2026-04-15 00:30:53,970 | INFO | ai-websocket | [FINAL QUERY] raj bhatt
2026-04-15 00:30:53,973 | INFO | ai-websocket | [INTENT TYPE] PROFESSIONAL | Location: 
2026-04-15 00:30:54,306 | INFO | ai-websocket | [SEARCH STAGE]: Trying Full Phrase Match for 'raj bhatt'
2026-04-15 00:30:54,306 | INFO | ai-websocket | --- STARTING DB EXECUTION ---
2026-04-15 00:30:54,306 | INFO | ai-websocket | SQL: 
            SELECT msi.title, msi.content, msi.category_text, msi.location_text, msi.slug, ua.package_id,ua.about_us
            FROM master_search_mastersearchindex msi
            LEFT JOIN user_accounts ua ON msi.user_name = ua.username
            WHERE msi.is_live = TRUE
             AND LOWER(msi.category_text) LIKE %s
                AND (LOWER(msi.title) LIKE %s OR LOWER(msi.content) LIKE %s)
                ORDER BY 
                    (CASE WHEN ua.package_id > 0 THEN 0 ELSE 1 END),
                    CASE 
                        WHEN LOWER(msi.title) = %s THEN 0
                        WHEN LOWER(msi.title) LIKE %s THEN 1
                        ELSE 2
                    END,
                    msi.id DESC
                LIMIT 100
                
2026-04-15 00:30:54,313 | INFO | ai-websocket | Params: ['%professional%', '%raj bhatt%', '%raj bhatt%', 'raj bhatt', '%raj bhatt%']
2026-04-15 00:30:57,565 | INFO | ai-websocket | [DB RAW COUNT]: 17 results found in database
2026-04-15 00:30:57,567 | INFO | ai-websocket | --- RAW RESULTS BEFORE SORTING ---
2026-04-15 00:30:57,567 | INFO | ai-websocket | Row 1: Raj Bhatt | Paid: True | PkgID: 5
2026-04-15 00:30:57,567 | INFO | ai-websocket | Row 2: DeepakRaj Bhatt | Paid: False | PkgID: None
2026-04-15 00:30:57,567 | INFO | ai-websocket | Row 3: Dheeraj Bhatt | Paid: False | PkgID: None
2026-04-15 00:30:57,567 | INFO | ai-websocket | Row 4: Deepak Raj Bhatt | Paid: False | PkgID: None
2026-04-15 00:30:57,567 | INFO | ai-websocket | Row 5: Neeraj Bhatt | Paid: False | PkgID: None
2026-04-15 00:30:57,570 | INFO | ai-websocket | --- RESULTS AFTER PRIORITY SORTING ---
2026-04-15 00:30:57,570 | INFO | ai-websocket | Sorted 1: Raj Bhatt | Paid: True
2026-04-15 00:30:57,572 | INFO | ai-websocket | Sorted 2: DeepakRaj Bhatt | Paid: False
2026-04-15 00:30:57,576 | INFO | ai-websocket | Sorted 3: Dheeraj Bhatt | Paid: False
2026-04-15 00:30:57,576 | INFO | ai-websocket | Sorted 4: Deepak Raj Bhatt | Paid: False
2026-04-15 00:30:57,576 | INFO | ai-websocket | Sorted 5: Neeraj Bhatt | Paid: False
2026-04-15 00:30:57,578 | INFO | ai-websocket | [SEARCH RESULT]: Successfully returning 6 results from DB
2026-04-15 00:30:58,373 | INFO | ai-websocket | --- ATTEMPTING INTRO EXTRACTION ---
2026-04-15 00:30:58,373 | INFO | ai-websocket | SUCCESS: Extracted Intro for Raj Bhatt: Accomplished entrepreneur with over 30 years of experience in the global hospitality and online media industry. Founder & CEO of Hozpitality Group, a leading online platform for hospitality professionals, companies, and students. Proven expertise in building and scaling businesses, leading international teams, and creating innovative platforms that connect professionals and organizations worldwide.
2026-04-15 00:30:58,373 | INFO | ai-websocket | Instruction attached to Prompt: [FIXED INTRO]
2026-04-15 00:30:58,373 | INFO | ai-websocket | --- LLM STREAMING STARTED ---
2026-04-15 00:31:08,512 | INFO | ai-websocket | --- LLM STREAMING FINISHED ---
2026-04-15 00:31:08,514 | INFO | ai-websocket | SUCCESS: DB Intro found in LLM response!
2026-04-15 00:34:56,453 | WARNING | ai-websocket | [WS DISCONNECTED]
2026-04-15 00:39:15,085 | INFO | ai-websocket | [WS CONNECT] Origin: None
2026-04-15 00:39:16,169 | DEBUG | ai-websocket | [WS RECEIVED] Raw Data: {'query': 'raj bhatt', 'user_id': 402981, 'org_id': 1, 'conversation_id': ''}
2026-04-15 00:39:16,169 | INFO | ai-websocket | [QUERY] User:402981 Org:1 : raj bhatt
2026-04-15 00:39:17,399 | DEBUG | ai-websocket | [CONVERSATION] ID: 579
2026-04-15 00:39:26,032 | INFO | ai-websocket | Intent detected: {'intent': 'SEARCH', 'type': 'PROFESSIONAL', 'keywords': 'raj bhatt', 'location': '', 'rephrased_query': 'raj bhatt'}
2026-04-15 00:39:26,032 | DEBUG | ai-websocket | [INTENT] {'intent': 'SEARCH', 'type': 'PROFESSIONAL', 'keywords': 'raj bhatt', 'location': '', 'rephrased_query': 'raj bhatt'}
2026-04-15 00:39:26,036 | DEBUG | ai-websocket | [BASE QUERY] raj bhatt
2026-04-15 00:39:31,383 | INFO | ai-websocket | [FOLLOWUP DETECT] {'is_followup': False, 'type': 'new topic'}
2026-04-15 00:39:31,385 | INFO | ai-websocket | [FINAL QUERY] raj bhatt
2026-04-15 00:39:31,385 | INFO | ai-websocket | [INTENT TYPE] PROFESSIONAL | Location: 
2026-04-15 00:39:31,769 | INFO | ai-websocket | [SEARCH STAGE]: Trying Full Phrase Match for 'raj bhatt'
2026-04-15 00:39:31,774 | INFO | ai-websocket | --- STARTING DB EXECUTION ---
2026-04-15 00:39:31,774 | INFO | ai-websocket | SQL: 
            SELECT msi.title, msi.content, msi.category_text, msi.location_text, msi.slug, ua.package_id,ua.about_us
            FROM master_search_mastersearchindex msi
            LEFT JOIN user_accounts ua ON msi.user_name = ua.username
            WHERE msi.is_live = TRUE
             AND LOWER(msi.category_text) LIKE %s
                AND (LOWER(msi.title) LIKE %s OR LOWER(msi.content) LIKE %s)
                ORDER BY 
                    (CASE WHEN ua.package_id > 0 THEN 0 ELSE 1 END),
                    CASE 
                        WHEN LOWER(msi.title) = %s THEN 0
                        WHEN LOWER(msi.title) LIKE %s THEN 1
                        ELSE 2
                    END,
                    msi.id DESC
                LIMIT 100
                
2026-04-15 00:39:31,775 | INFO | ai-websocket | Params: ['%professional%', '%raj bhatt%', '%raj bhatt%', 'raj bhatt', '%raj bhatt%']
2026-04-15 00:39:35,005 | INFO | ai-websocket | [DB RAW COUNT]: 17 results found in database
2026-04-15 00:39:35,005 | INFO | ai-websocket | --- RAW RESULTS BEFORE SORTING ---
2026-04-15 00:39:35,005 | INFO | ai-websocket | Row 1: Raj Bhatt | Paid: True | PkgID: 5
2026-04-15 00:39:35,005 | INFO | ai-websocket | Row 2: DeepakRaj Bhatt | Paid: False | PkgID: None
2026-04-15 00:39:35,005 | INFO | ai-websocket | Row 3: Dheeraj Bhatt | Paid: False | PkgID: None
2026-04-15 00:39:35,012 | INFO | ai-websocket | Row 4: Deepak Raj Bhatt | Paid: False | PkgID: None
2026-04-15 00:39:35,012 | INFO | ai-websocket | Row 5: Neeraj Bhatt | Paid: False | PkgID: None
2026-04-15 00:39:35,014 | INFO | ai-websocket | --- RESULTS AFTER PRIORITY SORTING ---
2026-04-15 00:39:35,014 | INFO | ai-websocket | Sorted 1: Raj Bhatt | Paid: True
2026-04-15 00:39:35,014 | INFO | ai-websocket | Sorted 2: DeepakRaj Bhatt | Paid: False
2026-04-15 00:39:35,014 | INFO | ai-websocket | Sorted 3: Dheeraj Bhatt | Paid: False
2026-04-15 00:39:35,014 | INFO | ai-websocket | Sorted 4: Deepak Raj Bhatt | Paid: False
2026-04-15 00:39:35,019 | INFO | ai-websocket | Sorted 5: Neeraj Bhatt | Paid: False
2026-04-15 00:39:35,020 | INFO | ai-websocket | [SEARCH RESULT]: Successfully returning 6 results from DB
2026-04-15 00:39:36,629 | INFO | ai-websocket | --- ATTEMPTING INTRO EXTRACTION ---
2026-04-15 00:39:36,629 | INFO | ai-websocket | SUCCESS: Extracted Intro for Raj Bhatt: Accomplished entrepreneur with over 30 years of experience in the global hospitality and online media industry. Founder & CEO of Hozpitality Group, a leading online platform for hospitality professionals, companies, and students. Proven expertise in building and scaling businesses, leading international teams, and creating innovative platforms that connect professionals and organizations worldwide.
2026-04-15 00:39:36,633 | INFO | ai-websocket | Instruction attached to Prompt: [FIXED INTRO]
2026-04-15 00:39:36,633 | INFO | ai-websocket | --- LLM STREAMING STARTED ---
2026-04-15 00:39:47,097 | INFO | ai-websocket | --- LLM STREAMING FINISHED ---
2026-04-15 00:39:47,097 | INFO | ai-websocket | SUCCESS: DB Intro found in LLM response!
2026-04-15 00:39:50,694 | WARNING | ai-websocket | [WS DISCONNECTED]
2026-04-15 00:41:37,067 | INFO | ai-websocket | [WS CONNECT] Origin: None
2026-04-15 00:41:38,116 | DEBUG | ai-websocket | [WS RECEIVED] Raw Data: {'query': 'hotel smarters', 'user_id': 402981, 'org_id': 1, 'conversation_id': 579}
2026-04-15 00:41:38,116 | INFO | ai-websocket | [QUERY] User:402981 Org:1 : hotel smarters
2026-04-15 00:41:38,120 | DEBUG | ai-websocket | [CONVERSATION] ID: 579
2026-04-15 00:41:41,822 | INFO | ai-websocket | Intent detected: {'intent': 'SEARCH', 'type': 'company', 'keywords': 'hotelsmarters', 'location': '', 'rephrased_query': 'hotel smarters'}
2026-04-15 00:41:41,822 | DEBUG | ai-websocket | [INTENT] {'intent': 'SEARCH', 'type': 'company', 'keywords': 'hotelsmarters', 'location': '', 'rephrased_query': 'hotel smarters'}
2026-04-15 00:41:41,822 | DEBUG | ai-websocket | [BASE QUERY] hotelsmarters
2026-04-15 00:41:45,981 | INFO | ai-websocket | [FOLLOWUP DETECT] {'is_followup': False, 'type': 'new topic'}
2026-04-15 00:41:45,981 | INFO | ai-websocket | [FINAL QUERY] hotelsmarters
2026-04-15 00:41:45,981 | INFO | ai-websocket | [INTENT TYPE] company | Location: 
2026-04-15 00:41:46,309 | INFO | ai-websocket | [SEARCH STAGE]: Trying Full Phrase Match for 'hotelsmarters'
2026-04-15 00:41:46,311 | INFO | ai-websocket | --- STARTING DB EXECUTION ---
2026-04-15 00:41:46,312 | INFO | ai-websocket | SQL: 
            SELECT msi.title, msi.content, msi.category_text, msi.location_text, msi.slug, ua.package_id,ua.about_us
            FROM master_search_mastersearchindex msi
            LEFT JOIN user_accounts ua ON msi.user_name = ua.username
            WHERE msi.is_live = TRUE
             AND LOWER(msi.category_text) LIKE %s
                AND (LOWER(msi.title) LIKE %s OR LOWER(msi.content) LIKE %s)
                ORDER BY 
                    (CASE WHEN ua.package_id > 0 THEN 0 ELSE 1 END),
                    CASE 
                        WHEN LOWER(msi.title) = %s THEN 0
                        WHEN LOWER(msi.title) LIKE %s THEN 1
                        ELSE 2
                    END,
                    msi.id DESC
                LIMIT 100
                
2026-04-15 00:41:46,314 | INFO | ai-websocket | Params: ['%company%', '%hotelsmarters%', '%hotelsmarters%', 'hotelsmarters', '%hotelsmarters%']
2026-04-15 00:41:49,031 | INFO | ai-websocket | [DB RAW COUNT]: 1 results found in database
2026-04-15 00:41:49,032 | INFO | ai-websocket | --- RAW RESULTS BEFORE SORTING ---
2026-04-15 00:41:49,032 | INFO | ai-websocket | Row 1: HotelSmarters | Paid: False | PkgID: None
2026-04-15 00:41:49,033 | INFO | ai-websocket | --- RESULTS AFTER PRIORITY SORTING ---
2026-04-15 00:41:49,033 | INFO | ai-websocket | Sorted 1: HotelSmarters | Paid: False
2026-04-15 00:41:49,033 | INFO | ai-websocket | [SEARCH RESULT]: Successfully returning 1 results from DB
2026-04-15 00:41:51,270 | INFO | ai-websocket | --- ATTEMPTING INTRO EXTRACTION ---
2026-04-15 00:41:51,270 | WARNING | ai-websocket | FAILED: 'about_us' field is empty or too short in DB for HotelSmarters
2026-04-15 00:41:51,270 | INFO | ai-websocket | --- LLM STREAMING STARTED ---
2026-04-15 00:42:00,740 | INFO | ai-websocket | --- LLM STREAMING FINISHED ---
2026-04-15 00:42:00,742 | WARNING | ai-websocket | ALERT: LLM might have ignored the fixed intro.
2026-04-15 00:43:49,099 | DEBUG | ai-websocket | [WS RECEIVED] Raw Data: {'query': 'hotelsmarters', 'user_id': 402981, 'org_id': 1, 'conversation_id': 579}
2026-04-15 00:43:49,104 | INFO | ai-websocket | [QUERY] User:402981 Org:1 : hotelsmarters
2026-04-15 00:43:49,104 | DEBUG | ai-websocket | [CONVERSATION] ID: 579
2026-04-15 00:43:52,370 | INFO | ai-websocket | Intent detected: {'intent': 'SEARCH', 'type': 'company', 'keywords': 'hotelsmarters', 'location': '', 'rephrased_query': 'hotelsmarters'}
2026-04-15 00:43:52,370 | DEBUG | ai-websocket | [INTENT] {'intent': 'SEARCH', 'type': 'company', 'keywords': 'hotelsmarters', 'location': '', 'rephrased_query': 'hotelsmarters'}
2026-04-15 00:43:52,370 | DEBUG | ai-websocket | [BASE QUERY] hotelsmarters
2026-04-15 00:43:55,994 | INFO | ai-websocket | [FOLLOWUP DETECT] {'is_followup': False, 'predicted_intent': 'tell me about awards', 'category': 'new topic'}
2026-04-15 00:43:56,004 | INFO | ai-websocket | [FINAL QUERY] hotelsmarters
2026-04-15 00:43:56,004 | INFO | ai-websocket | [INTENT TYPE] company | Location: 
2026-04-15 00:43:56,321 | INFO | ai-websocket | [SEARCH STAGE]: Trying Full Phrase Match for 'hotelsmarters'
2026-04-15 00:43:56,321 | INFO | ai-websocket | --- STARTING DB EXECUTION ---
2026-04-15 00:43:56,321 | INFO | ai-websocket | SQL: 
            SELECT msi.title, msi.content, msi.category_text, msi.location_text, msi.slug, ua.package_id,ua.about_us
            FROM master_search_mastersearchindex msi
            LEFT JOIN user_accounts ua ON msi.user_name = ua.username
            WHERE msi.is_live = TRUE
             AND LOWER(msi.category_text) LIKE %s
                AND (LOWER(msi.title) LIKE %s OR LOWER(msi.content) LIKE %s)
                ORDER BY 
                    (CASE WHEN ua.package_id > 0 THEN 0 ELSE 1 END),
                    CASE 
                        WHEN LOWER(msi.title) = %s THEN 0
                        WHEN LOWER(msi.title) LIKE %s THEN 1
                        ELSE 2
                    END,
                    msi.id DESC
                LIMIT 100
                
2026-04-15 00:43:56,321 | INFO | ai-websocket | Params: ['%company%', '%hotelsmarters%', '%hotelsmarters%', 'hotelsmarters', '%hotelsmarters%']
2026-04-15 00:43:57,697 | INFO | ai-websocket | [DB RAW COUNT]: 1 results found in database
2026-04-15 00:43:57,697 | INFO | ai-websocket | --- RAW RESULTS BEFORE SORTING ---
2026-04-15 00:43:57,697 | INFO | ai-websocket | Row 1: HotelSmarters | Paid: False | PkgID: None
2026-04-15 00:43:57,697 | INFO | ai-websocket | --- RESULTS AFTER PRIORITY SORTING ---
2026-04-15 00:43:57,697 | INFO | ai-websocket | Sorted 1: HotelSmarters | Paid: False
2026-04-15 00:43:57,697 | INFO | ai-websocket | [SEARCH RESULT]: Successfully returning 1 results from DB
2026-04-15 00:43:58,041 | INFO | ai-websocket | --- ATTEMPTING INTRO EXTRACTION ---
2026-04-15 00:43:58,050 | WARNING | ai-websocket | FAILED: 'about_us' field is empty or too short in DB for HotelSmarters
2026-04-15 00:43:58,100 | INFO | ai-websocket | --- LLM STREAMING STARTED ---
2026-04-15 00:44:08,156 | INFO | ai-websocket | --- LLM STREAMING FINISHED ---
2026-04-15 00:44:08,156 | WARNING | ai-websocket | ALERT: LLM might have ignored the fixed intro.
2026-04-15 00:44:11,557 | DEBUG | ai-websocket | [WS RECEIVED] Raw Data: {'query': 'HotelSmarters', 'user_id': 402981, 'org_id': 1, 'conversation_id': 579}
2026-04-15 00:44:11,563 | INFO | ai-websocket | [QUERY] User:402981 Org:1 : HotelSmarters
2026-04-15 00:44:11,567 | DEBUG | ai-websocket | [CONVERSATION] ID: 579
2026-04-15 00:44:16,626 | INFO | ai-websocket | Intent detected: {'intent': 'SEARCH', 'type': 'company', 'keywords': 'hotelsmarters', 'location': '', 'rephrased_query': 'hotelsmarters'}
2026-04-15 00:44:16,626 | DEBUG | ai-websocket | [INTENT] {'intent': 'SEARCH', 'type': 'company', 'keywords': 'hotelsmarters', 'location': '', 'rephrased_query': 'hotelsmarters'}
2026-04-15 00:44:16,629 | DEBUG | ai-websocket | [BASE QUERY] hotelsmarters
2026-04-15 00:44:20,095 | INFO | ai-websocket | [FOLLOWUP DETECT] {'is_followup': False, 'type': 'switch'}
2026-04-15 00:44:20,095 | INFO | ai-websocket | [FINAL QUERY] hotelsmarters
2026-04-15 00:44:20,095 | INFO | ai-websocket | [INTENT TYPE] company | Location: 
2026-04-15 00:44:20,425 | INFO | ai-websocket | [SEARCH STAGE]: Trying Full Phrase Match for 'hotelsmarters'
2026-04-15 00:44:20,425 | INFO | ai-websocket | --- STARTING DB EXECUTION ---
2026-04-15 00:44:20,425 | INFO | ai-websocket | SQL: 
            SELECT msi.title, msi.content, msi.category_text, msi.location_text, msi.slug, ua.package_id,ua.about_us
            FROM master_search_mastersearchindex msi
            LEFT JOIN user_accounts ua ON msi.user_name = ua.username
            WHERE msi.is_live = TRUE
             AND LOWER(msi.category_text) LIKE %s
                AND (LOWER(msi.title) LIKE %s OR LOWER(msi.content) LIKE %s)
                ORDER BY 
                    (CASE WHEN ua.package_id > 0 THEN 0 ELSE 1 END),
                    CASE 
                        WHEN LOWER(msi.title) = %s THEN 0
                        WHEN LOWER(msi.title) LIKE %s THEN 1
                        ELSE 2
                    END,
                    msi.id DESC
                LIMIT 100
                
2026-04-15 00:44:20,430 | INFO | ai-websocket | Params: ['%company%', '%hotelsmarters%', '%hotelsmarters%', 'hotelsmarters', '%hotelsmarters%']
2026-04-15 00:44:21,484 | INFO | ai-websocket | [DB RAW COUNT]: 1 results found in database
2026-04-15 00:44:21,484 | INFO | ai-websocket | --- RAW RESULTS BEFORE SORTING ---
2026-04-15 00:44:21,484 | INFO | ai-websocket | Row 1: HotelSmarters | Paid: False | PkgID: None
2026-04-15 00:44:21,484 | INFO | ai-websocket | --- RESULTS AFTER PRIORITY SORTING ---
2026-04-15 00:44:21,484 | INFO | ai-websocket | Sorted 1: HotelSmarters | Paid: False
2026-04-15 00:44:21,484 | INFO | ai-websocket | [SEARCH RESULT]: Successfully returning 1 results from DB
2026-04-15 00:44:21,833 | INFO | ai-websocket | --- ATTEMPTING INTRO EXTRACTION ---
2026-04-15 00:44:21,833 | WARNING | ai-websocket | FAILED: 'about_us' field is empty or too short in DB for HotelSmarters
2026-04-15 00:44:21,865 | INFO | ai-websocket | --- LLM STREAMING STARTED ---
2026-04-15 00:44:32,179 | INFO | ai-websocket | --- LLM STREAMING FINISHED ---
2026-04-15 00:44:32,179 | WARNING | ai-websocket | ALERT: LLM might have ignored the fixed intro.
2026-04-15 00:44:43,974 | DEBUG | ai-websocket | [WS RECEIVED] Raw Data: {'query': 'Yuni hunter', 'user_id': 402981, 'org_id': 1, 'conversation_id': 579}
2026-04-15 00:44:43,974 | INFO | ai-websocket | [QUERY] User:402981 Org:1 : Yuni hunter
2026-04-15 00:44:43,974 | DEBUG | ai-websocket | [CONVERSATION] ID: 579
2026-04-15 00:44:48,796 | INFO | ai-websocket | Intent detected: {'intent': 'SEARCH', 'type': 'job', 'keywords': 'yuni hunter', 'location': '', 'rephrased_query': 'yuni hunter'}
2026-04-15 00:44:48,796 | DEBUG | ai-websocket | [INTENT] {'intent': 'SEARCH', 'type': 'job', 'keywords': 'yuni hunter', 'location': '', 'rephrased_query': 'yuni hunter'}
2026-04-15 00:44:48,796 | DEBUG | ai-websocket | [BASE QUERY] yuni hunter
2026-04-15 00:44:52,277 | INFO | ai-websocket | [FOLLOWUP DETECT] {'is_followup': False, 'type': 'switch'}
2026-04-15 00:44:52,279 | INFO | ai-websocket | [FINAL QUERY] yuni hunter
2026-04-15 00:44:52,279 | INFO | ai-websocket | [INTENT TYPE] job | Location: 
2026-04-15 00:44:52,604 | INFO | ai-websocket | [SEARCH STAGE]: Trying Full Phrase Match for 'yuni hunter'
2026-04-15 00:44:52,604 | INFO | ai-websocket | --- STARTING DB EXECUTION ---
2026-04-15 00:44:52,604 | INFO | ai-websocket | SQL: 
            SELECT msi.title, msi.content, msi.category_text, msi.location_text, msi.slug, ua.package_id,ua.about_us
            FROM master_search_mastersearchindex msi
            LEFT JOIN user_accounts ua ON msi.user_name = ua.username
            WHERE msi.is_live = TRUE
             AND LOWER(msi.category_text) LIKE %s
                AND (LOWER(msi.title) LIKE %s OR LOWER(msi.content) LIKE %s)
                ORDER BY 
                    (CASE WHEN ua.package_id > 0 THEN 0 ELSE 1 END),
                    CASE 
                        WHEN LOWER(msi.title) = %s THEN 0
                        WHEN LOWER(msi.title) LIKE %s THEN 1
                        ELSE 2
                    END,
                    msi.id DESC
                LIMIT 100
                
2026-04-15 00:44:52,604 | INFO | ai-websocket | Params: ['%job%', '%yuni hunter%', '%yuni hunter%', 'yuni hunter', '%yuni hunter%']
2026-04-15 00:44:54,051 | INFO | ai-websocket | [DB RAW COUNT]: 0 results found in database
2026-04-15 00:44:54,051 | INFO | ai-websocket | [SEARCH STAGE]: Full phrase failed. Trying AND condition for words: ['yuni', 'hunter']
2026-04-15 00:44:54,051 | INFO | ai-websocket | --- STARTING DB EXECUTION ---
2026-04-15 00:44:54,051 | INFO | ai-websocket | SQL: 
            SELECT msi.title, msi.content, msi.category_text, msi.location_text, msi.slug, ua.package_id,ua.about_us
            FROM master_search_mastersearchindex msi
            LEFT JOIN user_accounts ua ON msi.user_name = ua.username
            WHERE msi.is_live = TRUE
             AND LOWER(msi.category_text) LIKE %s AND (LOWER(msi.title) LIKE %s OR LOWER(msi.content) LIKE %s) AND (LOWER(msi.title) LIKE %s OR LOWER(msi.content) LIKE %s) ORDER BY (CASE WHEN ua.package_id > 0 THEN 0 ELSE 1 END), msi.id DESC LIMIT 100
2026-04-15 00:44:54,053 | INFO | ai-websocket | Params: ['%job%', '%yuni%', '%yuni%', '%hunter%', '%hunter%']
2026-04-15 00:44:54,531 | INFO | ai-websocket | [DB RAW COUNT]: 0 results found in database
2026-04-15 00:44:54,531 | INFO | ai-websocket | [SEARCH STAGE]: AND match failed. Trying OR condition for words: ['yuni', 'hunter']
2026-04-15 00:44:54,531 | INFO | ai-websocket | --- STARTING DB EXECUTION ---
2026-04-15 00:44:54,531 | INFO | ai-websocket | SQL: 
            SELECT msi.title, msi.content, msi.category_text, msi.location_text, msi.slug, ua.package_id,ua.about_us
            FROM master_search_mastersearchindex msi
            LEFT JOIN user_accounts ua ON msi.user_name = ua.username
            WHERE msi.is_live = TRUE
             AND LOWER(msi.category_text) LIKE %s AND ((LOWER(msi.title) LIKE %s OR LOWER(msi.content) LIKE %s) OR (LOWER(msi.title) LIKE %s OR LOWER(msi.content) LIKE %s)) ORDER BY (CASE WHEN ua.package_id > 0 THEN 0 ELSE 1 END), msi.id DESC LIMIT 100
2026-04-15 00:44:54,546 | INFO | ai-websocket | Params: ['%job%', '%yuni%', '%yuni%', '%hunter%', '%hunter%']
2026-04-15 00:44:55,156 | INFO | ai-websocket | [DB RAW COUNT]: 5 results found in database
2026-04-15 00:44:55,156 | INFO | ai-websocket | --- RAW RESULTS BEFORE SORTING ---
2026-04-15 00:44:55,156 | INFO | ai-websocket | Row 1: Sales Hunter- Task Force | Paid: False | PkgID: None
2026-04-15 00:44:55,156 | INFO | ai-websocket | Row 2: Room Attendant - voco Kirkton Park Hunter Valley | Paid: False | PkgID: None
2026-04-15 00:44:55,156 | INFO | ai-websocket | Row 3: Food and Beverage Attendant - voco Kirkton Park Hunter Valley | Paid: False | PkgID: None
2026-04-15 00:44:55,156 | INFO | ai-websocket | Row 4: Food & Beverage Supervisor - voco Kirkton Park Hunter Valley | Paid: False | PkgID: None
2026-04-15 00:44:55,172 | INFO | ai-websocket | Row 5: Meetings & Events Planner | Paid: False | PkgID: None
2026-04-15 00:44:55,177 | INFO | ai-websocket | --- RESULTS AFTER PRIORITY SORTING ---
2026-04-15 00:44:55,177 | INFO | ai-websocket | Sorted 1: Sales Hunter- Task Force | Paid: False
2026-04-15 00:44:55,182 | INFO | ai-websocket | Sorted 2: Room Attendant - voco Kirkton Park Hunter Valley | Paid: False
2026-04-15 00:44:55,182 | INFO | ai-websocket | Sorted 3: Food and Beverage Attendant - voco Kirkton Park Hunter Valley | Paid: False
2026-04-15 00:44:55,182 | INFO | ai-websocket | Sorted 4: Food & Beverage Supervisor - voco Kirkton Park Hunter Valley | Paid: False
2026-04-15 00:44:55,182 | INFO | ai-websocket | Sorted 5: Meetings & Events Planner | Paid: False
2026-04-15 00:44:55,182 | INFO | ai-websocket | [SEARCH RESULT]: Successfully returning 5 results from DB
2026-04-15 00:44:55,645 | INFO | ai-websocket | --- LLM STREAMING STARTED ---
2026-04-15 00:45:17,993 | INFO | ai-websocket | --- LLM STREAMING FINISHED ---
2026-04-15 00:45:17,993 | WARNING | ai-websocket | ALERT: LLM might have ignored the fixed intro.
2026-04-15 00:46:36,282 | DEBUG | ai-websocket | [WS RECEIVED] Raw Data: {'query': 'what is welbilt', 'user_id': 402981, 'org_id': 1, 'conversation_id': 579}
2026-04-15 00:46:36,282 | INFO | ai-websocket | [QUERY] User:402981 Org:1 : what is welbilt
2026-04-15 00:46:36,282 | DEBUG | ai-websocket | [CONVERSATION] ID: 579
2026-04-15 00:46:41,517 | INFO | ai-websocket | Intent detected: {'intent': 'SEARCH', 'type': 'company', 'keywords': 'welbilt', 'location': '', 'rephrased_query': 'what is welbilt'}
2026-04-15 00:46:41,524 | DEBUG | ai-websocket | [INTENT] {'intent': 'SEARCH', 'type': 'company', 'keywords': 'welbilt', 'location': '', 'rephrased_query': 'what is welbilt'}
2026-04-15 00:46:41,524 | DEBUG | ai-websocket | [BASE QUERY] welbilt
2026-04-15 00:46:44,988 | INFO | ai-websocket | [FOLLOWUP DETECT] {'is_followup': False, 'type': 'switch'}
2026-04-15 00:46:44,988 | INFO | ai-websocket | [FINAL QUERY] welbilt
2026-04-15 00:46:44,988 | INFO | ai-websocket | [INTENT TYPE] company | Location: 
2026-04-15 00:46:45,301 | INFO | ai-websocket | [SEARCH STAGE]: Trying Full Phrase Match for 'welbilt'
2026-04-15 00:46:45,301 | INFO | ai-websocket | --- STARTING DB EXECUTION ---
2026-04-15 00:46:45,316 | INFO | ai-websocket | SQL: 
            SELECT msi.title, msi.content, msi.category_text, msi.location_text, msi.slug, ua.package_id,ua.about_us
            FROM master_search_mastersearchindex msi
            LEFT JOIN user_accounts ua ON msi.user_name = ua.username
            WHERE msi.is_live = TRUE
             AND LOWER(msi.category_text) LIKE %s
                AND (LOWER(msi.title) LIKE %s OR LOWER(msi.content) LIKE %s)
                ORDER BY 
                    (CASE WHEN ua.package_id > 0 THEN 0 ELSE 1 END),
                    CASE 
                        WHEN LOWER(msi.title) = %s THEN 0
                        WHEN LOWER(msi.title) LIKE %s THEN 1
                        ELSE 2
                    END,
                    msi.id DESC
                LIMIT 100
                
2026-04-15 00:46:45,316 | INFO | ai-websocket | Params: ['%company%', '%welbilt%', '%welbilt%', 'welbilt', '%welbilt%']
2026-04-15 00:46:46,574 | INFO | ai-websocket | [DB RAW COUNT]: 1 results found in database
2026-04-15 00:46:46,577 | INFO | ai-websocket | --- RAW RESULTS BEFORE SORTING ---
2026-04-15 00:46:46,577 | INFO | ai-websocket | Row 1: WELBILT | Paid: False | PkgID: None
2026-04-15 00:46:46,578 | INFO | ai-websocket | --- RESULTS AFTER PRIORITY SORTING ---
2026-04-15 00:46:46,578 | INFO | ai-websocket | Sorted 1: WELBILT | Paid: False
2026-04-15 00:46:46,578 | INFO | ai-websocket | [SEARCH RESULT]: Successfully returning 1 results from DB
2026-04-15 00:46:47,959 | INFO | ai-websocket | --- ATTEMPTING INTRO EXTRACTION ---
2026-04-15 00:46:47,960 | WARNING | ai-websocket | FAILED: 'about_us' field is empty or too short in DB for WELBILT
2026-04-15 00:46:48,041 | INFO | ai-websocket | --- LLM STREAMING STARTED ---
2026-04-15 00:46:58,196 | INFO | ai-websocket | --- LLM STREAMING FINISHED ---
2026-04-15 00:46:58,199 | WARNING | ai-websocket | ALERT: LLM might have ignored the fixed intro.
2026-04-15 01:12:42,381 | WARNING | ai-websocket | [WS DISCONNECTED]
2026-04-15 01:14:01,883 | INFO | ai-websocket | [WS CONNECT] Origin: None
2026-04-15 01:14:03,290 | DEBUG | ai-websocket | [WS RECEIVED] Raw Data: {'query': 'what is welbilt', 'user_id': 402981, 'org_id': 1, 'conversation_id': 579}
2026-04-15 01:14:03,294 | INFO | ai-websocket | [QUERY] User:402981 Org:1 : what is welbilt
2026-04-15 01:14:03,294 | DEBUG | ai-websocket | [CONVERSATION] ID: 579
2026-04-15 01:14:42,146 | ERROR | ai-websocket | Intent error: ('Connection aborted.', ConnectionResetError(10054, 'An existing connection was forcibly closed by the remote host', None, 10054, None))
2026-04-15 01:14:42,148 | DEBUG | ai-websocket | [INTENT] {'intent': 'SEARCH', 'type': 'article', 'keywords': 'what is welbilt', 'location': '', 'rephrased_query': 'what is welbilt'}
2026-04-15 01:14:42,150 | DEBUG | ai-websocket | [BASE QUERY] what is welbilt
2026-04-15 01:14:47,525 | ERROR | ai-websocket | Followup detect error: HTTPConnectionPool(host='localhost', port=11434): Max retries exceeded with url: /api/generate (Caused by NewConnectionError("HTTPConnection(host='localhost', port=11434): Failed to establish a new connection: [WinError 10061] No connection could be made because the target machine actively refused it"))
2026-04-15 01:14:47,525 | INFO | ai-websocket | [FOLLOWUP DETECT] {'is_followup': False, 'type': 'switch'}
2026-04-15 01:14:47,525 | INFO | ai-websocket | [FINAL QUERY] what is welbilt
2026-04-15 01:14:47,525 | INFO | ai-websocket | [INTENT TYPE] article | Location: 
2026-04-15 01:14:48,249 | INFO | ai-websocket | [SEARCH STAGE]: Trying Full Phrase Match for 'what welbilt'
2026-04-15 01:14:48,249 | INFO | ai-websocket | --- STARTING DB EXECUTION ---
2026-04-15 01:14:48,249 | INFO | ai-websocket | SQL: 
            SELECT msi.title, msi.content, msi.category_text, msi.location_text, msi.slug, ua.package_id,ua.about_us
            FROM master_search_mastersearchindex msi
            LEFT JOIN user_accounts ua ON msi.user_name = ua.username
            WHERE msi.is_live = TRUE
             AND LOWER(msi.category_text) LIKE %s
                AND (LOWER(msi.title) LIKE %s OR LOWER(msi.content) LIKE %s)
                ORDER BY 
                    (CASE WHEN ua.package_id > 0 THEN 0 ELSE 1 END),
                    CASE 
                        WHEN LOWER(msi.title) = %s THEN 0
                        WHEN LOWER(msi.title) LIKE %s THEN 1
                        ELSE 2
                    END,
                    msi.id DESC
                LIMIT 100
                
2026-04-15 01:14:48,253 | INFO | ai-websocket | Params: ['%article%', '%what welbilt%', '%what welbilt%', 'what welbilt', '%what welbilt%']
2026-04-15 01:14:50,386 | INFO | ai-websocket | [DB RAW COUNT]: 0 results found in database
2026-04-15 01:14:50,388 | INFO | ai-websocket | [SEARCH STAGE]: Full phrase failed. Trying AND condition for words: ['what', 'welbilt']
2026-04-15 01:14:50,388 | INFO | ai-websocket | --- STARTING DB EXECUTION ---
2026-04-15 01:14:50,388 | INFO | ai-websocket | SQL: 
            SELECT msi.title, msi.content, msi.category_text, msi.location_text, msi.slug, ua.package_id,ua.about_us
            FROM master_search_mastersearchindex msi
            LEFT JOIN user_accounts ua ON msi.user_name = ua.username
            WHERE msi.is_live = TRUE
             AND LOWER(msi.category_text) LIKE %s AND (LOWER(msi.title) LIKE %s OR LOWER(msi.content) LIKE %s) AND (LOWER(msi.title) LIKE %s OR LOWER(msi.content) LIKE %s) ORDER BY (CASE WHEN ua.package_id > 0 THEN 0 ELSE 1 END), msi.id DESC LIMIT 100
2026-04-15 01:14:50,388 | INFO | ai-websocket | Params: ['%article%', '%what%', '%what%', '%welbilt%', '%welbilt%']
2026-04-15 01:14:50,853 | INFO | ai-websocket | [DB RAW COUNT]: 4 results found in database
2026-04-15 01:14:50,853 | INFO | ai-websocket | --- RAW RESULTS BEFORE SORTING ---
2026-04-15 01:14:50,853 | INFO | ai-websocket | Row 1: WMAXX DISHWASHERS | Paid: True | PkgID: 8
2026-04-15 01:14:50,858 | INFO | ai-websocket | Row 2: MERRYCHEF OVEN SELECTOR | Paid: True | PkgID: 8
2026-04-15 01:14:50,858 | INFO | ai-websocket | Row 3: MERRYCHEF CONNEX | Paid: True | PkgID: 8
2026-04-15 01:14:50,858 | INFO | ai-websocket | Row 4: FRYMASTER fryers - a complete line of superior-quality fryers | Paid: True | PkgID: 8
2026-04-15 01:14:50,858 | INFO | ai-websocket | --- RESULTS AFTER PRIORITY SORTING ---
2026-04-15 01:14:50,860 | INFO | ai-websocket | Sorted 1: WMAXX DISHWASHERS | Paid: True
2026-04-15 01:14:50,860 | INFO | ai-websocket | Sorted 2: MERRYCHEF OVEN SELECTOR | Paid: True
2026-04-15 01:14:50,860 | INFO | ai-websocket | Sorted 3: MERRYCHEF CONNEX | Paid: True
2026-04-15 01:14:50,860 | INFO | ai-websocket | Sorted 4: FRYMASTER fryers - a complete line of superior-quality fryers | Paid: True
2026-04-15 01:14:50,861 | INFO | ai-websocket | [SEARCH RESULT]: Successfully returning 4 results from DB
2026-04-15 01:14:52,957 | INFO | ai-websocket | --- LLM STREAMING STARTED ---
2026-04-15 01:14:57,008 | ERROR | ai-websocket | [LLM ERROR] HTTPConnectionPool(host='localhost', port=11434): Max retries exceeded with url: /api/generate (Caused by NewConnectionError("HTTPConnection(host='localhost', port=11434): Failed to establish a new connection: [WinError 10061] No connection could be made because the target machine actively refused it"))
2026-04-15 01:15:00,182 | WARNING | ai-websocket | [WS DISCONNECTED]
2026-04-15 01:16:37,105 | INFO | ai-websocket | [WS CONNECT] Origin: None
2026-04-15 01:16:40,764 | DEBUG | ai-websocket | [WS RECEIVED] Raw Data: {'query': 'what is welbilt', 'user_id': 402981, 'org_id': 1, 'conversation_id': 579}
2026-04-15 01:16:40,764 | INFO | ai-websocket | [QUERY] User:402981 Org:1 : what is welbilt
2026-04-15 01:16:40,766 | DEBUG | ai-websocket | [CONVERSATION] ID: 579
2026-04-15 01:16:44,842 | ERROR | ai-websocket | Intent error: HTTPConnectionPool(host='localhost', port=11434): Max retries exceeded with url: /api/generate (Caused by NewConnectionError("HTTPConnection(host='localhost', port=11434): Failed to establish a new connection: [WinError 10061] No connection could be made because the target machine actively refused it"))
2026-04-15 01:16:44,842 | DEBUG | ai-websocket | [INTENT] {'intent': 'SEARCH', 'type': 'article', 'keywords': 'what is welbilt', 'location': '', 'rephrased_query': 'what is welbilt'}
2026-04-15 01:16:44,843 | DEBUG | ai-websocket | [BASE QUERY] what is welbilt
2026-04-15 01:16:50,595 | ERROR | ai-websocket | Followup detect error: HTTPConnectionPool(host='localhost', port=11434): Max retries exceeded with url: /api/generate (Caused by NewConnectionError("HTTPConnection(host='localhost', port=11434): Failed to establish a new connection: [WinError 10061] No connection could be made because the target machine actively refused it"))
2026-04-15 01:16:50,595 | INFO | ai-websocket | [FOLLOWUP DETECT] {'is_followup': False, 'type': 'switch'}
2026-04-15 01:16:50,597 | INFO | ai-websocket | [FINAL QUERY] what is welbilt
2026-04-15 01:16:50,597 | INFO | ai-websocket | [INTENT TYPE] article | Location: 
2026-04-15 01:16:51,009 | INFO | ai-websocket | [SEARCH STAGE]: Trying Full Phrase Match for 'what welbilt'
2026-04-15 01:16:51,009 | INFO | ai-websocket | --- STARTING DB EXECUTION ---
2026-04-15 01:16:51,009 | INFO | ai-websocket | SQL: 
            SELECT msi.title, msi.content, msi.category_text, msi.location_text, msi.slug, ua.package_id,ua.about_us
            FROM master_search_mastersearchindex msi
            LEFT JOIN user_accounts ua ON msi.user_name = ua.username
            WHERE msi.is_live = TRUE
             AND LOWER(msi.category_text) LIKE %s
                AND (LOWER(msi.title) LIKE %s OR LOWER(msi.content) LIKE %s)
                ORDER BY 
                    (CASE WHEN ua.package_id > 0 THEN 0 ELSE 1 END),
                    CASE 
                        WHEN LOWER(msi.title) = %s THEN 0
                        WHEN LOWER(msi.title) LIKE %s THEN 1
                        ELSE 2
                    END,
                    msi.id DESC
                LIMIT 100
                
2026-04-15 01:16:51,011 | INFO | ai-websocket | Params: ['%article%', '%what welbilt%', '%what welbilt%', 'what welbilt', '%what welbilt%']
2026-04-15 01:16:51,971 | INFO | ai-websocket | [DB RAW COUNT]: 0 results found in database
2026-04-15 01:16:51,971 | INFO | ai-websocket | [SEARCH STAGE]: Full phrase failed. Trying AND condition for words: ['what', 'welbilt']
2026-04-15 01:16:51,973 | INFO | ai-websocket | --- STARTING DB EXECUTION ---
2026-04-15 01:16:51,973 | INFO | ai-websocket | SQL: 
            SELECT msi.title, msi.content, msi.category_text, msi.location_text, msi.slug, ua.package_id,ua.about_us
            FROM master_search_mastersearchindex msi
            LEFT JOIN user_accounts ua ON msi.user_name = ua.username
            WHERE msi.is_live = TRUE
             AND LOWER(msi.category_text) LIKE %s AND (LOWER(msi.title) LIKE %s OR LOWER(msi.content) LIKE %s) AND (LOWER(msi.title) LIKE %s OR LOWER(msi.content) LIKE %s) ORDER BY (CASE WHEN ua.package_id > 0 THEN 0 ELSE 1 END), msi.id DESC LIMIT 100
2026-04-15 01:16:51,974 | INFO | ai-websocket | Params: ['%article%', '%what%', '%what%', '%welbilt%', '%welbilt%']
2026-04-15 01:16:52,452 | INFO | ai-websocket | [DB RAW COUNT]: 4 results found in database
2026-04-15 01:16:52,452 | INFO | ai-websocket | --- RAW RESULTS BEFORE SORTING ---
2026-04-15 01:16:52,452 | INFO | ai-websocket | Row 1: WMAXX DISHWASHERS | Paid: True | PkgID: 8
2026-04-15 01:16:52,452 | INFO | ai-websocket | Row 2: MERRYCHEF OVEN SELECTOR | Paid: True | PkgID: 8
2026-04-15 01:16:52,452 | INFO | ai-websocket | Row 3: MERRYCHEF CONNEX | Paid: True | PkgID: 8
2026-04-15 01:16:52,452 | INFO | ai-websocket | Row 4: FRYMASTER fryers - a complete line of superior-quality fryers | Paid: True | PkgID: 8
2026-04-15 01:16:52,452 | INFO | ai-websocket | --- RESULTS AFTER PRIORITY SORTING ---
2026-04-15 01:16:52,452 | INFO | ai-websocket | Sorted 1: WMAXX DISHWASHERS | Paid: True
2026-04-15 01:16:52,452 | INFO | ai-websocket | Sorted 2: MERRYCHEF OVEN SELECTOR | Paid: True
2026-04-15 01:16:52,452 | INFO | ai-websocket | Sorted 3: MERRYCHEF CONNEX | Paid: True
2026-04-15 01:16:52,452 | INFO | ai-websocket | Sorted 4: FRYMASTER fryers - a complete line of superior-quality fryers | Paid: True
2026-04-15 01:16:52,452 | INFO | ai-websocket | [SEARCH RESULT]: Successfully returning 4 results from DB
2026-04-15 01:16:53,234 | INFO | ai-websocket | --- LLM STREAMING STARTED ---
2026-04-15 01:16:57,290 | ERROR | ai-websocket | [LLM ERROR] HTTPConnectionPool(host='localhost', port=11434): Max retries exceeded with url: /api/generate (Caused by NewConnectionError("HTTPConnection(host='localhost', port=11434): Failed to establish a new connection: [WinError 10061] No connection could be made because the target machine actively refused it"))
2026-04-15 01:17:58,717 | WARNING | ai-websocket | [WS DISCONNECTED]
2026-04-15 01:19:05,675 | INFO | ai-websocket | [WS CONNECT] Origin: None
2026-04-15 01:19:07,668 | DEBUG | ai-websocket | [WS RECEIVED] Raw Data: {'query': 'what is welbilt', 'user_id': 402981, 'org_id': 1, 'conversation_id': 579}
2026-04-15 01:19:07,668 | INFO | ai-websocket | [QUERY] User:402981 Org:1 : what is welbilt
2026-04-15 01:19:07,673 | DEBUG | ai-websocket | [CONVERSATION] ID: 579
2026-04-15 01:19:45,474 | INFO | ai-websocket | Intent detected: {'intent': 'SEARCH', 'type': 'company', 'keywords': 'welbilt', 'location': '', 'rephrased_query': 'what is welbilt'}
2026-04-15 01:19:45,474 | DEBUG | ai-websocket | [INTENT] {'intent': 'SEARCH', 'type': 'company', 'keywords': 'welbilt', 'location': '', 'rephrased_query': 'what is welbilt'}
2026-04-15 01:19:45,474 | DEBUG | ai-websocket | [BASE QUERY] welbilt
2026-04-15 01:20:05,999 | INFO | ai-websocket | [FOLLOWUP DETECT] {'is_followup': False, 'type': 'switch'}
2026-04-15 01:20:05,999 | INFO | ai-websocket | [FINAL QUERY] welbilt
2026-04-15 01:20:05,999 | INFO | ai-websocket | [INTENT TYPE] company | Location: 
2026-04-15 01:20:06,436 | INFO | ai-websocket | [SEARCH STAGE]: Trying Full Phrase Match for 'welbilt'
2026-04-15 01:20:06,436 | INFO | ai-websocket | --- STARTING DB EXECUTION ---
2026-04-15 01:20:06,436 | INFO | ai-websocket | SQL: 
            SELECT msi.title, msi.content, msi.category_text, msi.location_text, msi.slug, ua.package_id,ua.about_us
            FROM master_search_mastersearchindex msi
            LEFT JOIN user_accounts ua ON msi.user_name = ua.username
            WHERE msi.is_live = TRUE
             AND LOWER(msi.category_text) LIKE %s
                AND (LOWER(msi.title) LIKE %s OR LOWER(msi.content) LIKE %s)
                ORDER BY 
                    (CASE WHEN ua.package_id > 0 THEN 0 ELSE 1 END),
                    CASE 
                        WHEN LOWER(msi.title) = %s THEN 0
                        WHEN LOWER(msi.title) LIKE %s THEN 1
                        ELSE 2
                    END,
                    msi.id DESC
                LIMIT 100
                
2026-04-15 01:20:06,436 | INFO | ai-websocket | Params: ['%company%', '%welbilt%', '%welbilt%', 'welbilt', '%welbilt%']
2026-04-15 01:20:08,261 | INFO | ai-websocket | [DB RAW COUNT]: 1 results found in database
2026-04-15 01:20:08,261 | INFO | ai-websocket | --- RAW RESULTS BEFORE SORTING ---
2026-04-15 01:20:08,261 | INFO | ai-websocket | Row 1: WELBILT | Paid: False | PkgID: None
2026-04-15 01:20:08,269 | INFO | ai-websocket | --- RESULTS AFTER PRIORITY SORTING ---
2026-04-15 01:20:08,269 | INFO | ai-websocket | Sorted 1: WELBILT | Paid: False
2026-04-15 01:20:08,269 | INFO | ai-websocket | [SEARCH RESULT]: Successfully returning 1 results from DB
2026-04-15 01:20:10,157 | INFO | ai-websocket | --- ATTEMPTING INTRO EXTRACTION ---
2026-04-15 01:20:10,159 | WARNING | ai-websocket | FAILED: 'about_us' field is empty or too short in DB for WELBILT
2026-04-15 01:20:10,159 | INFO | ai-websocket | --- LLM STREAMING STARTED ---
2026-04-15 01:20:19,734 | INFO | ai-websocket | --- LLM STREAMING FINISHED ---
2026-04-15 01:20:19,734 | WARNING | ai-websocket | ALERT: LLM might have ignored the fixed intro.
2026-04-15 01:23:14,051 | DEBUG | ai-websocket | [WS RECEIVED] Raw Data: {'query': 'Yuni hunter', 'user_id': 402981, 'org_id': 1, 'conversation_id': 579}
2026-04-15 01:23:14,059 | INFO | ai-websocket | [QUERY] User:402981 Org:1 : Yuni hunter
2026-04-15 01:23:14,059 | DEBUG | ai-websocket | [CONVERSATION] ID: 579
2026-04-15 01:23:17,328 | INFO | ai-websocket | Intent detected: {'intent': 'SEARCH', 'type': 'job', 'keywords': 'yuni hunter', 'location': '', 'rephrased_query': 'yuni hunter'}
2026-04-15 01:23:17,328 | DEBUG | ai-websocket | [INTENT] {'intent': 'SEARCH', 'type': 'job', 'keywords': 'yuni hunter', 'location': '', 'rephrased_query': 'yuni hunter'}
2026-04-15 01:23:17,328 | DEBUG | ai-websocket | [BASE QUERY] yuni hunter
2026-04-15 01:23:20,575 | INFO | ai-websocket | [FOLLOWUP DETECT] {'is_followup': False, 'type': 'switch'}
2026-04-15 01:23:20,575 | INFO | ai-websocket | [FINAL QUERY] yuni hunter
2026-04-15 01:23:20,575 | INFO | ai-websocket | [INTENT TYPE] job | Location: 
2026-04-15 01:23:20,900 | INFO | ai-websocket | [SEARCH STAGE]: Trying Full Phrase Match for 'yuni hunter'
2026-04-15 01:23:20,900 | INFO | ai-websocket | --- STARTING DB EXECUTION ---
2026-04-15 01:23:20,907 | INFO | ai-websocket | SQL: 
            SELECT msi.title, msi.content, msi.category_text, msi.location_text, msi.slug, ua.package_id,ua.about_us
            FROM master_search_mastersearchindex msi
            LEFT JOIN user_accounts ua ON msi.user_name = ua.username
            WHERE msi.is_live = TRUE
             AND LOWER(msi.category_text) LIKE %s
                AND (LOWER(msi.title) LIKE %s OR LOWER(msi.content) LIKE %s)
                ORDER BY 
                    (CASE WHEN ua.package_id > 0 THEN 0 ELSE 1 END),
                    CASE 
                        WHEN LOWER(msi.title) = %s THEN 0
                        WHEN LOWER(msi.title) LIKE %s THEN 1
                        ELSE 2
                    END,
                    msi.id DESC
                LIMIT 100
                
2026-04-15 01:23:20,907 | INFO | ai-websocket | Params: ['%job%', '%yuni hunter%', '%yuni hunter%', 'yuni hunter', '%yuni hunter%']
2026-04-15 01:23:21,691 | INFO | ai-websocket | [DB RAW COUNT]: 0 results found in database
2026-04-15 01:23:21,691 | INFO | ai-websocket | [SEARCH STAGE]: Full phrase failed. Trying AND condition for words: ['yuni', 'hunter']
2026-04-15 01:23:21,691 | INFO | ai-websocket | --- STARTING DB EXECUTION ---
2026-04-15 01:23:21,691 | INFO | ai-websocket | SQL: 
            SELECT msi.title, msi.content, msi.category_text, msi.location_text, msi.slug, ua.package_id,ua.about_us
            FROM master_search_mastersearchindex msi
            LEFT JOIN user_accounts ua ON msi.user_name = ua.username
            WHERE msi.is_live = TRUE
             AND LOWER(msi.category_text) LIKE %s AND (LOWER(msi.title) LIKE %s OR LOWER(msi.content) LIKE %s) AND (LOWER(msi.title) LIKE %s OR LOWER(msi.content) LIKE %s) ORDER BY (CASE WHEN ua.package_id > 0 THEN 0 ELSE 1 END), msi.id DESC LIMIT 100
2026-04-15 01:23:21,691 | INFO | ai-websocket | Params: ['%job%', '%yuni%', '%yuni%', '%hunter%', '%hunter%']
2026-04-15 01:23:22,161 | INFO | ai-websocket | [DB RAW COUNT]: 0 results found in database
2026-04-15 01:23:22,161 | INFO | ai-websocket | [SEARCH STAGE]: AND match failed. Trying OR condition for words: ['yuni', 'hunter']
2026-04-15 01:23:22,161 | INFO | ai-websocket | --- STARTING DB EXECUTION ---
2026-04-15 01:23:22,161 | INFO | ai-websocket | SQL: 
            SELECT msi.title, msi.content, msi.category_text, msi.location_text, msi.slug, ua.package_id,ua.about_us
            FROM master_search_mastersearchindex msi
            LEFT JOIN user_accounts ua ON msi.user_name = ua.username
            WHERE msi.is_live = TRUE
             AND LOWER(msi.category_text) LIKE %s AND ((LOWER(msi.title) LIKE %s OR LOWER(msi.content) LIKE %s) OR (LOWER(msi.title) LIKE %s OR LOWER(msi.content) LIKE %s)) ORDER BY (CASE WHEN ua.package_id > 0 THEN 0 ELSE 1 END), msi.id DESC LIMIT 100
2026-04-15 01:23:22,161 | INFO | ai-websocket | Params: ['%job%', '%yuni%', '%yuni%', '%hunter%', '%hunter%']
2026-04-15 01:23:22,700 | INFO | ai-websocket | [DB RAW COUNT]: 5 results found in database
2026-04-15 01:23:22,700 | INFO | ai-websocket | --- RAW RESULTS BEFORE SORTING ---
2026-04-15 01:23:22,700 | INFO | ai-websocket | Row 1: Sales Hunter- Task Force | Paid: False | PkgID: None
2026-04-15 01:23:22,700 | INFO | ai-websocket | Row 2: Room Attendant - voco Kirkton Park Hunter Valley | Paid: False | PkgID: None
2026-04-15 01:23:22,700 | INFO | ai-websocket | Row 3: Food and Beverage Attendant - voco Kirkton Park Hunter Valley | Paid: False | PkgID: None
2026-04-15 01:23:22,700 | INFO | ai-websocket | Row 4: Food & Beverage Supervisor - voco Kirkton Park Hunter Valley | Paid: False | PkgID: None
2026-04-15 01:23:22,700 | INFO | ai-websocket | Row 5: Meetings & Events Planner | Paid: False | PkgID: None
2026-04-15 01:23:22,700 | INFO | ai-websocket | --- RESULTS AFTER PRIORITY SORTING ---
2026-04-15 01:23:22,700 | INFO | ai-websocket | Sorted 1: Sales Hunter- Task Force | Paid: False
2026-04-15 01:23:22,707 | INFO | ai-websocket | Sorted 2: Room Attendant - voco Kirkton Park Hunter Valley | Paid: False
2026-04-15 01:23:22,707 | INFO | ai-websocket | Sorted 3: Food and Beverage Attendant - voco Kirkton Park Hunter Valley | Paid: False
2026-04-15 01:23:22,707 | INFO | ai-websocket | Sorted 4: Food & Beverage Supervisor - voco Kirkton Park Hunter Valley | Paid: False
2026-04-15 01:23:22,707 | INFO | ai-websocket | Sorted 5: Meetings & Events Planner | Paid: False
2026-04-15 01:23:22,708 | INFO | ai-websocket | [SEARCH RESULT]: Successfully returning 5 results from DB
2026-04-15 01:23:23,973 | INFO | ai-websocket | --- LLM STREAMING STARTED ---
2026-04-15 01:23:43,515 | INFO | ai-websocket | --- LLM STREAMING FINISHED ---
2026-04-15 01:23:43,515 | WARNING | ai-websocket | ALERT: LLM might have ignored the fixed intro.
2026-04-15 01:23:46,311 | DEBUG | ai-websocket | [WS RECEIVED] Raw Data: {'query': 'HotelSmarters', 'user_id': 402981, 'org_id': 1, 'conversation_id': 579}
2026-04-15 01:23:46,313 | INFO | ai-websocket | [QUERY] User:402981 Org:1 : HotelSmarters
2026-04-15 01:23:46,313 | DEBUG | ai-websocket | [CONVERSATION] ID: 579
2026-04-15 01:23:51,144 | INFO | ai-websocket | Intent detected: {'intent': 'SEARCH', 'type': 'company', 'keywords': 'hotelsmarters', 'location': '', 'rephrased_query': 'hotelsmarters'}
2026-04-15 01:23:51,144 | DEBUG | ai-websocket | [INTENT] {'intent': 'SEARCH', 'type': 'company', 'keywords': 'hotelsmarters', 'location': '', 'rephrased_query': 'hotelsmarters'}
2026-04-15 01:23:51,144 | DEBUG | ai-websocket | [BASE QUERY] hotelsmarters
2026-04-15 01:23:54,841 | INFO | ai-websocket | [FOLLOWUP DETECT] {'is_followup': False, 'type': 'switch'}
2026-04-15 01:23:54,842 | INFO | ai-websocket | [FINAL QUERY] hotelsmarters
2026-04-15 01:23:54,842 | INFO | ai-websocket | [INTENT TYPE] company | Location: 
2026-04-15 01:23:55,158 | INFO | ai-websocket | [SEARCH STAGE]: Trying Full Phrase Match for 'hotelsmarters'
2026-04-15 01:23:55,158 | INFO | ai-websocket | --- STARTING DB EXECUTION ---
2026-04-15 01:23:55,158 | INFO | ai-websocket | SQL: 
            SELECT msi.title, msi.content, msi.category_text, msi.location_text, msi.slug, ua.package_id,ua.about_us
            FROM master_search_mastersearchindex msi
            LEFT JOIN user_accounts ua ON msi.user_name = ua.username
            WHERE msi.is_live = TRUE
             AND LOWER(msi.category_text) LIKE %s
                AND (LOWER(msi.title) LIKE %s OR LOWER(msi.content) LIKE %s)
                ORDER BY 
                    (CASE WHEN ua.package_id > 0 THEN 0 ELSE 1 END),
                    CASE 
                        WHEN LOWER(msi.title) = %s THEN 0
                        WHEN LOWER(msi.title) LIKE %s THEN 1
                        ELSE 2
                    END,
                    msi.id DESC
                LIMIT 100
                
2026-04-15 01:23:55,161 | INFO | ai-websocket | Params: ['%company%', '%hotelsmarters%', '%hotelsmarters%', 'hotelsmarters', '%hotelsmarters%']
2026-04-15 01:23:56,110 | INFO | ai-websocket | [DB RAW COUNT]: 1 results found in database
2026-04-15 01:23:56,110 | INFO | ai-websocket | --- RAW RESULTS BEFORE SORTING ---
2026-04-15 01:23:56,110 | INFO | ai-websocket | Row 1: HotelSmarters | Paid: False | PkgID: None
2026-04-15 01:23:56,110 | INFO | ai-websocket | --- RESULTS AFTER PRIORITY SORTING ---
2026-04-15 01:23:56,110 | INFO | ai-websocket | Sorted 1: HotelSmarters | Paid: False
2026-04-15 01:23:56,110 | INFO | ai-websocket | [SEARCH RESULT]: Successfully returning 1 results from DB
2026-04-15 01:23:57,513 | INFO | ai-websocket | --- ATTEMPTING INTRO EXTRACTION ---
2026-04-15 01:23:57,513 | WARNING | ai-websocket | FAILED: 'about_us' field is empty or too short in DB for HotelSmarters
2026-04-15 01:23:57,562 | INFO | ai-websocket | --- LLM STREAMING STARTED ---
2026-04-15 01:24:08,005 | INFO | ai-websocket | --- LLM STREAMING FINISHED ---
2026-04-15 01:24:08,006 | WARNING | ai-websocket | ALERT: LLM might have ignored the fixed intro.
2026-04-15 01:24:10,973 | WARNING | ai-websocket | [WS DISCONNECTED]
2026-04-15 01:46:16,943 | INFO | ai-websocket | [WS CONNECT] Origin: None
2026-04-15 01:46:18,533 | DEBUG | ai-websocket | [WS RECEIVED] Raw Data: {'query': 'HotelSmarters', 'user_id': 402981, 'org_id': 1, 'conversation_id': 579}
2026-04-15 01:46:18,533 | INFO | ai-websocket | [QUERY] User:402981 Org:1 : HotelSmarters
2026-04-15 01:46:18,540 | DEBUG | ai-websocket | [CONVERSATION] ID: 579
2026-04-15 01:47:01,316 | ERROR | ai-websocket | Intent error: ('Connection aborted.', ConnectionResetError(10054, 'An existing connection was forcibly closed by the remote host', None, 10054, None))
2026-04-15 01:47:01,319 | DEBUG | ai-websocket | [INTENT] {'intent': 'SEARCH', 'type': 'article', 'keywords': 'hotelsmarters', 'location': '', 'rephrased_query': 'hotelsmarters'}
2026-04-15 01:47:01,319 | DEBUG | ai-websocket | [BASE QUERY] hotelsmarters
2026-04-15 01:47:07,131 | ERROR | ai-websocket | Followup detect error: HTTPConnectionPool(host='localhost', port=11434): Max retries exceeded with url: /api/generate (Caused by NewConnectionError("HTTPConnection(host='localhost', port=11434): Failed to establish a new connection: [WinError 10061] No connection could be made because the target machine actively refused it"))
2026-04-15 01:47:07,133 | INFO | ai-websocket | [FOLLOWUP DETECT] {'is_followup': False, 'type': 'switch'}
2026-04-15 01:47:07,133 | INFO | ai-websocket | [FINAL QUERY] hotelsmarters
2026-04-15 01:47:07,133 | INFO | ai-websocket | [INTENT TYPE] article | Location: 
2026-04-15 01:47:07,503 | INFO | ai-websocket | [SEARCH STAGE]: Trying Full Phrase Match for 'hotelsmarters'
2026-04-15 01:47:07,504 | INFO | ai-websocket | --- STARTING DB EXECUTION ---
2026-04-15 01:47:07,505 | INFO | ai-websocket | SQL: 
            SELECT msi.title, msi.content, msi.category_text, msi.location_text, msi.slug, ua.package_id,ua.about_us
            FROM master_search_mastersearchindex msi
            LEFT JOIN user_accounts ua ON msi.user_name = ua.username
            WHERE msi.is_live = TRUE
             AND LOWER(msi.category_text) LIKE %s
                AND (LOWER(msi.title) LIKE %s OR LOWER(msi.content) LIKE %s)
                ORDER BY 
                    (CASE WHEN ua.package_id > 0 THEN 0 ELSE 1 END),
                    CASE 
                        WHEN LOWER(msi.title) = %s THEN 0
                        WHEN LOWER(msi.title) LIKE %s THEN 1
                        ELSE 2
                    END,
                    msi.id DESC
                LIMIT 100
                
2026-04-15 01:47:07,515 | INFO | ai-websocket | Params: ['%article%', '%hotelsmarters%', '%hotelsmarters%', 'hotelsmarters', '%hotelsmarters%']
2026-04-15 01:47:08,440 | INFO | ai-websocket | [DB RAW COUNT]: 0 results found in database
2026-04-15 01:47:08,440 | INFO | ai-websocket | [SEARCH STAGE]: Full phrase failed. Trying AND condition for words: ['hotelsmarters']
2026-04-15 01:47:08,440 | INFO | ai-websocket | --- STARTING DB EXECUTION ---
2026-04-15 01:47:08,440 | INFO | ai-websocket | SQL: 
            SELECT msi.title, msi.content, msi.category_text, msi.location_text, msi.slug, ua.package_id,ua.about_us
            FROM master_search_mastersearchindex msi
            LEFT JOIN user_accounts ua ON msi.user_name = ua.username
            WHERE msi.is_live = TRUE
             AND LOWER(msi.category_text) LIKE %s AND (LOWER(msi.title) LIKE %s OR LOWER(msi.content) LIKE %s) ORDER BY (CASE WHEN ua.package_id > 0 THEN 0 ELSE 1 END), msi.id DESC LIMIT 100
2026-04-15 01:47:08,440 | INFO | ai-websocket | Params: ['%article%', '%hotelsmarters%', '%hotelsmarters%']
2026-04-15 01:47:08,909 | INFO | ai-websocket | [DB RAW COUNT]: 0 results found in database
2026-04-15 01:47:08,919 | INFO | ai-websocket | [SEARCH STAGE]: AND match failed. Trying OR condition for words: ['hotelsmarters']
2026-04-15 01:47:08,919 | INFO | ai-websocket | --- STARTING DB EXECUTION ---
2026-04-15 01:47:08,919 | INFO | ai-websocket | SQL: 
            SELECT msi.title, msi.content, msi.category_text, msi.location_text, msi.slug, ua.package_id,ua.about_us
            FROM master_search_mastersearchindex msi
            LEFT JOIN user_accounts ua ON msi.user_name = ua.username
            WHERE msi.is_live = TRUE
             AND LOWER(msi.category_text) LIKE %s AND ((LOWER(msi.title) LIKE %s OR LOWER(msi.content) LIKE %s)) ORDER BY (CASE WHEN ua.package_id > 0 THEN 0 ELSE 1 END), msi.id DESC LIMIT 100
2026-04-15 01:47:08,922 | INFO | ai-websocket | Params: ['%article%', '%hotelsmarters%', '%hotelsmarters%']
2026-04-15 01:47:09,425 | INFO | ai-websocket | [DB RAW COUNT]: 0 results found in database
2026-04-15 01:47:09,425 | WARNING | ai-websocket | [SEARCH RESULT]: No records found in DB for query 'hotelsmarters'
2026-04-15 01:47:11,241 | WARNING | ai-websocket | [NO RESULTS] - switching to AI mode
2026-04-15 01:47:15,313 | ERROR | ai-websocket | [AI FALLBACK ERROR] HTTPConnectionPool(host='localhost', port=11434): Max retries exceeded with url: /api/generate (Caused by NewConnectionError("HTTPConnection(host='localhost', port=11434): Failed to establish a new connection: [WinError 10061] No connection could be made because the target machine actively refused it"))
2026-04-15 01:48:01,453 | WARNING | ai-websocket | [WS DISCONNECTED]
2026-04-15 01:49:13,174 | INFO | ai-websocket | [WS CONNECT] Origin: None
2026-04-15 01:49:15,372 | DEBUG | ai-websocket | [WS RECEIVED] Raw Data: {'query': 'HotelSmarters', 'user_id': 402981, 'org_id': 1, 'conversation_id': 579}
2026-04-15 01:49:15,372 | INFO | ai-websocket | [QUERY] User:402981 Org:1 : HotelSmarters
2026-04-15 01:49:15,372 | DEBUG | ai-websocket | [CONVERSATION] ID: 579
2026-04-15 01:49:29,195 | INFO | ai-websocket | Intent detected: {'intent': 'SEARCH', 'type': 'company', 'keywords': 'hotelsmarters', 'location': '', 'rephrased_query': 'hotelsmarters'}
2026-04-15 01:49:29,195 | DEBUG | ai-websocket | [INTENT] {'intent': 'SEARCH', 'type': 'company', 'keywords': 'hotelsmarters', 'location': '', 'rephrased_query': 'hotelsmarters'}
2026-04-15 01:49:29,195 | DEBUG | ai-websocket | [BASE QUERY] hotelsmarters
2026-04-15 01:49:46,594 | INFO | ai-websocket | [FOLLOWUP DETECT] {'is_followup': False, 'type': 'new topic'}
2026-04-15 01:49:46,594 | INFO | ai-websocket | [FINAL QUERY] hotelsmarters
2026-04-15 01:49:46,594 | INFO | ai-websocket | [INTENT TYPE] company | Location: 
2026-04-15 01:49:46,918 | INFO | ai-websocket | [SEARCH STAGE]: Trying Full Phrase Match for 'hotelsmarters'
2026-04-15 01:49:46,918 | INFO | ai-websocket | --- STARTING DB EXECUTION ---
2026-04-15 01:49:46,918 | INFO | ai-websocket | SQL: 
            SELECT msi.title, msi.content, msi.category_text, msi.location_text, msi.slug, ua.package_id,ua.about_us
            FROM master_search_mastersearchindex msi
            LEFT JOIN user_accounts ua ON msi.user_name = ua.username
            WHERE msi.is_live = TRUE
             AND LOWER(msi.category_text) LIKE %s
                AND (LOWER(msi.title) LIKE %s OR LOWER(msi.content) LIKE %s)
                ORDER BY 
                    (CASE WHEN ua.package_id > 0 THEN 0 ELSE 1 END),
                    CASE 
                        WHEN LOWER(msi.title) = %s THEN 0
                        WHEN LOWER(msi.title) LIKE %s THEN 1
                        ELSE 2
                    END,
                    msi.id DESC
                LIMIT 100
                
2026-04-15 01:49:46,918 | INFO | ai-websocket | Params: ['%company%', '%hotelsmarters%', '%hotelsmarters%', 'hotelsmarters', '%hotelsmarters%']
2026-04-15 01:49:47,704 | INFO | ai-websocket | [DB RAW COUNT]: 1 results found in database
2026-04-15 01:49:47,704 | INFO | ai-websocket | --- RAW RESULTS BEFORE SORTING ---
2026-04-15 01:49:47,704 | INFO | ai-websocket | Row 1: HotelSmarters | Paid: False | PkgID: None
2026-04-15 01:49:47,704 | INFO | ai-websocket | --- RESULTS AFTER PRIORITY SORTING ---
2026-04-15 01:49:47,704 | INFO | ai-websocket | Sorted 1: HotelSmarters | Paid: False
2026-04-15 01:49:47,704 | INFO | ai-websocket | [SEARCH RESULT]: Successfully returning 1 results from DB
2026-04-15 01:49:48,275 | INFO | ai-websocket | --- ATTEMPTING INTRO EXTRACTION ---
2026-04-15 01:49:48,275 | WARNING | ai-websocket | FAILED: No valid 'about_us' found in top results for hotelsmarters
2026-04-15 01:49:48,279 | INFO | ai-websocket | --- LLM STREAMING STARTED ---
2026-04-15 01:49:57,064 | INFO | ai-websocket | --- LLM STREAMING FINISHED ---
2026-04-15 01:49:57,066 | WARNING | ai-websocket | ALERT: LLM might have ignored the fixed intro.
2026-04-15 01:50:25,031 | WARNING | ai-websocket | [WS DISCONNECTED]
2026-04-15 01:51:24,479 | INFO | ai-websocket | [WS CONNECT] Origin: None
2026-04-15 01:51:25,516 | DEBUG | ai-websocket | [WS RECEIVED] Raw Data: {'query': 'HotelSmarters', 'user_id': 402981, 'org_id': 1, 'conversation_id': 579}
2026-04-15 01:51:25,516 | INFO | ai-websocket | [QUERY] User:402981 Org:1 : HotelSmarters
2026-04-15 01:51:25,516 | DEBUG | ai-websocket | [CONVERSATION] ID: 579
2026-04-15 01:51:28,906 | INFO | ai-websocket | Intent detected: {'intent': 'SEARCH', 'type': 'company', 'keywords': 'hotelsmarters', 'location': '', 'rephrased_query': 'hotelsmarters'}
2026-04-15 01:51:28,909 | DEBUG | ai-websocket | [INTENT] {'intent': 'SEARCH', 'type': 'company', 'keywords': 'hotelsmarters', 'location': '', 'rephrased_query': 'hotelsmarters'}
2026-04-15 01:51:28,909 | DEBUG | ai-websocket | [BASE QUERY] hotelsmarters
2026-04-15 01:51:33,571 | INFO | ai-websocket | [FOLLOWUP DETECT] {'is_followup': False, 'type': 'switch'}
2026-04-15 01:51:33,573 | INFO | ai-websocket | [FINAL QUERY] hotelsmarters
2026-04-15 01:51:33,573 | INFO | ai-websocket | [INTENT TYPE] company | Location: 
2026-04-15 01:51:33,885 | INFO | ai-websocket | [SEARCH STAGE]: Trying Full Phrase Match for 'hotelsmarters'
2026-04-15 01:51:33,897 | INFO | ai-websocket | --- STARTING DB EXECUTION ---
2026-04-15 01:51:33,897 | INFO | ai-websocket | SQL: 
            SELECT msi.title, msi.content, msi.category_text, msi.location_text, msi.slug, ua.package_id,ua.about_us
            FROM master_search_mastersearchindex msi
            LEFT JOIN user_accounts ua ON msi.user_name = ua.username
            WHERE msi.is_live = TRUE
             AND LOWER(msi.category_text) LIKE %s
                AND (LOWER(msi.title) LIKE %s OR LOWER(msi.content) LIKE %s)
                ORDER BY 
                    (CASE WHEN ua.package_id > 0 THEN 0 ELSE 1 END),
                    CASE 
                        WHEN LOWER(msi.title) = %s THEN 0
                        WHEN LOWER(msi.title) LIKE %s THEN 1
                        ELSE 2
                    END,
                    msi.id DESC
                LIMIT 100
                
2026-04-15 01:51:33,898 | INFO | ai-websocket | Params: ['%company%', '%hotelsmarters%', '%hotelsmarters%', 'hotelsmarters', '%hotelsmarters%']
2026-04-15 01:51:34,686 | INFO | ai-websocket | [DB RAW COUNT]: 1 results found in database
2026-04-15 01:51:34,686 | INFO | ai-websocket | --- RAW RESULTS BEFORE SORTING ---
2026-04-15 01:51:34,686 | INFO | ai-websocket | Row 1: HotelSmarters | Paid: False | PkgID: None
2026-04-15 01:51:34,686 | INFO | ai-websocket | --- RESULTS AFTER PRIORITY SORTING ---
2026-04-15 01:51:34,686 | INFO | ai-websocket | Sorted 1: HotelSmarters | Paid: False
2026-04-15 01:51:34,686 | INFO | ai-websocket | [SEARCH RESULT]: Successfully returning 1 results from DB
2026-04-15 01:51:35,471 | INFO | ai-websocket | --- ATTEMPTING INTRO EXTRACTION ---
2026-04-15 01:51:35,473 | WARNING | ai-websocket | FAILED: No valid 'about_us' found in top results for hotelsmarters
2026-04-15 01:51:35,473 | INFO | ai-websocket | --- LLM STREAMING STARTED ---
2026-04-15 01:51:44,409 | INFO | ai-websocket | --- LLM STREAMING FINISHED ---
2026-04-15 01:51:44,409 | WARNING | ai-websocket | ALERT: LLM might have ignored the fixed intro.
2026-04-15 01:58:05,863 | WARNING | ai-websocket | [WS DISCONNECTED]
2026-04-15 02:00:32,532 | INFO | ai-websocket | [WS CONNECT] Origin: None
2026-04-15 02:00:33,549 | DEBUG | ai-websocket | [WS RECEIVED] Raw Data: {'query': 'HotelSmarters', 'user_id': 402981, 'org_id': 1, 'conversation_id': 579}
2026-04-15 02:00:33,549 | INFO | ai-websocket | [QUERY] User:402981 Org:1 : HotelSmarters
2026-04-15 02:00:33,549 | DEBUG | ai-websocket | [CONVERSATION] ID: 579
2026-04-15 02:00:56,529 | INFO | ai-websocket | Intent detected: {'intent': 'SEARCH', 'type': 'company', 'keywords': 'hotelsmarters', 'location': '', 'rephrased_query': 'hotelsmarters'}
2026-04-15 02:00:56,532 | DEBUG | ai-websocket | [INTENT] {'intent': 'SEARCH', 'type': 'company', 'keywords': 'hotelsmarters', 'location': '', 'rephrased_query': 'hotelsmarters'}
2026-04-15 02:00:56,532 | DEBUG | ai-websocket | [BASE QUERY] hotelsmarters
2026-04-15 02:01:05,134 | INFO | ai-websocket | [FOLLOWUP DETECT] {'is_followup': False, 'type': 'new topic'}
2026-04-15 02:01:05,136 | INFO | ai-websocket | [FINAL QUERY] hotelsmarters
2026-04-15 02:01:05,136 | INFO | ai-websocket | [INTENT TYPE] company | Location: 
2026-04-15 02:01:05,658 | INFO | ai-websocket | [SEARCH STAGE]: Trying Full Phrase Match for 'hotelsmarters'
2026-04-15 02:01:05,658 | INFO | ai-websocket | --- STARTING DB EXECUTION ---
2026-04-15 02:01:05,658 | INFO | ai-websocket | SQL: 
            SELECT msi.title, msi.content, msi.category_text, msi.location_text, msi.slug, ua.package_id,ua.about_us
            FROM master_search_mastersearchindex msi
            LEFT JOIN user_accounts ua ON msi.user_name = ua.username
            WHERE msi.is_live = TRUE
             AND LOWER(msi.category_text) LIKE %s
                AND (LOWER(msi.title) LIKE %s OR LOWER(msi.content) LIKE %s)
                ORDER BY 
                    (CASE WHEN ua.package_id > 0 THEN 0 ELSE 1 END),
                    CASE 
                        WHEN LOWER(msi.title) = %s THEN 0
                        WHEN LOWER(msi.title) LIKE %s THEN 1
                        ELSE 2
                    END,
                    msi.id DESC
                LIMIT 100
                
2026-04-15 02:01:05,663 | INFO | ai-websocket | Params: ['%company%', '%hotelsmarters%', '%hotelsmarters%', 'hotelsmarters', '%hotelsmarters%']
2026-04-15 02:01:07,816 | INFO | ai-websocket | [DB RAW COUNT]: 1 results found in database
2026-04-15 02:01:07,816 | INFO | ai-websocket | --- RAW RESULTS BEFORE SORTING ---
2026-04-15 02:01:07,819 | INFO | ai-websocket | Row 1: HotelSmarters | Paid: False | PkgID: None
2026-04-15 02:01:07,819 | INFO | ai-websocket | --- RESULTS AFTER PRIORITY SORTING ---
2026-04-15 02:01:07,819 | INFO | ai-websocket | Sorted 1: HotelSmarters | Paid: False
2026-04-15 02:01:07,819 | INFO | ai-websocket | [SEARCH RESULT]: Successfully returning 1 results from DB
2026-04-15 02:01:09,796 | INFO | ai-websocket | --- ATTEMPTING INTRO EXTRACTION ---
2026-04-15 02:01:09,796 | WARNING | ai-websocket | FAILED: Valid 'about_us' not found in top results
2026-04-15 02:01:09,801 | INFO | ai-websocket | --- LLM STREAMING STARTED ---
2026-04-15 02:01:19,171 | INFO | ai-websocket | --- LLM STREAMING FINISHED ---
2026-04-15 02:01:19,171 | WARNING | ai-websocket | ALERT: LLM might have ignored the fixed intro.
2026-04-15 02:03:59,607 | WARNING | ai-websocket | [WS DISCONNECTED]
2026-04-15 02:06:28,394 | INFO | ai-websocket | [WS CONNECT] Origin: None
2026-04-15 02:06:29,998 | DEBUG | ai-websocket | [WS RECEIVED] Raw Data: {'query': 'HotelSmarters', 'user_id': 402981, 'org_id': 1, 'conversation_id': 579}
2026-04-15 02:06:29,999 | INFO | ai-websocket | [QUERY] User:402981 Org:1 : HotelSmarters
2026-04-15 02:06:29,999 | DEBUG | ai-websocket | [CONVERSATION] ID: 579
2026-04-15 02:06:39,974 | INFO | ai-websocket | Intent detected: {'intent': 'SEARCH', 'type': 'company', 'keywords': 'hotelsmarters', 'location': '', 'rephrased_query': 'hotelsmarters'}
2026-04-15 02:06:39,985 | DEBUG | ai-websocket | [INTENT] {'intent': 'SEARCH', 'type': 'company', 'keywords': 'hotelsmarters', 'location': '', 'rephrased_query': 'hotelsmarters'}
2026-04-15 02:06:39,986 | DEBUG | ai-websocket | [BASE QUERY] hotelsmarters
2026-04-15 02:06:46,070 | INFO | ai-websocket | [FOLLOWUP DETECT] {'is_followup': False, 'type': 'new topic'}
2026-04-15 02:06:46,072 | INFO | ai-websocket | [FINAL QUERY] hotelsmarters
2026-04-15 02:06:46,073 | INFO | ai-websocket | [INTENT TYPE] company | Location: 
2026-04-15 02:06:46,397 | INFO | ai-websocket | [SEARCH STAGE]: Trying Full Phrase Match for 'hotelsmarters'
2026-04-15 02:06:46,398 | INFO | ai-websocket | --- STARTING DB EXECUTION ---
2026-04-15 02:06:46,399 | INFO | ai-websocket | SQL: 
            SELECT msi.title, msi.content, msi.category_text, msi.location_text, msi.slug, ua.package_id,ua.about_us
            FROM master_search_mastersearchindex msi
            LEFT JOIN user_accounts ua ON msi.user_name = ua.username
            WHERE msi.is_live = TRUE
             AND LOWER(msi.category_text) LIKE %s
                AND (LOWER(msi.title) LIKE %s OR LOWER(msi.content) LIKE %s)
                ORDER BY 
                    (CASE WHEN ua.package_id > 0 THEN 0 ELSE 1 END),
                    CASE 
                        WHEN LOWER(msi.title) = %s THEN 0
                        WHEN LOWER(msi.title) LIKE %s THEN 1
                        ELSE 2
                    END,
                    msi.id DESC
                LIMIT 100
                
2026-04-15 02:06:46,399 | INFO | ai-websocket | Params: ['%company%', '%hotelsmarters%', '%hotelsmarters%', 'hotelsmarters', '%hotelsmarters%']
2026-04-15 02:06:48,642 | INFO | ai-websocket | [DB RAW COUNT]: 1 results found in database
2026-04-15 02:06:48,644 | INFO | ai-websocket | --- RAW RESULTS BEFORE SORTING ---
2026-04-15 02:06:48,647 | INFO | ai-websocket | Row 1: HotelSmarters | Paid: False | PkgID: None
2026-04-15 02:06:48,647 | INFO | ai-websocket | --- RESULTS AFTER PRIORITY SORTING ---
2026-04-15 02:06:48,647 | INFO | ai-websocket | Sorted 1: HotelSmarters | Paid: False
2026-04-15 02:06:48,649 | INFO | ai-websocket | [SEARCH RESULT]: Successfully returning 1 results from DB
2026-04-15 02:06:50,825 | INFO | ai-websocket | --- STARTING UNIVERSAL EXTRACTION (1 results) ---
2026-04-15 02:06:50,825 | DEBUG | ai-websocket | Result has no about_us field, checking next...
2026-04-15 02:06:50,825 | WARNING | ai-websocket | ALERT: No valid intro could be built for hotelsmarters
2026-04-15 02:06:50,829 | INFO | ai-websocket | --- LLM STREAMING STARTED ---
2026-04-15 02:06:59,407 | INFO | ai-websocket | --- LLM STREAMING FINISHED ---
2026-04-15 02:06:59,411 | WARNING | ai-websocket | ALERT: LLM might have ignored the fixed intro.
2026-04-15 02:41:03,174 | WARNING | ai-websocket | [WS DISCONNECTED]
2026-04-15 02:42:01,656 | INFO | ai-websocket | [WS CONNECT] Origin: None
2026-04-15 02:42:02,702 | DEBUG | ai-websocket | [WS RECEIVED] Raw Data: {'query': 'HotelSmarters', 'user_id': 402981, 'org_id': 1, 'conversation_id': 579}
2026-04-15 02:42:02,704 | INFO | ai-websocket | [QUERY] User:402981 Org:1 : HotelSmarters
2026-04-15 02:42:02,704 | DEBUG | ai-websocket | [CONVERSATION] ID: 579
2026-04-15 02:42:29,154 | ERROR | ai-websocket | Intent error: ('Connection aborted.', ConnectionResetError(10054, 'An existing connection was forcibly closed by the remote host', None, 10054, None))
2026-04-15 02:42:29,155 | DEBUG | ai-websocket | [INTENT] {'intent': 'SEARCH', 'type': 'article', 'keywords': 'hotelsmarters', 'location': '', 'rephrased_query': 'hotelsmarters'}
2026-04-15 02:42:29,155 | DEBUG | ai-websocket | [BASE QUERY] hotelsmarters
2026-04-15 02:42:34,868 | ERROR | ai-websocket | Followup detect error: HTTPConnectionPool(host='localhost', port=11434): Max retries exceeded with url: /api/generate (Caused by NewConnectionError("HTTPConnection(host='localhost', port=11434): Failed to establish a new connection: [WinError 10061] No connection could be made because the target machine actively refused it"))
2026-04-15 02:42:34,869 | INFO | ai-websocket | [FOLLOWUP DETECT] {'is_followup': False, 'type': 'switch'}
2026-04-15 02:42:34,870 | INFO | ai-websocket | [FINAL QUERY] hotelsmarters
2026-04-15 02:42:34,870 | INFO | ai-websocket | [INTENT TYPE] article | Location: 
2026-04-15 02:42:35,187 | INFO | ai-websocket | [SEARCH STAGE]: Trying Full Phrase Match for 'hotelsmarters'
2026-04-15 02:42:35,187 | INFO | ai-websocket | --- STARTING DB EXECUTION ---
2026-04-15 02:42:35,187 | INFO | ai-websocket | SQL: 
            SELECT 
                msi.title, 
                msi.content, 
                msi.category_text, 
                msi.location_text, 
                msi.slug, 
                ua.package_id,
                COALESCE(NULLIF(ua.about_us, ''), msi.content, '') as about_us
            FROM master_search_mastersearchindex msi
            LEFT JOIN user_accounts ua ON (
                msi.user_name = ua.username 
                OR LOWER(msi.title) = LOWER(ua.company_name)
            )
            WHERE msi.is_live = TRUE
             AND LOWER(msi.category_text) LIKE %s
                AND (LOWER(msi.title) LIKE %s OR LOWER(msi.content) LIKE %s)
                ORDER BY 
                    (CASE WHEN ua.package_id > 0 THEN 0 ELSE 1 END),
                    CASE 
                        WHEN LOWER(msi.title) = %s THEN 0
                        WHEN LOWER(msi.title) LIKE %s THEN 1
                        ELSE 2
                    END,
                    msi.id DESC
                LIMIT 100
                
2026-04-15 02:42:35,188 | INFO | ai-websocket | Params: ['%article%', '%hotelsmarters%', '%hotelsmarters%', 'hotelsmarters', '%hotelsmarters%']
2026-04-15 02:42:37,049 | INFO | ai-websocket | [DB RAW COUNT]: 0 results found in database
2026-04-15 02:42:37,050 | INFO | ai-websocket | [SEARCH STAGE]: Full phrase failed. Trying AND condition for words: ['hotelsmarters']
2026-04-15 02:42:37,051 | INFO | ai-websocket | --- STARTING DB EXECUTION ---
2026-04-15 02:42:37,051 | INFO | ai-websocket | SQL: 
            SELECT 
                msi.title, 
                msi.content, 
                msi.category_text, 
                msi.location_text, 
                msi.slug, 
                ua.package_id,
                COALESCE(NULLIF(ua.about_us, ''), msi.content, '') as about_us
            FROM master_search_mastersearchindex msi
            LEFT JOIN user_accounts ua ON (
                msi.user_name = ua.username 
                OR LOWER(msi.title) = LOWER(ua.company_name)
            )
            WHERE msi.is_live = TRUE
             AND LOWER(msi.category_text) LIKE %s AND (LOWER(msi.title) LIKE %s OR LOWER(msi.content) LIKE %s) ORDER BY (CASE WHEN ua.package_id > 0 THEN 0 ELSE 1 END), msi.id DESC LIMIT 100
2026-04-15 02:42:37,051 | INFO | ai-websocket | Params: ['%article%', '%hotelsmarters%', '%hotelsmarters%']
2026-04-15 02:42:37,510 | INFO | ai-websocket | [DB RAW COUNT]: 0 results found in database
2026-04-15 02:42:37,511 | INFO | ai-websocket | [SEARCH STAGE]: AND match failed. Trying OR condition for words: ['hotelsmarters']
2026-04-15 02:42:37,511 | INFO | ai-websocket | --- STARTING DB EXECUTION ---
2026-04-15 02:42:37,512 | INFO | ai-websocket | SQL: 
            SELECT 
                msi.title, 
                msi.content, 
                msi.category_text, 
                msi.location_text, 
                msi.slug, 
                ua.package_id,
                COALESCE(NULLIF(ua.about_us, ''), msi.content, '') as about_us
            FROM master_search_mastersearchindex msi
            LEFT JOIN user_accounts ua ON (
                msi.user_name = ua.username 
                OR LOWER(msi.title) = LOWER(ua.company_name)
            )
            WHERE msi.is_live = TRUE
             AND LOWER(msi.category_text) LIKE %s AND ((LOWER(msi.title) LIKE %s OR LOWER(msi.content) LIKE %s)) ORDER BY (CASE WHEN ua.package_id > 0 THEN 0 ELSE 1 END), msi.id DESC LIMIT 100
2026-04-15 02:42:37,513 | INFO | ai-websocket | Params: ['%article%', '%hotelsmarters%', '%hotelsmarters%']
2026-04-15 02:42:38,015 | INFO | ai-websocket | [DB RAW COUNT]: 0 results found in database
2026-04-15 02:42:38,016 | WARNING | ai-websocket | [SEARCH RESULT]: No records found in DB for query 'hotelsmarters'
2026-04-15 02:42:38,326 | WARNING | ai-websocket | ALERT: No valid intro could be built for hotelsmarters
2026-04-15 02:42:38,327 | WARNING | ai-websocket | [NO RESULTS] - switching to AI mode
2026-04-15 02:42:42,446 | ERROR | ai-websocket | [AI FALLBACK ERROR] HTTPConnectionPool(host='localhost', port=11434): Max retries exceeded with url: /api/generate (Caused by NewConnectionError("HTTPConnection(host='localhost', port=11434): Failed to establish a new connection: [WinError 10061] No connection could be made because the target machine actively refused it"))
2026-04-15 02:43:07,304 | WARNING | ai-websocket | [WS DISCONNECTED]
2026-04-15 02:44:31,891 | INFO | ai-websocket | [WS CONNECT] Origin: None
2026-04-15 02:44:33,239 | DEBUG | ai-websocket | [WS RECEIVED] Raw Data: {'query': 'HotelSmarters', 'user_id': 402981, 'org_id': 1, 'conversation_id': 579}
2026-04-15 02:44:33,240 | INFO | ai-websocket | [QUERY] User:402981 Org:1 : HotelSmarters
2026-04-15 02:44:33,240 | DEBUG | ai-websocket | [CONVERSATION] ID: 579
2026-04-15 02:44:53,617 | INFO | ai-websocket | Intent detected: {'intent': 'SEARCH', 'type': 'company', 'keywords': 'hotelsmarters', 'location': '', 'rephrased_query': 'hotelsmarters'}
2026-04-15 02:44:53,617 | DEBUG | ai-websocket | [INTENT] {'intent': 'SEARCH', 'type': 'company', 'keywords': 'hotelsmarters', 'location': '', 'rephrased_query': 'hotelsmarters'}
2026-04-15 02:44:53,617 | DEBUG | ai-websocket | [BASE QUERY] hotelsmarters
2026-04-15 02:45:01,680 | INFO | ai-websocket | [FOLLOWUP DETECT] {'is_followup': False, 'type': 'new topic'}
2026-04-15 02:45:01,680 | INFO | ai-websocket | [FINAL QUERY] hotelsmarters
2026-04-15 02:45:01,680 | INFO | ai-websocket | [INTENT TYPE] company | Location: 
2026-04-15 02:45:01,993 | INFO | ai-websocket | [SEARCH STAGE]: Trying Full Phrase Match for 'hotelsmarters'
2026-04-15 02:45:01,993 | INFO | ai-websocket | --- STARTING DB EXECUTION ---
2026-04-15 02:45:01,993 | INFO | ai-websocket | SQL: 
            SELECT 
                msi.title, 
                msi.content, 
                msi.category_text, 
                msi.location_text, 
                msi.slug, 
                ua.package_id,
                COALESCE(NULLIF(ua.about_us, ''), msi.content, '') as about_us
            FROM master_search_mastersearchindex msi
            LEFT JOIN user_accounts ua ON (
                msi.user_name = ua.username 
                OR LOWER(msi.title) = LOWER(ua.company_name)
            )
            WHERE msi.is_live = TRUE
             AND LOWER(msi.category_text) LIKE %s
                AND (LOWER(msi.title) LIKE %s OR LOWER(msi.content) LIKE %s)
                ORDER BY 
                    (CASE WHEN ua.package_id > 0 THEN 0 ELSE 1 END),
                    CASE 
                        WHEN LOWER(msi.title) = %s THEN 0
                        WHEN LOWER(msi.title) LIKE %s THEN 1
                        ELSE 2
                    END,
                    msi.id DESC
                LIMIT 100
                
2026-04-15 02:45:01,993 | INFO | ai-websocket | Params: ['%company%', '%hotelsmarters%', '%hotelsmarters%', 'hotelsmarters', '%hotelsmarters%']
2026-04-15 02:45:04,748 | INFO | ai-websocket | [DB RAW COUNT]: 1 results found in database
2026-04-15 02:45:04,754 | INFO | ai-websocket | --- RAW RESULTS BEFORE SORTING ---
2026-04-15 02:45:04,754 | INFO | ai-websocket | Row 1: HotelSmarters | Paid: False | PkgID: None
2026-04-15 02:45:04,755 | INFO | ai-websocket | --- RESULTS AFTER PRIORITY SORTING ---
2026-04-15 02:45:04,755 | INFO | ai-websocket | Sorted 1: HotelSmarters | Paid: False
2026-04-15 02:45:04,756 | INFO | ai-websocket | [SEARCH RESULT]: Successfully returning 1 results from DB
2026-04-15 02:45:05,184 | INFO | ai-websocket | --- STARTING UNIVERSAL EXTRACTION (1 results) ---
2026-04-15 02:45:05,184 | INFO | ai-websocket | SUCCESS: Intro extracted for HotelSmarters
2026-04-15 02:45:05,184 | INFO | ai-websocket | Instruction attached to Prompt: [FIXED INTRO]
2026-04-15 02:45:05,184 | INFO | ai-websocket | --- LLM STREAMING STARTED ---
2026-04-15 02:45:15,152 | INFO | ai-websocket | --- LLM STREAMING FINISHED ---
2026-04-15 02:45:15,152 | INFO | ai-websocket | SUCCESS: DB Intro found in LLM response!
2026-04-15 02:46:10,069 | DEBUG | ai-websocket | [WS RECEIVED] Raw Data: {'query': 'Welbilt', 'user_id': 402981, 'org_id': 1, 'conversation_id': 579}
2026-04-15 02:46:10,069 | INFO | ai-websocket | [QUERY] User:402981 Org:1 : Welbilt
2026-04-15 02:46:10,069 | DEBUG | ai-websocket | [CONVERSATION] ID: 579
2026-04-15 02:46:13,289 | INFO | ai-websocket | Intent detected: {'intent': 'SEARCH', 'type': 'company', 'keywords': 'welbilt', 'location': '', 'rephrased_query': 'welbilt'}
2026-04-15 02:46:13,290 | DEBUG | ai-websocket | [INTENT] {'intent': 'SEARCH', 'type': 'company', 'keywords': 'welbilt', 'location': '', 'rephrased_query': 'welbilt'}
2026-04-15 02:46:13,290 | DEBUG | ai-websocket | [BASE QUERY] welbilt
2026-04-15 02:46:16,348 | ERROR | ai-websocket | Followup detect error: Expecting property name enclosed in double quotes: line 4 column 1 (char 51)
2026-04-15 02:46:16,349 | INFO | ai-websocket | [FOLLOWUP DETECT] {'is_followup': False, 'type': 'switch'}
2026-04-15 02:46:16,349 | INFO | ai-websocket | [FINAL QUERY] welbilt
2026-04-15 02:46:16,350 | INFO | ai-websocket | [INTENT TYPE] company | Location: 
2026-04-15 02:46:16,668 | INFO | ai-websocket | [SEARCH STAGE]: Trying Full Phrase Match for 'welbilt'
2026-04-15 02:46:16,669 | INFO | ai-websocket | --- STARTING DB EXECUTION ---
2026-04-15 02:46:16,670 | INFO | ai-websocket | SQL: 
            SELECT 
                msi.title, 
                msi.content, 
                msi.category_text, 
                msi.location_text, 
                msi.slug, 
                ua.package_id,
                COALESCE(NULLIF(ua.about_us, ''), msi.content, '') as about_us
            FROM master_search_mastersearchindex msi
            LEFT JOIN user_accounts ua ON (
                msi.user_name = ua.username 
                OR LOWER(msi.title) = LOWER(ua.company_name)
            )
            WHERE msi.is_live = TRUE
             AND LOWER(msi.category_text) LIKE %s
                AND (LOWER(msi.title) LIKE %s OR LOWER(msi.content) LIKE %s)
                ORDER BY 
                    (CASE WHEN ua.package_id > 0 THEN 0 ELSE 1 END),
                    CASE 
                        WHEN LOWER(msi.title) = %s THEN 0
                        WHEN LOWER(msi.title) LIKE %s THEN 1
                        ELSE 2
                    END,
                    msi.id DESC
                LIMIT 100
                
2026-04-15 02:46:16,671 | INFO | ai-websocket | Params: ['%company%', '%welbilt%', '%welbilt%', 'welbilt', '%welbilt%']
2026-04-15 02:46:17,773 | INFO | ai-websocket | [DB RAW COUNT]: 1 results found in database
2026-04-15 02:46:17,773 | INFO | ai-websocket | --- RAW RESULTS BEFORE SORTING ---
2026-04-15 02:46:17,774 | INFO | ai-websocket | Row 1: WELBILT | Paid: True | PkgID: 8
2026-04-15 02:46:17,775 | INFO | ai-websocket | --- RESULTS AFTER PRIORITY SORTING ---
2026-04-15 02:46:17,775 | INFO | ai-websocket | Sorted 1: WELBILT | Paid: True
2026-04-15 02:46:17,775 | INFO | ai-websocket | [SEARCH RESULT]: Successfully returning 1 results from DB
2026-04-15 02:46:18,717 | INFO | ai-websocket | --- STARTING UNIVERSAL EXTRACTION (1 results) ---
2026-04-15 02:46:18,718 | INFO | ai-websocket | SUCCESS: Intro extracted for WELBILT
2026-04-15 02:46:18,734 | INFO | ai-websocket | Instruction attached to Prompt: [FIXED INTRO]
2026-04-15 02:46:18,736 | INFO | ai-websocket | --- LLM STREAMING STARTED ---
2026-04-15 02:46:29,097 | INFO | ai-websocket | --- LLM STREAMING FINISHED ---
2026-04-15 02:46:29,097 | INFO | ai-websocket | SUCCESS: DB Intro found in LLM response!
2026-04-15 02:52:52,985 | WARNING | ai-websocket | [WS DISCONNECTED]
2026-04-15 02:53:45,138 | INFO | ai-websocket | [WS CONNECT] Origin: None
2026-04-15 02:53:46,016 | DEBUG | ai-websocket | [WS RECEIVED] Raw Data: {'query': 'Welbilt', 'user_id': 402981, 'org_id': 1, 'conversation_id': 579}
2026-04-15 02:53:46,016 | INFO | ai-websocket | [QUERY] User:402981 Org:1 : Welbilt
2026-04-15 02:53:46,017 | DEBUG | ai-websocket | [CONVERSATION] ID: 579
2026-04-15 02:54:27,741 | INFO | ai-websocket | Intent detected: {'intent': 'SEARCH', 'type': 'company', 'keywords': 'welbilt', 'location': '', 'rephrased_query': 'welbilt'}
2026-04-15 02:54:27,741 | DEBUG | ai-websocket | [INTENT] {'intent': 'SEARCH', 'type': 'company', 'keywords': 'welbilt', 'location': '', 'rephrased_query': 'welbilt'}
2026-04-15 02:54:27,741 | DEBUG | ai-websocket | [BASE QUERY] welbilt
2026-04-15 02:54:43,914 | INFO | ai-websocket | [FOLLOWUP DETECT] {'is_followup': False, 'type': 'new topic'}
2026-04-15 02:54:43,914 | INFO | ai-websocket | [FINAL QUERY] welbilt
2026-04-15 02:54:43,914 | INFO | ai-websocket | [INTENT TYPE] company | Location: 
2026-04-15 02:54:44,335 | INFO | ai-websocket | [SEARCH STAGE]: Trying Full Phrase Match for 'welbilt'
2026-04-15 02:54:44,335 | INFO | ai-websocket | --- STARTING DB EXECUTION ---
2026-04-15 02:54:44,335 | INFO | ai-websocket | SQL: 
            SELECT 
                msi.title, 
                msi.content, 
                msi.category_text, 
                msi.location_text, 
                msi.slug, 
                ua.package_id,
                COALESCE(NULLIF(ua.about_us, ''), msi.content, '') as about_us
            FROM master_search_mastersearchindex msi
            LEFT JOIN user_accounts ua ON (
                msi.user_name = ua.username 
                OR LOWER(msi.title) = LOWER(ua.company_name)
            )
            WHERE msi.is_live = TRUE
             AND LOWER(msi.category_text) LIKE %s
                AND (LOWER(msi.title) LIKE %s OR LOWER(msi.content) LIKE %s)
                ORDER BY 
                    (CASE WHEN ua.package_id > 0 THEN 0 ELSE 1 END),
                    CASE 
                        WHEN LOWER(msi.title) = %s THEN 0
                        WHEN LOWER(msi.title) LIKE %s THEN 1
                        ELSE 2
                    END,
                    msi.id DESC
                LIMIT 100
                
2026-04-15 02:54:44,335 | INFO | ai-websocket | Params: ['%company%', '%welbilt%', '%welbilt%', 'welbilt', '%welbilt%']
2026-04-15 02:54:47,355 | INFO | ai-websocket | [DB RAW COUNT]: 1 results found in database
2026-04-15 02:54:47,355 | INFO | ai-websocket | --- RAW RESULTS BEFORE SORTING ---
2026-04-15 02:54:47,355 | INFO | ai-websocket | Row 1: WELBILT | Paid: True | PkgID: 8
2026-04-15 02:54:47,359 | INFO | ai-websocket | --- RESULTS AFTER PRIORITY SORTING ---
2026-04-15 02:54:47,359 | INFO | ai-websocket | Sorted 1: WELBILT | Paid: True
2026-04-15 02:54:47,359 | INFO | ai-websocket | [SEARCH RESULT]: Successfully returning 1 results from DB
2026-04-15 02:54:48,384 | INFO | ai-websocket | --- STARTING UNIVERSAL EXTRACTION (1 results) ---
2026-04-15 02:54:48,384 | INFO | ai-websocket | SUCCESS: Intro extracted for WELBILT
2026-04-15 02:54:48,386 | INFO | ai-websocket | Instruction attached to Prompt: [FIXED INTRO]
2026-04-15 02:54:48,386 | INFO | ai-websocket | --- LLM STREAMING STARTED ---
2026-04-15 02:54:59,452 | INFO | ai-websocket | --- LLM STREAMING FINISHED ---
2026-04-15 02:54:59,452 | INFO | ai-websocket | SUCCESS: DB Intro found in LLM response!
2026-04-15 02:58:17,448 | WARNING | ai-websocket | [WS DISCONNECTED]
2026-04-15 03:00:11,354 | INFO | ai-websocket | [WS CONNECT] Origin: None
2026-04-15 03:00:12,776 | DEBUG | ai-websocket | [WS RECEIVED] Raw Data: {'query': 'Welbilt', 'user_id': 402981, 'org_id': 1, 'conversation_id': 579}
2026-04-15 03:00:12,776 | INFO | ai-websocket | [QUERY] User:402981 Org:1 : Welbilt
2026-04-15 03:00:12,777 | DEBUG | ai-websocket | [CONVERSATION] ID: 579
2026-04-15 03:00:22,080 | INFO | ai-websocket | Intent detected: {'intent': 'SEARCH', 'type': 'company', 'keywords': 'welbilt', 'location': '', 'rephrased_query': 'welbilt'}
2026-04-15 03:00:22,080 | DEBUG | ai-websocket | [INTENT] {'intent': 'SEARCH', 'type': 'company', 'keywords': 'welbilt', 'location': '', 'rephrased_query': 'welbilt'}
2026-04-15 03:00:22,080 | DEBUG | ai-websocket | [BASE QUERY] welbilt
2026-04-15 03:00:33,320 | INFO | ai-websocket | [FOLLOWUP DETECT] {'is_followup': False, 'type': 'new topic'}
2026-04-15 03:00:33,320 | INFO | ai-websocket | [FINAL QUERY] welbilt
2026-04-15 03:00:33,320 | INFO | ai-websocket | [INTENT TYPE] company | Location: 
2026-04-15 03:00:33,634 | INFO | ai-websocket | [SEARCH STAGE]: Trying Full Phrase Match for 'welbilt'
2026-04-15 03:00:33,634 | INFO | ai-websocket | --- STARTING DB EXECUTION ---
2026-04-15 03:00:33,634 | INFO | ai-websocket | SQL: 
            SELECT 
                msi.title, 
                msi.content, 
                msi.category_text, 
                msi.location_text, 
                msi.slug, 
                ua.package_id,
                COALESCE(NULLIF(ua.about_us, ''), msi.content, '') as about_us
            FROM master_search_mastersearchindex msi
            LEFT JOIN user_accounts ua ON (
                msi.user_name = ua.username 
                OR LOWER(msi.title) = LOWER(ua.company_name)
            )
            WHERE msi.is_live = TRUE
             AND LOWER(msi.category_text) LIKE %s
                AND (LOWER(msi.title) LIKE %s OR LOWER(msi.content) LIKE %s)
                ORDER BY 
                    (CASE WHEN ua.package_id > 0 THEN 0 ELSE 1 END),
                    CASE 
                        WHEN LOWER(msi.title) = %s THEN 0
                        WHEN LOWER(msi.title) LIKE %s THEN 1
                        ELSE 2
                    END,
                    msi.id DESC
                LIMIT 100
                
2026-04-15 03:00:33,639 | INFO | ai-websocket | Params: ['%company%', '%welbilt%', '%welbilt%', 'welbilt', '%welbilt%']
2026-04-15 03:00:35,602 | INFO | ai-websocket | [DB RAW COUNT]: 1 results found in database
2026-04-15 03:00:35,602 | INFO | ai-websocket | --- RAW RESULTS BEFORE SORTING ---
2026-04-15 03:00:35,602 | INFO | ai-websocket | Row 1: WELBILT | Paid: True | PkgID: 8
2026-04-15 03:00:35,602 | INFO | ai-websocket | --- RESULTS AFTER PRIORITY SORTING ---
2026-04-15 03:00:35,602 | INFO | ai-websocket | Sorted 1: WELBILT | Paid: True
2026-04-15 03:00:35,602 | INFO | ai-websocket | [SEARCH RESULT]: Successfully returning 1 results from DB
2026-04-15 03:00:37,117 | INFO | ai-websocket | --- STARTING UNIVERSAL EXTRACTION (1 results) ---
2026-04-15 03:00:37,117 | INFO | ai-websocket | SUCCESS: Intro extracted for WELBILT
2026-04-15 03:00:37,119 | INFO | ai-websocket | Instruction attached to Prompt: [FIXED INTRO]
2026-04-15 03:00:37,120 | INFO | ai-websocket | --- LLM STREAMING STARTED ---
2026-04-15 03:00:47,170 | INFO | ai-websocket | --- LLM STREAMING FINISHED ---
2026-04-15 03:00:47,171 | INFO | ai-websocket | SUCCESS: DB Intro found in LLM response!
2026-04-15 03:10:24,569 | WARNING | ai-websocket | [WS DISCONNECTED]
2026-04-15 03:11:30,448 | INFO | ai-websocket | [WS CONNECT] Origin: None
2026-04-15 03:11:31,314 | DEBUG | ai-websocket | [WS RECEIVED] Raw Data: {'query': 'Welbilt', 'user_id': 402981, 'org_id': 1, 'conversation_id': 579}
2026-04-15 03:11:31,314 | INFO | ai-websocket | [QUERY] User:402981 Org:1 : Welbilt
2026-04-15 03:11:31,314 | DEBUG | ai-websocket | [CONVERSATION] ID: 579
2026-04-15 03:11:47,247 | INFO | ai-websocket | Intent detected: {'intent': 'SEARCH', 'type': 'company', 'keywords': 'welbilt', 'location': '', 'rephrased_query': 'welbilt'}
2026-04-15 03:11:47,249 | DEBUG | ai-websocket | [INTENT] {'intent': 'SEARCH', 'type': 'company', 'keywords': 'welbilt', 'location': '', 'rephrased_query': 'welbilt'}
2026-04-15 03:11:47,253 | DEBUG | ai-websocket | [BASE QUERY] welbilt
2026-04-15 03:11:54,764 | ERROR | ai-websocket | Followup detect error: Expecting property name enclosed in double quotes: line 3 column 24 (char 49)
2026-04-15 03:11:54,764 | INFO | ai-websocket | [FOLLOWUP DETECT] {'is_followup': False, 'type': 'switch'}
2026-04-15 03:11:54,767 | INFO | ai-websocket | [FINAL QUERY] welbilt
2026-04-15 03:11:54,767 | INFO | ai-websocket | [INTENT TYPE] company | Location: 
2026-04-15 03:11:55,082 | INFO | ai-websocket | [SEARCH STAGE]: Trying Full Phrase Match for 'welbilt'
2026-04-15 03:11:55,082 | INFO | ai-websocket | --- STARTING DB EXECUTION ---
2026-04-15 03:11:55,082 | INFO | ai-websocket | SQL: 
            SELECT 
                msi.title, 
                msi.content, 
                msi.category_text, 
                msi.location_text, 
                msi.slug, 
                ua.package_id,
                COALESCE(NULLIF(ua.about_us, ''), msi.content, '') as about_us
            FROM master_search_mastersearchindex msi
            LEFT JOIN user_accounts ua ON (
                msi.user_name = ua.username 
                OR LOWER(msi.title) = LOWER(ua.company_name)
            )
            WHERE msi.is_live = TRUE
             AND LOWER(msi.category_text) LIKE %s
                AND (LOWER(msi.title) LIKE %s OR LOWER(msi.content) LIKE %s)
                ORDER BY 
                    (CASE WHEN ua.package_id > 0 THEN 0 ELSE 1 END),
                    CASE 
                        WHEN LOWER(msi.title) = %s THEN 0
                        WHEN LOWER(msi.title) LIKE %s THEN 1
                        ELSE 2
                    END,
                    msi.id DESC
                LIMIT 100
                
2026-04-15 03:11:55,086 | INFO | ai-websocket | Params: ['%company%', '%welbilt%', '%welbilt%', 'welbilt', '%welbilt%']
2026-04-15 03:11:57,138 | INFO | ai-websocket | [DB RAW COUNT]: 1 results found in database
2026-04-15 03:11:57,140 | INFO | ai-websocket | --- RAW RESULTS BEFORE SORTING ---
2026-04-15 03:11:57,140 | INFO | ai-websocket | Row 1: WELBILT | Paid: True | PkgID: 8
2026-04-15 03:11:57,140 | INFO | ai-websocket | --- RESULTS AFTER PRIORITY SORTING ---
2026-04-15 03:11:57,140 | INFO | ai-websocket | Sorted 1: WELBILT | Paid: True
2026-04-15 03:11:57,140 | INFO | ai-websocket | [SEARCH RESULT]: Successfully returning 1 results from DB
2026-04-15 03:12:00,266 | INFO | ai-websocket | --- STARTING UNIVERSAL EXTRACTION (1 results) ---
2026-04-15 03:12:00,268 | INFO | ai-websocket | SUCCESS: Intro extracted for WELBILT
2026-04-15 03:12:00,271 | INFO | ai-websocket | Instruction attached to Prompt: [FIXED INTRO]
2026-04-15 03:12:00,272 | INFO | ai-websocket | --- LLM STREAMING STARTED ---
2026-04-15 03:12:09,798 | INFO | ai-websocket | --- LLM STREAMING FINISHED ---
2026-04-15 03:12:09,799 | INFO | ai-websocket | SUCCESS: DB Intro found in LLM response!
2026-04-15 03:14:15,274 | WARNING | ai-websocket | [WS DISCONNECTED]
2026-04-15 03:15:16,320 | INFO | ai-websocket | [WS CONNECT] Origin: None
2026-04-15 03:15:17,593 | DEBUG | ai-websocket | [WS RECEIVED] Raw Data: {'query': 'Welbilt', 'user_id': 402981, 'org_id': 1, 'conversation_id': 579}
2026-04-15 03:15:17,594 | INFO | ai-websocket | [QUERY] User:402981 Org:1 : Welbilt
2026-04-15 03:15:17,594 | DEBUG | ai-websocket | [CONVERSATION] ID: 579
2026-04-15 03:15:23,984 | INFO | ai-websocket | Intent detected: {'intent': 'SEARCH', 'type': 'company', 'keywords': 'welbilt', 'location': '', 'rephrased_query': 'welbilt'}
2026-04-15 03:15:23,986 | DEBUG | ai-websocket | [INTENT] {'intent': 'SEARCH', 'type': 'company', 'keywords': 'welbilt', 'location': '', 'rephrased_query': 'welbilt'}
2026-04-15 03:15:23,988 | DEBUG | ai-websocket | [BASE QUERY] welbilt
2026-04-15 03:15:31,642 | ERROR | ai-websocket | Followup detect error: Expecting property name enclosed in double quotes: line 4 column 1 (char 49)
2026-04-15 03:15:31,643 | INFO | ai-websocket | [FOLLOWUP DETECT] {'is_followup': False, 'type': 'switch'}
2026-04-15 03:15:31,643 | INFO | ai-websocket | [FINAL QUERY] welbilt
2026-04-15 03:15:31,643 | INFO | ai-websocket | [INTENT TYPE] company | Location: 
2026-04-15 03:15:32,415 | INFO | ai-websocket | [SEARCH STAGE]: Trying Full Phrase Match for 'welbilt'
2026-04-15 03:15:32,415 | INFO | ai-websocket | --- STARTING DB EXECUTION ---
2026-04-15 03:15:32,420 | INFO | ai-websocket | SQL: 
            SELECT 
                msi.title, 
                msi.content, 
                msi.category_text, 
                msi.location_text, 
                msi.slug, 
                ua.package_id,
                COALESCE(NULLIF(ua.about_us, ''), msi.content, '') as about_us
            FROM master_search_mastersearchindex msi
            LEFT JOIN user_accounts ua ON (
                msi.user_name = ua.username 
                OR LOWER(msi.title) = LOWER(ua.company_name)
            )
            WHERE msi.is_live = TRUE
             AND LOWER(msi.category_text) LIKE %s
                AND (LOWER(msi.title) LIKE %s OR LOWER(msi.content) LIKE %s)
                ORDER BY 
                    (CASE WHEN ua.package_id > 0 THEN 0 ELSE 1 END),
                    CASE 
                        WHEN LOWER(msi.title) = %s THEN 0
                        WHEN LOWER(msi.title) LIKE %s THEN 1
                        ELSE 2
                    END,
                    msi.id DESC
                LIMIT 100
                
2026-04-15 03:15:32,422 | INFO | ai-websocket | Params: ['%company%', '%welbilt%', '%welbilt%', 'welbilt', '%welbilt%']
2026-04-15 03:15:34,559 | INFO | ai-websocket | [DB RAW COUNT]: 1 results found in database
2026-04-15 03:15:34,559 | INFO | ai-websocket | --- RAW RESULTS BEFORE SORTING ---
2026-04-15 03:15:34,559 | INFO | ai-websocket | Row 1: WELBILT | Paid: True | PkgID: 8
2026-04-15 03:15:34,559 | INFO | ai-websocket | --- RESULTS AFTER PRIORITY SORTING ---
2026-04-15 03:15:34,559 | INFO | ai-websocket | Sorted 1: WELBILT | Paid: True
2026-04-15 03:15:34,559 | INFO | ai-websocket | [SEARCH RESULT]: Successfully returning 1 results from DB
2026-04-15 03:15:36,435 | INFO | ai-websocket | --- STARTING UNIVERSAL EXTRACTION (1 results) ---
2026-04-15 03:15:36,435 | INFO | ai-websocket | SUCCESS: Intro extracted for WELBILT
2026-04-15 03:15:36,437 | INFO | ai-websocket | Instruction attached to Prompt: [FIXED INTRO]
2026-04-15 03:15:36,437 | INFO | ai-websocket | --- LLM STREAMING STARTED ---
2026-04-15 03:15:46,055 | INFO | ai-websocket | --- LLM STREAMING FINISHED ---
2026-04-15 03:15:46,055 | INFO | ai-websocket | SUCCESS: DB Intro found in LLM response!
2026-04-15 17:57:12,448 | INFO | ai-websocket | [WS CONNECT] Origin: None
2026-04-15 17:59:08,239 | DEBUG | ai-websocket | [WS RECEIVED] Raw Data: {'query': 'tell me about raj bhatt', 'user_id': 402981, 'org_id': 1, 'conversation_id': ''}
2026-04-15 17:59:08,241 | INFO | ai-websocket | [QUERY] User:402981 Org:1 : tell me about raj bhatt
2026-04-15 17:59:09,198 | DEBUG | ai-websocket | [CONVERSATION] ID: 585
2026-04-15 17:59:20,564 | INFO | ai-websocket | Intent detected: {'intent': 'SEARCH', 'type': 'PROFESSIONAL', 'keywords': 'raj bhatt', 'location': '', 'rephrased_query': 'tell me about raj bhatt'}
2026-04-15 17:59:20,565 | DEBUG | ai-websocket | [INTENT] {'intent': 'SEARCH', 'type': 'PROFESSIONAL', 'keywords': 'raj bhatt', 'location': '', 'rephrased_query': 'tell me about raj bhatt'}
2026-04-15 17:59:20,565 | DEBUG | ai-websocket | [BASE QUERY] raj bhatt
2026-04-15 17:59:36,122 | INFO | ai-websocket | [FOLLOWUP DETECT] {'is_followup': False, 'type': 'switch'}
2026-04-15 17:59:36,122 | INFO | ai-websocket | [FINAL QUERY] raj bhatt
2026-04-15 17:59:36,122 | INFO | ai-websocket | [INTENT TYPE] PROFESSIONAL | Location: 
2026-04-15 17:59:36,453 | INFO | ai-websocket | [SEARCH STAGE]: Trying Full Phrase Match for 'raj bhatt'
2026-04-15 17:59:36,453 | INFO | ai-websocket | --- STARTING DB EXECUTION ---
2026-04-15 17:59:36,453 | INFO | ai-websocket | SQL: 
            SELECT 
                msi.title, 
                msi.content, 
                msi.category_text, 
                msi.location_text, 
                msi.slug, 
                ua.package_id,
                COALESCE(NULLIF(ua.about_us, ''), msi.content, '') as about_us
            FROM master_search_mastersearchindex msi
            LEFT JOIN user_accounts ua ON (
                msi.user_name = ua.username 
                OR LOWER(msi.title) = LOWER(ua.company_name)
            )
            WHERE msi.is_live = TRUE
             AND LOWER(msi.category_text) LIKE %s
                AND (LOWER(msi.title) LIKE %s OR LOWER(msi.content) LIKE %s)
                ORDER BY 
                    (CASE WHEN ua.package_id > 0 THEN 0 ELSE 1 END),
                    CASE 
                        WHEN LOWER(msi.title) = %s THEN 0
                        WHEN LOWER(msi.title) LIKE %s THEN 1
                        ELSE 2
                    END,
                    msi.id DESC
                LIMIT 100
                
2026-04-15 17:59:36,459 | INFO | ai-websocket | Params: ['%professional%', '%raj bhatt%', '%raj bhatt%', 'raj bhatt', '%raj bhatt%']
2026-04-15 17:59:41,815 | INFO | ai-websocket | [DB RAW COUNT]: 17 results found in database
2026-04-15 17:59:41,816 | INFO | ai-websocket | --- RAW RESULTS BEFORE SORTING ---
2026-04-15 17:59:41,817 | INFO | ai-websocket | Row 1: Raj Bhatt | Paid: True | PkgID: 5
2026-04-15 17:59:41,818 | INFO | ai-websocket | Row 2: DeepakRaj Bhatt | Paid: False | PkgID: None
2026-04-15 17:59:41,819 | INFO | ai-websocket | Row 3: Dheeraj Bhatt | Paid: False | PkgID: None
2026-04-15 17:59:41,819 | INFO | ai-websocket | Row 4: Deepak Raj Bhatt | Paid: False | PkgID: None
2026-04-15 17:59:41,820 | INFO | ai-websocket | Row 5: Neeraj Bhatt | Paid: False | PkgID: None
2026-04-15 17:59:41,821 | INFO | ai-websocket | --- RESULTS AFTER PRIORITY SORTING ---
2026-04-15 17:59:41,823 | INFO | ai-websocket | Sorted 1: Raj Bhatt | Paid: True
2026-04-15 17:59:41,824 | INFO | ai-websocket | Sorted 2: DeepakRaj Bhatt | Paid: False
2026-04-15 17:59:41,825 | INFO | ai-websocket | Sorted 3: Dheeraj Bhatt | Paid: False
2026-04-15 17:59:41,829 | INFO | ai-websocket | Sorted 4: Deepak Raj Bhatt | Paid: False
2026-04-15 17:59:41,830 | INFO | ai-websocket | Sorted 5: Neeraj Bhatt | Paid: False
2026-04-15 17:59:41,831 | INFO | ai-websocket | [SEARCH RESULT]: Successfully returning 6 results from DB
2026-04-15 17:59:42,892 | INFO | ai-websocket | --- STARTING UNIVERSAL EXTRACTION (6 results) ---
2026-04-15 17:59:42,892 | INFO | ai-websocket | SUCCESS: Intro extracted for Raj Bhatt
2026-04-15 17:59:42,903 | INFO | ai-websocket | Instruction attached to Prompt: [FIXED INTRO & CARD PROTECT]
2026-04-15 17:59:42,905 | INFO | ai-websocket | --- LLM STREAMING STARTED ---
2026-04-15 17:59:53,565 | INFO | ai-websocket | --- LLM STREAMING FINISHED ---
2026-04-15 17:59:53,567 | INFO | ai-websocket | SUCCESS: DB Intro found in LLM response!
2026-04-15 18:00:31,000 | DEBUG | ai-websocket | [WS RECEIVED] Raw Data: {'query': 'welbilt', 'user_id': 402981, 'org_id': 1, 'conversation_id': ''}
2026-04-15 18:00:31,000 | INFO | ai-websocket | [QUERY] User:402981 Org:1 : welbilt
2026-04-15 18:00:32,388 | DEBUG | ai-websocket | [CONVERSATION] ID: 586
2026-04-15 18:00:35,618 | INFO | ai-websocket | Intent detected: {'intent': 'SEARCH', 'type': 'company', 'keywords': 'welbilt', 'location': '', 'rephrased_query': 'welbilt'}
2026-04-15 18:00:35,619 | DEBUG | ai-websocket | [INTENT] {'intent': 'SEARCH', 'type': 'company', 'keywords': 'welbilt', 'location': '', 'rephrased_query': 'welbilt'}
2026-04-15 18:00:35,621 | DEBUG | ai-websocket | [BASE QUERY] welbilt
2026-04-15 18:00:38,402 | INFO | ai-websocket | [FOLLOWUP DETECT] {'is_followup': False, 'type': 'new topic'}
2026-04-15 18:00:38,413 | INFO | ai-websocket | [FINAL QUERY] welbilt
2026-04-15 18:00:38,415 | INFO | ai-websocket | [INTENT TYPE] company | Location: 
2026-04-15 18:00:38,745 | INFO | ai-websocket | [SEARCH STAGE]: Trying Full Phrase Match for 'welbilt'
2026-04-15 18:00:38,745 | INFO | ai-websocket | --- STARTING DB EXECUTION ---
2026-04-15 18:00:38,745 | INFO | ai-websocket | SQL: 
            SELECT 
                msi.title, 
                msi.content, 
                msi.category_text, 
                msi.location_text, 
                msi.slug, 
                ua.package_id,
                COALESCE(NULLIF(ua.about_us, ''), msi.content, '') as about_us
            FROM master_search_mastersearchindex msi
            LEFT JOIN user_accounts ua ON (
                msi.user_name = ua.username 
                OR LOWER(msi.title) = LOWER(ua.company_name)
            )
            WHERE msi.is_live = TRUE
             AND LOWER(msi.category_text) LIKE %s
                AND (LOWER(msi.title) LIKE %s OR LOWER(msi.content) LIKE %s)
                ORDER BY 
                    (CASE WHEN ua.package_id > 0 THEN 0 ELSE 1 END),
                    CASE 
                        WHEN LOWER(msi.title) = %s THEN 0
                        WHEN LOWER(msi.title) LIKE %s THEN 1
                        ELSE 2
                    END,
                    msi.id DESC
                LIMIT 100
                
2026-04-15 18:00:38,745 | INFO | ai-websocket | Params: ['%company%', '%welbilt%', '%welbilt%', 'welbilt', '%welbilt%']
2026-04-15 18:00:40,283 | INFO | ai-websocket | [DB RAW COUNT]: 1 results found in database
2026-04-15 18:00:40,283 | INFO | ai-websocket | --- RAW RESULTS BEFORE SORTING ---
2026-04-15 18:00:40,283 | INFO | ai-websocket | Row 1: WELBILT | Paid: True | PkgID: 8
2026-04-15 18:00:40,288 | INFO | ai-websocket | --- RESULTS AFTER PRIORITY SORTING ---
2026-04-15 18:00:40,291 | INFO | ai-websocket | Sorted 1: WELBILT | Paid: True
2026-04-15 18:00:40,291 | INFO | ai-websocket | [SEARCH RESULT]: Successfully returning 1 results from DB
2026-04-15 18:00:41,586 | INFO | ai-websocket | --- STARTING UNIVERSAL EXTRACTION (1 results) ---
2026-04-15 18:00:41,590 | INFO | ai-websocket | SUCCESS: Intro extracted for WELBILT
2026-04-15 18:00:41,660 | INFO | ai-websocket | Instruction attached to Prompt: [FIXED INTRO & CARD PROTECT]
2026-04-15 18:00:41,664 | INFO | ai-websocket | --- LLM STREAMING STARTED ---
2026-04-15 18:00:54,449 | INFO | ai-websocket | --- LLM STREAMING FINISHED ---
2026-04-15 18:00:54,449 | WARNING | ai-websocket | ALERT: LLM might have ignored the fixed intro.
2026-04-15 18:02:31,248 | WARNING | ai-websocket | [WS DISCONNECTED]
2026-04-15 18:03:48,093 | INFO | ai-websocket | [WS CONNECT] Origin: None
2026-04-15 18:04:05,154 | DEBUG | ai-websocket | [WS RECEIVED] Raw Data: {'query': 'welbilt', 'user_id': 402981, 'org_id': 1, 'conversation_id': ''}
2026-04-15 18:04:05,159 | INFO | ai-websocket | [QUERY] User:402981 Org:1 : welbilt
2026-04-15 18:04:06,271 | DEBUG | ai-websocket | [CONVERSATION] ID: 587
2026-04-15 18:04:11,465 | INFO | ai-websocket | Intent detected: {'intent': 'SEARCH', 'type': 'company', 'keywords': 'welbilt', 'location': '', 'rephrased_query': 'welbilt'}
2026-04-15 18:04:11,465 | DEBUG | ai-websocket | [INTENT] {'intent': 'SEARCH', 'type': 'company', 'keywords': 'welbilt', 'location': '', 'rephrased_query': 'welbilt'}
2026-04-15 18:04:11,465 | DEBUG | ai-websocket | [BASE QUERY] welbilt
2026-04-15 18:04:17,070 | INFO | ai-websocket | [FOLLOWUP DETECT] {'is_followup': False, 'reply': 'I want to know more about awards', 'type': 'new topic'}
2026-04-15 18:04:17,070 | INFO | ai-websocket | [FINAL QUERY] welbilt
2026-04-15 18:04:17,070 | INFO | ai-websocket | [INTENT TYPE] company | Location: 
2026-04-15 18:04:17,397 | INFO | ai-websocket | [SEARCH STAGE]: Trying Full Phrase Match for 'welbilt'
2026-04-15 18:04:17,397 | INFO | ai-websocket | --- STARTING DB EXECUTION ---
2026-04-15 18:04:17,398 | INFO | ai-websocket | SQL: 
            SELECT 
                msi.title, 
                msi.content, 
                msi.category_text, 
                msi.location_text, 
                msi.slug, 
                ua.package_id,
                COALESCE(NULLIF(ua.about_us, ''), msi.content, '') as about_us
            FROM master_search_mastersearchindex msi
            LEFT JOIN user_accounts ua ON (
                msi.user_name = ua.username 
                OR LOWER(msi.title) = LOWER(ua.company_name)
            )
            WHERE msi.is_live = TRUE
             AND LOWER(msi.category_text) LIKE %s
                AND (LOWER(msi.title) LIKE %s OR LOWER(msi.content) LIKE %s)
                ORDER BY 
                    (CASE WHEN ua.package_id > 0 THEN 0 ELSE 1 END),
                    CASE 
                        WHEN LOWER(msi.title) = %s THEN 0
                        WHEN LOWER(msi.title) LIKE %s THEN 1
                        ELSE 2
                    END,
                    msi.id DESC
                LIMIT 100
                
2026-04-15 18:04:17,404 | INFO | ai-websocket | Params: ['%company%', '%welbilt%', '%welbilt%', 'welbilt', '%welbilt%']
2026-04-15 18:04:18,425 | INFO | ai-websocket | [DB RAW COUNT]: 1 results found in database
2026-04-15 18:04:18,425 | INFO | ai-websocket | --- RAW RESULTS BEFORE SORTING ---
2026-04-15 18:04:18,427 | INFO | ai-websocket | Row 1: WELBILT | Paid: True | PkgID: 8
2026-04-15 18:04:18,429 | INFO | ai-websocket | --- RESULTS AFTER PRIORITY SORTING ---
2026-04-15 18:04:18,429 | INFO | ai-websocket | Sorted 1: WELBILT | Paid: True
2026-04-15 18:04:18,431 | INFO | ai-websocket | [SEARCH RESULT]: Successfully returning 1 results from DB
2026-04-15 18:04:18,993 | INFO | ai-websocket | --- STARTING UNIVERSAL EXTRACTION (1 results) ---
2026-04-15 18:04:18,996 | INFO | ai-websocket | SUCCESS: Intro extracted for WELBILT
2026-04-15 18:04:18,997 | INFO | ai-websocket | --- LLM STREAMING STARTED ---
2026-04-15 18:04:29,515 | INFO | ai-websocket | --- LLM STREAMING FINISHED ---
2026-04-15 18:04:29,519 | INFO | ai-websocket | SUCCESS: DB Intro found in LLM response!
2026-04-15 18:06:11,321 | WARNING | ai-websocket | [WS DISCONNECTED]
2026-04-15 18:07:29,896 | INFO | ai-websocket | [WS CONNECT] Origin: None
2026-04-15 18:08:44,810 | DEBUG | ai-websocket | [WS RECEIVED] Raw Data: {'query': 'welbilt', 'user_id': 402981, 'org_id': 1, 'conversation_id': ''}
2026-04-15 18:08:44,810 | INFO | ai-websocket | [QUERY] User:402981 Org:1 : welbilt
2026-04-15 18:08:46,415 | DEBUG | ai-websocket | [CONVERSATION] ID: 588
2026-04-15 18:08:49,571 | INFO | ai-websocket | Intent detected: {'intent': 'SEARCH', 'type': 'company', 'keywords': 'welbilt', 'location': '', 'rephrased_query': 'welbilt'}
2026-04-15 18:08:49,571 | DEBUG | ai-websocket | [INTENT] {'intent': 'SEARCH', 'type': 'company', 'keywords': 'welbilt', 'location': '', 'rephrased_query': 'welbilt'}
2026-04-15 18:08:49,571 | DEBUG | ai-websocket | [BASE QUERY] welbilt
2026-04-15 18:08:54,056 | INFO | ai-websocket | [FOLLOWUP DETECT] {'is_followup': False, 'type': 'switch'}
2026-04-15 18:08:54,058 | INFO | ai-websocket | [FINAL QUERY] welbilt
2026-04-15 18:08:54,058 | INFO | ai-websocket | [INTENT TYPE] company | Location: 
2026-04-15 18:08:54,377 | INFO | ai-websocket | [SEARCH STAGE]: Trying Full Phrase Match for 'welbilt'
2026-04-15 18:08:54,382 | INFO | ai-websocket | --- STARTING DB EXECUTION ---
2026-04-15 18:08:54,382 | INFO | ai-websocket | SQL: 
            SELECT 
                msi.title, 
                msi.content, 
                msi.category_text, 
                msi.location_text, 
                msi.slug, 
                ua.package_id,
                COALESCE(NULLIF(ua.about_us, ''), msi.content, '') as about_us
            FROM master_search_mastersearchindex msi
            LEFT JOIN user_accounts ua ON (
                msi.user_name = ua.username 
                OR LOWER(msi.title) = LOWER(ua.company_name)
            )
            WHERE msi.is_live = TRUE
             AND LOWER(msi.category_text) LIKE %s
                AND (LOWER(msi.title) LIKE %s OR LOWER(msi.content) LIKE %s)
                ORDER BY 
                    (CASE WHEN ua.package_id > 0 THEN 0 ELSE 1 END),
                    CASE 
                        WHEN LOWER(msi.title) = %s THEN 0
                        WHEN LOWER(msi.title) LIKE %s THEN 1
                        ELSE 2
                    END,
                    msi.id DESC
                LIMIT 100
                
2026-04-15 18:08:54,384 | INFO | ai-websocket | Params: ['%company%', '%welbilt%', '%welbilt%', 'welbilt', '%welbilt%']
2026-04-15 18:08:55,319 | INFO | ai-websocket | [DB RAW COUNT]: 1 results found in database
2026-04-15 18:08:55,319 | INFO | ai-websocket | --- RAW RESULTS BEFORE SORTING ---
2026-04-15 18:08:55,321 | INFO | ai-websocket | Row 1: WELBILT | Paid: True | PkgID: 8
2026-04-15 18:08:55,321 | INFO | ai-websocket | --- RESULTS AFTER PRIORITY SORTING ---
2026-04-15 18:08:55,324 | INFO | ai-websocket | Sorted 1: WELBILT | Paid: True
2026-04-15 18:08:55,327 | INFO | ai-websocket | [SEARCH RESULT]: Successfully returning 1 results from DB
2026-04-15 18:08:59,320 | INFO | ai-websocket | --- STARTING UNIVERSAL EXTRACTION (1 results) ---
2026-04-15 18:08:59,322 | INFO | ai-websocket | SUCCESS: Intro extracted for WELBILT
2026-04-15 18:08:59,322 | INFO | ai-websocket | --- LLM STREAMING STARTED ---
2026-04-15 18:09:11,112 | INFO | ai-websocket | --- LLM STREAMING FINISHED ---
2026-04-15 18:09:11,115 | INFO | ai-websocket | SUCCESS: DB Intro found in LLM response!
2026-04-15 18:10:01,756 | WARNING | ai-websocket | [WS DISCONNECTED]
2026-04-15 18:15:59,794 | INFO | ai-websocket | [WS CONNECT] Origin: None
2026-04-15 18:16:02,260 | DEBUG | ai-websocket | [WS RECEIVED] Raw Data: {'query': 'welbilt', 'user_id': 402981, 'org_id': 1, 'conversation_id': ''}
2026-04-15 18:16:02,260 | INFO | ai-websocket | [QUERY] User:402981 Org:1 : welbilt
2026-04-15 18:16:03,540 | DEBUG | ai-websocket | [CONVERSATION] ID: 589
2026-04-15 18:16:34,927 | INFO | ai-websocket | Intent detected: {'intent': 'SEARCH', 'type': 'company', 'keywords': 'welbilt', 'location': '', 'rephrased_query': 'welbilt'}
2026-04-15 18:16:34,929 | DEBUG | ai-websocket | [INTENT] {'intent': 'SEARCH', 'type': 'company', 'keywords': 'welbilt', 'location': '', 'rephrased_query': 'welbilt'}
2026-04-15 18:16:34,929 | DEBUG | ai-websocket | [BASE QUERY] welbilt
2026-04-15 18:16:43,617 | INFO | ai-websocket | [FOLLOWUP DETECT] {'is_followup': False, 'type': 'new topic'}
2026-04-15 18:16:43,624 | INFO | ai-websocket | [FINAL QUERY] welbilt
2026-04-15 18:16:43,624 | INFO | ai-websocket | [INTENT TYPE] company | Location: 
2026-04-15 18:16:43,957 | INFO | ai-websocket | [SEARCH STAGE]: Trying Full Phrase Match for 'welbilt'
2026-04-15 18:16:43,957 | INFO | ai-websocket | --- STARTING DB EXECUTION ---
2026-04-15 18:16:43,958 | INFO | ai-websocket | SQL: 
            SELECT 
                msi.title, 
                msi.content, 
                msi.category_text, 
                msi.location_text, 
                msi.slug, 
                ua.package_id,
                COALESCE(NULLIF(ua.about_us, ''), msi.content, '') as about_us
            FROM master_search_mastersearchindex msi
            LEFT JOIN user_accounts ua ON (
                msi.user_name = ua.username 
                OR LOWER(msi.title) = LOWER(ua.company_name)
            )
            WHERE msi.is_live = TRUE
             AND LOWER(msi.category_text) LIKE %s
                AND (LOWER(msi.title) LIKE %s OR LOWER(msi.content) LIKE %s)
                ORDER BY 
                    (CASE WHEN ua.package_id > 0 THEN 0 ELSE 1 END),
                    CASE 
                        WHEN LOWER(msi.title) = %s THEN 0
                        WHEN LOWER(msi.title) LIKE %s THEN 1
                        ELSE 2
                    END,
                    msi.id DESC
                LIMIT 100
                
2026-04-15 18:16:43,959 | INFO | ai-websocket | Params: ['%company%', '%welbilt%', '%welbilt%', 'welbilt', '%welbilt%']
2026-04-15 18:16:46,602 | INFO | ai-websocket | [DB RAW COUNT]: 1 results found in database
2026-04-15 18:16:46,602 | INFO | ai-websocket | DEBUG DB DATA -> Title: WELBILT | Original Content: 
        WELBILT
        
        Website: 
      ...
2026-04-15 18:16:46,602 | INFO | ai-websocket | --- RAW RESULTS BEFORE SORTING ---
2026-04-15 18:16:46,604 | INFO | ai-websocket | Row 1: WELBILT | Paid: True | PkgID: 8
2026-04-15 18:16:46,604 | INFO | ai-websocket | --- RESULTS AFTER PRIORITY SORTING (SENT TO LLM) ---
2026-04-15 18:16:46,604 | INFO | ai-websocket | Sorted 1: WELBILT | Content: 
        WELBILT
        
        Website: 
        Location: Dubai United Arab Emirates
        Name: WELBILT
        Industries: Kitchen Equipment, 
2026-04-15 18:16:46,604 | INFO | ai-websocket | [SEARCH RESULT]: Successfully returning 1 results from DB
2026-04-15 18:16:48,900 | INFO | ai-websocket | --- STARTING UNIVERSAL EXTRACTION (1 results) ---
2026-04-15 18:16:48,902 | INFO | ai-websocket | SUCCESS: Intro extracted for WELBILT
2026-04-15 18:16:48,902 | INFO | ai-websocket | Instruction attached to Prompt: [FIXED INTRO & CARD PROTECT]
2026-04-15 18:16:48,904 | INFO | ai-websocket | --- LLM STREAMING STARTED ---
2026-04-15 18:16:58,811 | INFO | ai-websocket | --- LLM STREAMING FINISHED ---
2026-04-15 18:16:58,811 | INFO | ai-websocket | SUCCESS: DB Intro found in LLM response!
2026-04-15 18:21:57,833 | WARNING | ai-websocket | [WS DISCONNECTED]
2026-04-15 18:24:03,652 | INFO | ai-websocket | [WS CONNECT] Origin: None
2026-04-15 18:24:04,938 | DEBUG | ai-websocket | [WS RECEIVED] Raw Data: {'query': 'welbilt', 'user_id': 402981, 'org_id': 1, 'conversation_id': ''}
2026-04-15 18:24:04,939 | INFO | ai-websocket | [QUERY] User:402981 Org:1 : welbilt
2026-04-15 18:24:05,964 | DEBUG | ai-websocket | [CONVERSATION] ID: 590
2026-04-15 18:25:48,569 | INFO | ai-websocket | Intent detected: {'intent': 'SEARCH', 'type': 'company', 'keywords': 'welbilt', 'location': '', 'rephrased_query': 'welbilt'}
2026-04-15 18:25:48,572 | DEBUG | ai-websocket | [INTENT] {'intent': 'SEARCH', 'type': 'company', 'keywords': 'welbilt', 'location': '', 'rephrased_query': 'welbilt'}
2026-04-15 18:25:48,572 | DEBUG | ai-websocket | [BASE QUERY] welbilt
2026-04-15 18:25:56,971 | INFO | ai-websocket | [FOLLOWUP DETECT] {'is_followup': False, 'type': 'new topic'}
2026-04-15 18:25:56,971 | INFO | ai-websocket | [FINAL QUERY] welbilt
2026-04-15 18:25:56,979 | INFO | ai-websocket | [INTENT TYPE] company | Location: 
2026-04-15 18:25:57,448 | INFO | ai-websocket | [SEARCH STAGE]: Trying Full Phrase Match for 'welbilt'
2026-04-15 18:25:57,449 | INFO | ai-websocket | --- STARTING DB EXECUTION ---
2026-04-15 18:25:57,452 | INFO | ai-websocket | SQL: 
            SELECT 
                msi.title, 
                msi.content, 
                msi.category_text, 
                msi.location_text, 
                msi.slug, 
                ua.package_id,
                COALESCE(NULLIF(ua.about_us, ''), msi.content, '') as about_us
            FROM master_search_mastersearchindex msi
            LEFT JOIN user_accounts ua ON (
                msi.user_name = ua.username 
                OR LOWER(msi.title) = LOWER(ua.company_name)
            )
            WHERE msi.is_live = TRUE
             AND LOWER(msi.category_text) LIKE %s
                AND (LOWER(msi.title) LIKE %s OR LOWER(msi.content) LIKE %s)
                ORDER BY 
                    (CASE WHEN ua.package_id > 0 THEN 0 ELSE 1 END),
                    CASE 
                        WHEN LOWER(msi.title) = %s THEN 0
                        WHEN LOWER(msi.title) LIKE %s THEN 1
                        ELSE 2
                    END,
                    msi.id DESC
                LIMIT 100
                
2026-04-15 18:25:57,452 | INFO | ai-websocket | Params: ['%company%', '%welbilt%', '%welbilt%', 'welbilt', '%welbilt%']
2026-04-15 18:25:59,865 | INFO | ai-websocket | [DB RAW COUNT]: 1 results found in database
2026-04-15 18:25:59,865 | INFO | ai-websocket | DEBUG DB DATA -> Title: WELBILT | Original Content: 
        WELBILT
        
        Website: 
      ...
2026-04-15 18:25:59,865 | INFO | ai-websocket | --- RAW RESULTS BEFORE SORTING ---
2026-04-15 18:25:59,865 | INFO | ai-websocket | Row 1: WELBILT | Paid: True | PkgID: 8
2026-04-15 18:25:59,868 | INFO | ai-websocket | --- RESULTS AFTER PRIORITY SORTING (SENT TO LLM) ---
2026-04-15 18:25:59,868 | INFO | ai-websocket | Sorted 1: WELBILT | Content: 
        WELBILT
        
        Website: 
        Location: Dubai United Arab Emirates
        Name: WELBILT
        Industries: Kitchen Equipment, 
2026-04-15 18:25:59,868 | INFO | ai-websocket | [SEARCH RESULT]: Successfully returning 1 results from DB
2026-04-15 18:26:02,278 | INFO | ai-websocket | --- STARTING UNIVERSAL EXTRACTION (1 results) ---
2026-04-15 18:26:02,280 | INFO | ai-websocket | SUCCESS: Intro extracted for WELBILT
2026-04-15 18:26:02,283 | INFO | ai-websocket | Instruction attached: [STRICT_MANDATE_APPLIED]
2026-04-15 18:26:02,284 | ERROR | ai-websocket | [WS ERROR] string indices must be integers, not 'str'
Traceback (most recent call last):
  File "E:\hospitality\hozpitality-ai\ai_server_2.py", line 1731, in websocket_chat
    prompt = strict_instruction + build_prompt(query, memory, formatted_context_str, intent_type, mode)
                                  ^^^^^^^^^^^^^^^^^^^^^^^^^^^^^^^^^^^^^^^^^^^^^^^^^^^^^^^^^^^^^^^^^^^^^
  File "E:\hospitality\hozpitality-ai\ai_server_2.py", line 1145, in build_prompt
    Title: {item['title']}
            ~~~~^^^^^^^^^
TypeError: string indices must be integers, not 'str'
2026-04-15 18:27:52,117 | INFO | ai-websocket | [WS CONNECT] Origin: None
2026-04-15 18:27:55,578 | DEBUG | ai-websocket | [WS RECEIVED] Raw Data: {'query': 'welbilt', 'user_id': 402981, 'org_id': 1, 'conversation_id': ''}
2026-04-15 18:27:55,580 | INFO | ai-websocket | [QUERY] User:402981 Org:1 : welbilt
2026-04-15 18:27:56,919 | DEBUG | ai-websocket | [CONVERSATION] ID: 591
2026-04-15 18:27:59,524 | INFO | ai-websocket | Intent detected: {'intent': 'SEARCH', 'type': 'company', 'keywords': 'welbilt', 'location': '', 'rephrased_query': 'welbilt'}
2026-04-15 18:27:59,524 | DEBUG | ai-websocket | [INTENT] {'intent': 'SEARCH', 'type': 'company', 'keywords': 'welbilt', 'location': '', 'rephrased_query': 'welbilt'}
2026-04-15 18:27:59,525 | DEBUG | ai-websocket | [BASE QUERY] welbilt
2026-04-15 18:28:04,194 | INFO | ai-websocket | [FOLLOWUP DETECT] {'is_followup': False, 'type': 'switch'}
2026-04-15 18:28:04,194 | INFO | ai-websocket | [FINAL QUERY] welbilt
2026-04-15 18:28:04,194 | INFO | ai-websocket | [INTENT TYPE] company | Location: 
2026-04-15 18:28:04,597 | INFO | ai-websocket | [SEARCH STAGE]: Trying Full Phrase Match for 'welbilt'
2026-04-15 18:28:04,597 | INFO | ai-websocket | --- STARTING DB EXECUTION ---
2026-04-15 18:28:04,597 | INFO | ai-websocket | SQL: 
            SELECT 
                msi.title, 
                msi.content, 
                msi.category_text, 
                msi.location_text, 
                msi.slug, 
                ua.package_id,
                COALESCE(NULLIF(ua.about_us, ''), msi.content, '') as about_us
            FROM master_search_mastersearchindex msi
            LEFT JOIN user_accounts ua ON (
                msi.user_name = ua.username 
                OR LOWER(msi.title) = LOWER(ua.company_name)
            )
            WHERE msi.is_live = TRUE
             AND LOWER(msi.category_text) LIKE %s
                AND (LOWER(msi.title) LIKE %s OR LOWER(msi.content) LIKE %s)
                ORDER BY 
                    (CASE WHEN ua.package_id > 0 THEN 0 ELSE 1 END),
                    CASE 
                        WHEN LOWER(msi.title) = %s THEN 0
                        WHEN LOWER(msi.title) LIKE %s THEN 1
                        ELSE 2
                    END,
                    msi.id DESC
                LIMIT 100
                
2026-04-15 18:28:04,606 | INFO | ai-websocket | Params: ['%company%', '%welbilt%', '%welbilt%', 'welbilt', '%welbilt%']
2026-04-15 18:28:07,499 | INFO | ai-websocket | [DB RAW COUNT]: 1 results found in database
2026-04-15 18:28:07,507 | INFO | ai-websocket | DEBUG DB DATA -> Title: WELBILT | Original Content: 
        WELBILT
        
        Website: 
      ...
2026-04-15 18:28:07,507 | INFO | ai-websocket | --- RAW RESULTS BEFORE SORTING ---
2026-04-15 18:28:07,507 | INFO | ai-websocket | Row 1: WELBILT | Paid: True | PkgID: 8
2026-04-15 18:28:07,507 | INFO | ai-websocket | --- RESULTS AFTER PRIORITY SORTING (SENT TO LLM) ---
2026-04-15 18:28:07,507 | INFO | ai-websocket | Sorted 1: WELBILT | Content: 
        WELBILT
        
        Website: 
        Location: Dubai United Arab Emirates
        Name: WELBILT
        Industries: Kitchen Equipment, 
2026-04-15 18:28:07,510 | INFO | ai-websocket | [SEARCH RESULT]: Successfully returning 1 results from DB
2026-04-15 18:28:08,080 | INFO | ai-websocket | --- STARTING UNIVERSAL EXTRACTION (1 results) ---
2026-04-15 18:28:08,082 | INFO | ai-websocket | SUCCESS: Intro extracted for WELBILT
2026-04-15 18:28:08,082 | INFO | ai-websocket | Instruction and Formatted Context applied: [STRICT_MANDATE]
2026-04-15 18:28:08,082 | INFO | ai-websocket | --- LLM STREAMING STARTED ---
2026-04-15 18:28:17,857 | INFO | ai-websocket | --- LLM STREAMING FINISHED ---
2026-04-15 18:28:17,857 | INFO | ai-websocket | SUCCESS: DB Intro found in LLM response!
2026-04-15 18:28:52,239 | WARNING | ai-websocket | [WS DISCONNECTED]
2026-04-15 18:29:50,057 | INFO | ai-websocket | [WS CONNECT] Origin: None
2026-04-15 18:29:50,946 | DEBUG | ai-websocket | [WS RECEIVED] Raw Data: {'query': 'welbilt', 'user_id': 402981, 'org_id': 1, 'conversation_id': ''}
2026-04-15 18:29:50,946 | INFO | ai-websocket | [QUERY] User:402981 Org:1 : welbilt
2026-04-15 18:29:52,571 | DEBUG | ai-websocket | [CONVERSATION] ID: 592
2026-04-15 18:29:56,141 | INFO | ai-websocket | Intent detected: {'intent': 'SEARCH', 'type': 'company', 'keywords': 'welbilt', 'location': '', 'rephrased_query': 'welbilt'}
2026-04-15 18:29:56,141 | DEBUG | ai-websocket | [INTENT] {'intent': 'SEARCH', 'type': 'company', 'keywords': 'welbilt', 'location': '', 'rephrased_query': 'welbilt'}
2026-04-15 18:29:56,141 | DEBUG | ai-websocket | [BASE QUERY] welbilt
2026-04-15 18:30:01,422 | INFO | ai-websocket | [FOLLOWUP DETECT] {'is_followup': False, 'type': 'switch'}
2026-04-15 18:30:01,423 | INFO | ai-websocket | [FINAL QUERY] welbilt
2026-04-15 18:30:01,423 | INFO | ai-websocket | [INTENT TYPE] company | Location: 
2026-04-15 18:30:01,746 | INFO | ai-websocket | [SEARCH STAGE]: Trying Full Phrase Match for 'welbilt'
2026-04-15 18:30:01,746 | INFO | ai-websocket | --- STARTING DB EXECUTION ---
2026-04-15 18:30:01,746 | INFO | ai-websocket | SQL: 
            SELECT 
                msi.title, 
                msi.content, 
                msi.category_text, 
                msi.location_text, 
                msi.slug, 
                ua.package_id,
                COALESCE(NULLIF(ua.about_us, ''), msi.content, '') as about_us
            FROM master_search_mastersearchindex msi
            LEFT JOIN user_accounts ua ON (
                msi.user_name = ua.username 
                OR LOWER(msi.title) = LOWER(ua.company_name)
            )
            WHERE msi.is_live = TRUE
             AND LOWER(msi.category_text) LIKE %s
                AND (LOWER(msi.title) LIKE %s OR LOWER(msi.content) LIKE %s)
                ORDER BY 
                    (CASE WHEN ua.package_id > 0 THEN 0 ELSE 1 END),
                    CASE 
                        WHEN LOWER(msi.title) = %s THEN 0
                        WHEN LOWER(msi.title) LIKE %s THEN 1
                        ELSE 2
                    END,
                    msi.id DESC
                LIMIT 100
                
2026-04-15 18:30:01,746 | INFO | ai-websocket | Params: ['%company%', '%welbilt%', '%welbilt%', 'welbilt', '%welbilt%']
2026-04-15 18:30:04,269 | INFO | ai-websocket | [DB RAW COUNT]: 1 results found in database
2026-04-15 18:30:04,270 | INFO | ai-websocket | DEBUG DB DATA -> Title: WELBILT | Original Content: 
        WELBILT
        
        Website: 
      ...
2026-04-15 18:30:04,270 | INFO | ai-websocket | --- RAW RESULTS BEFORE SORTING ---
2026-04-15 18:30:04,270 | INFO | ai-websocket | Row 1: WELBILT | Paid: True | PkgID: 8
2026-04-15 18:30:04,270 | INFO | ai-websocket | --- RESULTS AFTER PRIORITY SORTING (SENT TO LLM) ---
2026-04-15 18:30:04,273 | INFO | ai-websocket | Sorted 1: WELBILT | Content: 
        WELBILT
        
        Website: 
        Location: Dubai United Arab Emirates
        Name: WELBILT
        Industries: Kitchen Equipment, 
2026-04-15 18:30:04,273 | INFO | ai-websocket | [SEARCH RESULT]: Successfully returning 1 results from DB
2026-04-15 18:30:04,665 | INFO | ai-websocket | --- STARTING UNIVERSAL EXTRACTION (1 results) ---
2026-04-15 18:30:04,665 | INFO | ai-websocket | SUCCESS: Intro extracted for WELBILT
2026-04-15 18:30:04,667 | INFO | ai-websocket | Instruction attached to Prompt: [FIXED INTRO & CARD PROTECT]
2026-04-15 18:30:04,668 | INFO | ai-websocket | --- LLM STREAMING STARTED ---
2026-04-15 18:30:15,123 | INFO | ai-websocket | --- LLM STREAMING FINISHED ---
2026-04-15 18:30:15,123 | INFO | ai-websocket | SUCCESS: DB Intro found in LLM response!
2026-04-15 18:31:06,836 | DEBUG | ai-websocket | [WS RECEIVED] Raw Data: {'query': 'hotel smarters', 'user_id': 402981, 'org_id': 1, 'conversation_id': ''}
2026-04-15 18:31:06,838 | INFO | ai-websocket | [QUERY] User:402981 Org:1 : hotel smarters
2026-04-15 18:31:08,467 | DEBUG | ai-websocket | [CONVERSATION] ID: 593
2026-04-15 18:31:11,885 | INFO | ai-websocket | Intent detected: {'intent': 'SEARCH', 'type': 'company', 'keywords': 'hotelsmarters', 'location': '', 'rephrased_query': 'hotel smarters'}
2026-04-15 18:31:11,885 | DEBUG | ai-websocket | [INTENT] {'intent': 'SEARCH', 'type': 'company', 'keywords': 'hotelsmarters', 'location': '', 'rephrased_query': 'hotel smarters'}
2026-04-15 18:31:11,887 | DEBUG | ai-websocket | [BASE QUERY] hotelsmarters
2026-04-15 18:31:15,143 | INFO | ai-websocket | [FOLLOWUP DETECT] {'is_followup': False, 'reply': "I'm interested in the latest trends and innovations for hotel room rentals."}
2026-04-15 18:31:15,143 | INFO | ai-websocket | [FINAL QUERY] hotelsmarters
2026-04-15 18:31:15,143 | INFO | ai-websocket | [INTENT TYPE] company | Location: 
2026-04-15 18:31:15,491 | INFO | ai-websocket | [SEARCH STAGE]: Trying Full Phrase Match for 'hotelsmarters'
2026-04-15 18:31:15,491 | INFO | ai-websocket | --- STARTING DB EXECUTION ---
2026-04-15 18:31:15,491 | INFO | ai-websocket | SQL: 
            SELECT 
                msi.title, 
                msi.content, 
                msi.category_text, 
                msi.location_text, 
                msi.slug, 
                ua.package_id,
                COALESCE(NULLIF(ua.about_us, ''), msi.content, '') as about_us
            FROM master_search_mastersearchindex msi
            LEFT JOIN user_accounts ua ON (
                msi.user_name = ua.username 
                OR LOWER(msi.title) = LOWER(ua.company_name)
            )
            WHERE msi.is_live = TRUE
             AND LOWER(msi.category_text) LIKE %s
                AND (LOWER(msi.title) LIKE %s OR LOWER(msi.content) LIKE %s)
                ORDER BY 
                    (CASE WHEN ua.package_id > 0 THEN 0 ELSE 1 END),
                    CASE 
                        WHEN LOWER(msi.title) = %s THEN 0
                        WHEN LOWER(msi.title) LIKE %s THEN 1
                        ELSE 2
                    END,
                    msi.id DESC
                LIMIT 100
                
2026-04-15 18:31:15,491 | INFO | ai-websocket | Params: ['%company%', '%hotelsmarters%', '%hotelsmarters%', 'hotelsmarters', '%hotelsmarters%']
2026-04-15 18:31:17,851 | INFO | ai-websocket | [DB RAW COUNT]: 1 results found in database
2026-04-15 18:31:17,851 | INFO | ai-websocket | DEBUG DB DATA -> Title: HotelSmarters | Original Content: 
        HotelSmarters
        Partnership Manger
...
2026-04-15 18:31:17,859 | INFO | ai-websocket | --- RAW RESULTS BEFORE SORTING ---
2026-04-15 18:31:17,859 | INFO | ai-websocket | Row 1: HotelSmarters | Paid: False | PkgID: None
2026-04-15 18:31:17,859 | INFO | ai-websocket | --- RESULTS AFTER PRIORITY SORTING (SENT TO LLM) ---
2026-04-15 18:31:17,859 | INFO | ai-websocket | Sorted 1: HotelSmarters | Content: 
        HotelSmarters
        Partnership Manger
        Website: https://hotelsmarters.com/
        Location: Delaware City, DE, USA United States
 
2026-04-15 18:31:17,859 | INFO | ai-websocket | [SEARCH RESULT]: Successfully returning 1 results from DB
2026-04-15 18:31:18,227 | INFO | ai-websocket | --- STARTING UNIVERSAL EXTRACTION (1 results) ---
2026-04-15 18:31:18,227 | INFO | ai-websocket | SUCCESS: Intro extracted for HotelSmarters
2026-04-15 18:31:18,282 | INFO | ai-websocket | Instruction attached to Prompt: [FIXED INTRO & CARD PROTECT]
2026-04-15 18:31:18,282 | INFO | ai-websocket | --- LLM STREAMING STARTED ---
2026-04-15 18:31:30,769 | INFO | ai-websocket | --- LLM STREAMING FINISHED ---
2026-04-15 18:31:30,769 | INFO | ai-websocket | SUCCESS: DB Intro found in LLM response!
2026-04-15 18:32:16,242 | DEBUG | ai-websocket | [WS RECEIVED] Raw Data: {'query': 'raj bhatt', 'user_id': 402981, 'org_id': 1, 'conversation_id': ''}
2026-04-15 18:32:16,242 | INFO | ai-websocket | [QUERY] User:402981 Org:1 : raj bhatt
2026-04-15 18:32:20,051 | DEBUG | ai-websocket | [CONVERSATION] ID: 594
2026-04-15 18:32:25,078 | INFO | ai-websocket | Intent detected: {'intent': 'SEARCH', 'type': 'PROFESSIONAL', 'keywords': 'raj bhatt', 'location': '', 'rephrased_query': 'raj bhatt'}
2026-04-15 18:32:25,078 | DEBUG | ai-websocket | [INTENT] {'intent': 'SEARCH', 'type': 'PROFESSIONAL', 'keywords': 'raj bhatt', 'location': '', 'rephrased_query': 'raj bhatt'}
2026-04-15 18:32:25,078 | DEBUG | ai-websocket | [BASE QUERY] raj bhatt
2026-04-15 18:32:28,678 | INFO | ai-websocket | [FOLLOWUP DETECT] {'is_followup': False, 'type': 'switch'}
2026-04-15 18:32:28,678 | INFO | ai-websocket | [FINAL QUERY] raj bhatt
2026-04-15 18:32:28,678 | INFO | ai-websocket | [INTENT TYPE] PROFESSIONAL | Location: 
2026-04-15 18:32:29,049 | INFO | ai-websocket | [SEARCH STAGE]: Trying Full Phrase Match for 'raj bhatt'
2026-04-15 18:32:29,049 | INFO | ai-websocket | --- STARTING DB EXECUTION ---
2026-04-15 18:32:29,049 | INFO | ai-websocket | SQL: 
            SELECT 
                msi.title, 
                msi.content, 
                msi.category_text, 
                msi.location_text, 
                msi.slug, 
                ua.package_id,
                COALESCE(NULLIF(ua.about_us, ''), msi.content, '') as about_us
            FROM master_search_mastersearchindex msi
            LEFT JOIN user_accounts ua ON (
                msi.user_name = ua.username 
                OR LOWER(msi.title) = LOWER(ua.company_name)
            )
            WHERE msi.is_live = TRUE
             AND LOWER(msi.category_text) LIKE %s
                AND (LOWER(msi.title) LIKE %s OR LOWER(msi.content) LIKE %s)
                ORDER BY 
                    (CASE WHEN ua.package_id > 0 THEN 0 ELSE 1 END),
                    CASE 
                        WHEN LOWER(msi.title) = %s THEN 0
                        WHEN LOWER(msi.title) LIKE %s THEN 1
                        ELSE 2
                    END,
                    msi.id DESC
                LIMIT 100
                
2026-04-15 18:32:29,056 | INFO | ai-websocket | Params: ['%professional%', '%raj bhatt%', '%raj bhatt%', 'raj bhatt', '%raj bhatt%']
2026-04-15 18:32:35,367 | INFO | ai-websocket | [DB RAW COUNT]: 17 results found in database
2026-04-15 18:32:35,367 | INFO | ai-websocket | DEBUG DB DATA -> Title: Raj Bhatt | Original Content: 
        Raj Bhatt
        General Management
    ...
2026-04-15 18:32:35,369 | INFO | ai-websocket | DEBUG DB DATA -> Title: DeepakRaj Bhatt | Original Content: 
        DeepakRaj Bhatt
        Housekeeping
    ...
2026-04-15 18:32:35,370 | INFO | ai-websocket | DEBUG DB DATA -> Title: Dheeraj Bhatt | Original Content: 
        Dheeraj Bhatt
        
        
        S...
2026-04-15 18:32:35,370 | INFO | ai-websocket | DEBUG DB DATA -> Title: Deepak Raj Bhatt | Original Content: 
        Deepak Raj Bhatt
        
        
      ...
2026-04-15 18:32:35,370 | INFO | ai-websocket | DEBUG DB DATA -> Title: Neeraj Bhatt | Original Content: 
        Neeraj Bhatt
        
        
        Sk...
2026-04-15 18:32:35,370 | INFO | ai-websocket | DEBUG DB DATA -> Title: Prakash raj Bhattarai | Original Content: 
        Prakash raj Bhattarai
        
        
 ...
2026-04-15 18:32:35,370 | INFO | ai-websocket | DEBUG DB DATA -> Title: Eika Raj bhatta | Original Content: 
        Eika Raj bhatta
        Housekeeping
    ...
2026-04-15 18:32:35,370 | INFO | ai-websocket | DEBUG DB DATA -> Title: Suraj Bhattrai | Original Content: 
        Suraj Bhattrai
        Head Office & Admi...
2026-04-15 18:32:35,370 | INFO | ai-websocket | DEBUG DB DATA -> Title: DHIRGA RAJ BHATTARAI | Original Content: 
        DHIRGA RAJ BHATTARAI
        Food and Bev...
2026-04-15 18:32:35,375 | INFO | ai-websocket | DEBUG DB DATA -> Title: Neeraj Bhatt | Original Content: 
        Neeraj Bhatt
        Food and Beverage Se...
2026-04-15 18:32:35,375 | INFO | ai-websocket | DEBUG DB DATA -> Title: Prem Raj Bhatt | Original Content: 
        Prem Raj Bhatt
        Chefs-Kitchen
    ...
2026-04-15 18:32:35,377 | INFO | ai-websocket | DEBUG DB DATA -> Title: Nabraj Bhattarai | Original Content: 
        Nabraj Bhattarai
        Chefs-Kitchen
  ...
2026-04-15 18:32:35,377 | INFO | ai-websocket | DEBUG DB DATA -> Title: janak raj bhatt | Original Content: 
        janak raj bhatt
        Housekeeping
    ...
2026-04-15 18:32:35,379 | INFO | ai-websocket | DEBUG DB DATA -> Title: Suraj Bhattarai | Original Content: 
        Suraj Bhattarai
        Food and Beverage...
2026-04-15 18:32:35,380 | INFO | ai-websocket | DEBUG DB DATA -> Title: Shiraj Bhattarai | Original Content: 
        Shiraj Bhattarai
        Front of House
 ...
2026-04-15 18:32:35,380 | INFO | ai-websocket | DEBUG DB DATA -> Title: Bedhraj Bhattarai | Original Content: 
        Bedhraj Bhattarai
        Housekeeping
  ...
2026-04-15 18:32:35,382 | INFO | ai-websocket | DEBUG DB DATA -> Title: Suraj Bhattacharya | Original Content: 
        Suraj Bhattacharya
        Housekeeping
 ...
2026-04-15 18:32:35,382 | INFO | ai-websocket | --- RAW RESULTS BEFORE SORTING ---
2026-04-15 18:32:35,382 | INFO | ai-websocket | Row 1: Raj Bhatt | Paid: True | PkgID: 5
2026-04-15 18:32:35,382 | INFO | ai-websocket | Row 2: DeepakRaj Bhatt | Paid: False | PkgID: None
2026-04-15 18:32:35,382 | INFO | ai-websocket | Row 3: Dheeraj Bhatt | Paid: False | PkgID: None
2026-04-15 18:32:35,386 | INFO | ai-websocket | Row 4: Deepak Raj Bhatt | Paid: False | PkgID: None
2026-04-15 18:32:35,387 | INFO | ai-websocket | Row 5: Neeraj Bhatt | Paid: False | PkgID: None
2026-04-15 18:32:35,387 | INFO | ai-websocket | --- RESULTS AFTER PRIORITY SORTING (SENT TO LLM) ---
2026-04-15 18:32:35,389 | INFO | ai-websocket | Sorted 1: Raj Bhatt | Content: 
        Raj Bhatt
        General Management
        CEO
        Skills: Leadership, Hotel Management, HR, Consulting
        Location: Los Angeles, 
2026-04-15 18:32:35,391 | INFO | ai-websocket | Sorted 2: DeepakRaj Bhatt | Content: 
        DeepakRaj Bhatt
        Housekeeping
        Housekeeping Supervisor
        Skills: 
        Location: Dubai - United Arab Emirates
        
2026-04-15 18:32:35,396 | INFO | ai-websocket | Sorted 3: Dheeraj Bhatt | Content: 
        Dheeraj Bhatt
        
        
        Skills: 
        Location: Delhi
        Name: Dheeraj Bhatt
        Industries: Hotels & Resorts
   
2026-04-15 18:32:35,398 | INFO | ai-websocket | Sorted 4: Deepak Raj Bhatt | Content: 
        Deepak Raj Bhatt
        
        
        Skills: 
        Location: Haridwar
        Name: Deepak Raj Bhatt
        Industries: Hotels & Re
2026-04-15 18:32:35,400 | INFO | ai-websocket | Sorted 5: Neeraj Bhatt | Content: 
        Neeraj Bhatt
        
        
        Skills: 
        Location: nan
        Name: Neeraj Bhatt
        Industries: Hotels & Resorts
       
2026-04-15 18:32:35,402 | INFO | ai-websocket | [SEARCH RESULT]: Successfully returning 6 results from DB
2026-04-15 18:32:36,268 | INFO | ai-websocket | --- STARTING UNIVERSAL EXTRACTION (6 results) ---
2026-04-15 18:32:36,268 | INFO | ai-websocket | SUCCESS: Intro extracted for Raj Bhatt
2026-04-15 18:32:36,330 | INFO | ai-websocket | Instruction attached to Prompt: [FIXED INTRO & CARD PROTECT]
2026-04-15 18:32:36,330 | INFO | ai-websocket | --- LLM STREAMING STARTED ---
2026-04-15 18:32:58,824 | INFO | ai-websocket | --- LLM STREAMING FINISHED ---
2026-04-15 18:32:58,824 | INFO | ai-websocket | SUCCESS: DB Intro found in LLM response!
2026-04-15 18:35:19,997 | DEBUG | ai-websocket | [WS RECEIVED] Raw Data: {'query': 'raj bhatt', 'user_id': 402981, 'org_id': 1, 'conversation_id': ''}
2026-04-15 18:35:20,000 | INFO | ai-websocket | [QUERY] User:402981 Org:1 : raj bhatt
2026-04-15 18:35:21,483 | DEBUG | ai-websocket | [CONVERSATION] ID: 595
2026-04-15 18:35:26,405 | INFO | ai-websocket | Intent detected: {'intent': 'SEARCH', 'type': 'PROFESSIONAL', 'keywords': 'raj bhatt', 'location': '', 'rephrased_query': 'raj bhatt'}
2026-04-15 18:35:26,405 | DEBUG | ai-websocket | [INTENT] {'intent': 'SEARCH', 'type': 'PROFESSIONAL', 'keywords': 'raj bhatt', 'location': '', 'rephrased_query': 'raj bhatt'}
2026-04-15 18:35:26,405 | DEBUG | ai-websocket | [BASE QUERY] raj bhatt
2026-04-15 18:35:29,863 | INFO | ai-websocket | [FOLLOWUP DETECT] {'is_followup': False, 'type': 'switch'}
2026-04-15 18:35:29,865 | INFO | ai-websocket | [FINAL QUERY] raj bhatt
2026-04-15 18:35:29,865 | INFO | ai-websocket | [INTENT TYPE] PROFESSIONAL | Location: 
2026-04-15 18:35:30,182 | INFO | ai-websocket | [SEARCH STAGE]: Trying Full Phrase Match for 'raj bhatt'
2026-04-15 18:35:30,191 | INFO | ai-websocket | --- STARTING DB EXECUTION ---
2026-04-15 18:35:30,191 | INFO | ai-websocket | SQL: 
            SELECT 
                msi.title, 
                msi.content, 
                msi.category_text, 
                msi.location_text, 
                msi.slug, 
                ua.package_id,
                COALESCE(NULLIF(ua.about_us, ''), msi.content, '') as about_us
            FROM master_search_mastersearchindex msi
            LEFT JOIN user_accounts ua ON (
                msi.user_name = ua.username 
                OR LOWER(msi.title) = LOWER(ua.company_name)
            )
            WHERE msi.is_live = TRUE
             AND LOWER(msi.category_text) LIKE %s
                AND (LOWER(msi.title) LIKE %s OR LOWER(msi.content) LIKE %s)
                ORDER BY 
                    (CASE WHEN ua.package_id > 0 THEN 0 ELSE 1 END),
                    CASE 
                        WHEN LOWER(msi.title) = %s THEN 0
                        WHEN LOWER(msi.title) LIKE %s THEN 1
                        ELSE 2
                    END,
                    msi.id DESC
                LIMIT 100
                
2026-04-15 18:35:30,191 | INFO | ai-websocket | Params: ['%professional%', '%raj bhatt%', '%raj bhatt%', 'raj bhatt', '%raj bhatt%']
2026-04-15 18:35:35,060 | INFO | ai-websocket | [DB RAW COUNT]: 17 results found in database
2026-04-15 18:35:35,060 | INFO | ai-websocket | DEBUG DB DATA -> Title: Raj Bhatt | Original Content: 
        Raj Bhatt
        General Management
    ...
2026-04-15 18:35:35,060 | INFO | ai-websocket | DEBUG DB DATA -> Title: DeepakRaj Bhatt | Original Content: 
        DeepakRaj Bhatt
        Housekeeping
    ...
2026-04-15 18:35:35,060 | INFO | ai-websocket | DEBUG DB DATA -> Title: Dheeraj Bhatt | Original Content: 
        Dheeraj Bhatt
        
        
        S...
2026-04-15 18:35:35,060 | INFO | ai-websocket | DEBUG DB DATA -> Title: Deepak Raj Bhatt | Original Content: 
        Deepak Raj Bhatt
        
        
      ...
2026-04-15 18:35:35,060 | INFO | ai-websocket | DEBUG DB DATA -> Title: Neeraj Bhatt | Original Content: 
        Neeraj Bhatt
        
        
        Sk...
2026-04-15 18:35:35,060 | INFO | ai-websocket | DEBUG DB DATA -> Title: Prakash raj Bhattarai | Original Content: 
        Prakash raj Bhattarai
        
        
 ...
2026-04-15 18:35:35,060 | INFO | ai-websocket | DEBUG DB DATA -> Title: Eika Raj bhatta | Original Content: 
        Eika Raj bhatta
        Housekeeping
    ...
2026-04-15 18:35:35,060 | INFO | ai-websocket | DEBUG DB DATA -> Title: Suraj Bhattrai | Original Content: 
        Suraj Bhattrai
        Head Office & Admi...
2026-04-15 18:35:35,069 | INFO | ai-websocket | DEBUG DB DATA -> Title: DHIRGA RAJ BHATTARAI | Original Content: 
        DHIRGA RAJ BHATTARAI
        Food and Bev...
2026-04-15 18:35:35,069 | INFO | ai-websocket | DEBUG DB DATA -> Title: Neeraj Bhatt | Original Content: 
        Neeraj Bhatt
        Food and Beverage Se...
2026-04-15 18:35:35,071 | INFO | ai-websocket | DEBUG DB DATA -> Title: Prem Raj Bhatt | Original Content: 
        Prem Raj Bhatt
        Chefs-Kitchen
    ...
2026-04-15 18:35:35,071 | INFO | ai-websocket | DEBUG DB DATA -> Title: Nabraj Bhattarai | Original Content: 
        Nabraj Bhattarai
        Chefs-Kitchen
  ...
2026-04-15 18:35:35,071 | INFO | ai-websocket | DEBUG DB DATA -> Title: janak raj bhatt | Original Content: 
        janak raj bhatt
        Housekeeping
    ...
2026-04-15 18:35:35,071 | INFO | ai-websocket | DEBUG DB DATA -> Title: Suraj Bhattarai | Original Content: 
        Suraj Bhattarai
        Food and Beverage...
2026-04-15 18:35:35,074 | INFO | ai-websocket | DEBUG DB DATA -> Title: Shiraj Bhattarai | Original Content: 
        Shiraj Bhattarai
        Front of House
 ...
2026-04-15 18:35:35,074 | INFO | ai-websocket | DEBUG DB DATA -> Title: Bedhraj Bhattarai | Original Content: 
        Bedhraj Bhattarai
        Housekeeping
  ...
2026-04-15 18:35:35,074 | INFO | ai-websocket | DEBUG DB DATA -> Title: Suraj Bhattacharya | Original Content: 
        Suraj Bhattacharya
        Housekeeping
 ...
2026-04-15 18:35:35,076 | INFO | ai-websocket | --- RAW RESULTS BEFORE SORTING ---
2026-04-15 18:35:35,077 | INFO | ai-websocket | Row 1: Raj Bhatt | Paid: True | PkgID: 5
2026-04-15 18:35:35,081 | INFO | ai-websocket | Row 2: DeepakRaj Bhatt | Paid: False | PkgID: None
2026-04-15 18:35:35,081 | INFO | ai-websocket | Row 3: Dheeraj Bhatt | Paid: False | PkgID: None
2026-04-15 18:35:35,081 | INFO | ai-websocket | Row 4: Deepak Raj Bhatt | Paid: False | PkgID: None
2026-04-15 18:35:35,081 | INFO | ai-websocket | Row 5: Neeraj Bhatt | Paid: False | PkgID: None
2026-04-15 18:35:35,081 | INFO | ai-websocket | --- RESULTS AFTER PRIORITY SORTING (SENT TO LLM) ---
2026-04-15 18:35:35,085 | INFO | ai-websocket | Sorted 1: Raj Bhatt | Content: 
        Raj Bhatt
        General Management
        CEO
        Skills: Leadership, Hotel Management, HR, Consulting
        Location: Los Angeles, 
2026-04-15 18:35:35,085 | INFO | ai-websocket | Sorted 2: DeepakRaj Bhatt | Content: 
        DeepakRaj Bhatt
        Housekeeping
        Housekeeping Supervisor
        Skills: 
        Location: Dubai - United Arab Emirates
        
2026-04-15 18:35:35,085 | INFO | ai-websocket | Sorted 3: Dheeraj Bhatt | Content: 
        Dheeraj Bhatt
        
        
        Skills: 
        Location: Delhi
        Name: Dheeraj Bhatt
        Industries: Hotels & Resorts
   
2026-04-15 18:35:35,085 | INFO | ai-websocket | Sorted 4: Deepak Raj Bhatt | Content: 
        Deepak Raj Bhatt
        
        
        Skills: 
        Location: Haridwar
        Name: Deepak Raj Bhatt
        Industries: Hotels & Re
2026-04-15 18:35:35,092 | INFO | ai-websocket | Sorted 5: Neeraj Bhatt | Content: 
        Neeraj Bhatt
        
        
        Skills: 
        Location: nan
        Name: Neeraj Bhatt
        Industries: Hotels & Resorts
       
2026-04-15 18:35:35,093 | INFO | ai-websocket | [SEARCH RESULT]: Successfully returning 6 results from DB
2026-04-15 18:35:35,603 | INFO | ai-websocket | --- STARTING UNIVERSAL EXTRACTION (6 results) ---
2026-04-15 18:35:35,603 | INFO | ai-websocket | SUCCESS: Intro extracted for Raj Bhatt
2026-04-15 18:35:35,603 | INFO | ai-websocket | Instruction attached to Prompt: [FIXED INTRO & CARD PROTECT]
2026-04-15 18:35:35,603 | INFO | ai-websocket | --- LLM STREAMING STARTED ---
2026-04-15 18:35:53,452 | INFO | ai-websocket | --- LLM STREAMING FINISHED ---
2026-04-15 18:35:53,452 | INFO | ai-websocket | SUCCESS: DB Intro found in LLM response!
2026-04-15 18:38:16,209 | WARNING | ai-websocket | [WS DISCONNECTED]
2026-04-15 18:39:24,309 | INFO | ai-websocket | [WS CONNECT] Origin: None
2026-04-15 18:39:30,929 | DEBUG | ai-websocket | [WS RECEIVED] Raw Data: {'query': 'raj bhatt', 'user_id': 402981, 'org_id': 1, 'conversation_id': ''}
2026-04-15 18:39:30,974 | INFO | ai-websocket | [QUERY] User:402981 Org:1 : raj bhatt
2026-04-15 18:39:32,112 | DEBUG | ai-websocket | [CONVERSATION] ID: 596
2026-04-15 18:39:37,012 | INFO | ai-websocket | Intent detected: {'intent': 'SEARCH', 'type': 'PROFESSIONAL', 'keywords': 'raj bhatt', 'location': '', 'rephrased_query': 'raj bhatt'}
2026-04-15 18:39:37,012 | DEBUG | ai-websocket | [INTENT] {'intent': 'SEARCH', 'type': 'PROFESSIONAL', 'keywords': 'raj bhatt', 'location': '', 'rephrased_query': 'raj bhatt'}
2026-04-15 18:39:37,012 | DEBUG | ai-websocket | [BASE QUERY] raj bhatt
2026-04-15 18:39:41,563 | INFO | ai-websocket | [FOLLOWUP DETECT] {'is_followup': False, 'type': 'switch'}
2026-04-15 18:39:41,563 | INFO | ai-websocket | [FINAL QUERY] raj bhatt
2026-04-15 18:39:41,563 | INFO | ai-websocket | [INTENT TYPE] PROFESSIONAL | Location: 
2026-04-15 18:39:41,890 | INFO | ai-websocket | [SEARCH STAGE]: Trying Full Phrase Match for 'raj bhatt'
2026-04-15 18:39:41,890 | INFO | ai-websocket | --- STARTING DB EXECUTION ---
2026-04-15 18:39:41,893 | INFO | ai-websocket | SQL: 
            SELECT 
                msi.title, 
                msi.content, 
                msi.category_text, 
                msi.location_text, 
                msi.slug, 
                ua.package_id,
                COALESCE(NULLIF(ua.about_us, ''), msi.content, '') as about_us
            FROM master_search_mastersearchindex msi
            LEFT JOIN user_accounts ua ON (
                msi.user_name = ua.username 
                OR LOWER(msi.title) = LOWER(ua.company_name)
            )
            WHERE msi.is_live = TRUE
             AND LOWER(msi.category_text) LIKE %s
                AND (LOWER(msi.title) LIKE %s OR LOWER(msi.content) LIKE %s)
                ORDER BY 
                    (CASE WHEN ua.package_id > 0 THEN 0 ELSE 1 END),
                    CASE 
                        WHEN LOWER(msi.title) = %s THEN 0
                        WHEN LOWER(msi.title) LIKE %s THEN 1
                        ELSE 2
                    END,
                    msi.id DESC
                LIMIT 100
                
2026-04-15 18:39:41,893 | INFO | ai-websocket | Params: ['%professional%', '%raj bhatt%', '%raj bhatt%', 'raj bhatt', '%raj bhatt%']
2026-04-15 18:39:47,168 | INFO | ai-websocket | [DB RAW COUNT]: 17 results found in database
2026-04-15 18:39:47,168 | INFO | ai-websocket | DEBUG DB DATA -> Title: Raj Bhatt | Original Content: 
        Raj Bhatt
        General Management
    ...
2026-04-15 18:39:47,168 | INFO | ai-websocket | DEBUG DB DATA -> Title: DeepakRaj Bhatt | Original Content: 
        DeepakRaj Bhatt
        Housekeeping
    ...
2026-04-15 18:39:47,168 | INFO | ai-websocket | DEBUG DB DATA -> Title: Dheeraj Bhatt | Original Content: 
        Dheeraj Bhatt
        
        
        S...
2026-04-15 18:39:47,168 | INFO | ai-websocket | DEBUG DB DATA -> Title: Deepak Raj Bhatt | Original Content: 
        Deepak Raj Bhatt
        
        
      ...
2026-04-15 18:39:47,175 | INFO | ai-websocket | DEBUG DB DATA -> Title: Neeraj Bhatt | Original Content: 
        Neeraj Bhatt
        
        
        Sk...
2026-04-15 18:39:47,175 | INFO | ai-websocket | DEBUG DB DATA -> Title: Prakash raj Bhattarai | Original Content: 
        Prakash raj Bhattarai
        
        
 ...
2026-04-15 18:39:47,175 | INFO | ai-websocket | DEBUG DB DATA -> Title: Eika Raj bhatta | Original Content: 
        Eika Raj bhatta
        Housekeeping
    ...
2026-04-15 18:39:47,176 | INFO | ai-websocket | DEBUG DB DATA -> Title: Suraj Bhattrai | Original Content: 
        Suraj Bhattrai
        Head Office & Admi...
2026-04-15 18:39:47,176 | INFO | ai-websocket | DEBUG DB DATA -> Title: DHIRGA RAJ BHATTARAI | Original Content: 
        DHIRGA RAJ BHATTARAI
        Food and Bev...
2026-04-15 18:39:47,176 | INFO | ai-websocket | DEBUG DB DATA -> Title: Neeraj Bhatt | Original Content: 
        Neeraj Bhatt
        Food and Beverage Se...
2026-04-15 18:39:47,177 | INFO | ai-websocket | DEBUG DB DATA -> Title: Prem Raj Bhatt | Original Content: 
        Prem Raj Bhatt
        Chefs-Kitchen
    ...
2026-04-15 18:39:47,177 | INFO | ai-websocket | DEBUG DB DATA -> Title: Nabraj Bhattarai | Original Content: 
        Nabraj Bhattarai
        Chefs-Kitchen
  ...
2026-04-15 18:39:47,178 | INFO | ai-websocket | DEBUG DB DATA -> Title: janak raj bhatt | Original Content: 
        janak raj bhatt
        Housekeeping
    ...
2026-04-15 18:39:47,178 | INFO | ai-websocket | DEBUG DB DATA -> Title: Suraj Bhattarai | Original Content: 
        Suraj Bhattarai
        Food and Beverage...
2026-04-15 18:39:47,178 | INFO | ai-websocket | DEBUG DB DATA -> Title: Shiraj Bhattarai | Original Content: 
        Shiraj Bhattarai
        Front of House
 ...
2026-04-15 18:39:47,179 | INFO | ai-websocket | DEBUG DB DATA -> Title: Bedhraj Bhattarai | Original Content: 
        Bedhraj Bhattarai
        Housekeeping
  ...
2026-04-15 18:39:47,179 | INFO | ai-websocket | DEBUG DB DATA -> Title: Suraj Bhattacharya | Original Content: 
        Suraj Bhattacharya
        Housekeeping
 ...
2026-04-15 18:39:47,180 | INFO | ai-websocket | --- RAW RESULTS BEFORE SORTING ---
2026-04-15 18:39:47,180 | INFO | ai-websocket | Row 1: Raj Bhatt | Paid: True | PkgID: 5
2026-04-15 18:39:47,180 | INFO | ai-websocket | Row 2: DeepakRaj Bhatt | Paid: False | PkgID: None
2026-04-15 18:39:47,180 | INFO | ai-websocket | Row 3: Dheeraj Bhatt | Paid: False | PkgID: None
2026-04-15 18:39:47,183 | INFO | ai-websocket | Row 4: Deepak Raj Bhatt | Paid: False | PkgID: None
2026-04-15 18:39:47,185 | INFO | ai-websocket | Row 5: Neeraj Bhatt | Paid: False | PkgID: None
2026-04-15 18:39:47,185 | INFO | ai-websocket | --- RESULTS AFTER PRIORITY SORTING (SENT TO LLM) ---
2026-04-15 18:39:47,185 | INFO | ai-websocket | Sorted 1: Raj Bhatt | Content: 
        Raj Bhatt
        General Management
        CEO
        Skills: Leadership, Hotel Management, HR, Consulting
        Location: Los Angeles, 
2026-04-15 18:39:47,185 | INFO | ai-websocket | Sorted 2: DeepakRaj Bhatt | Content: 
        DeepakRaj Bhatt
        Housekeeping
        Housekeeping Supervisor
        Skills: 
        Location: Dubai - United Arab Emirates
        
2026-04-15 18:39:47,188 | INFO | ai-websocket | Sorted 3: Dheeraj Bhatt | Content: 
        Dheeraj Bhatt
        
        
        Skills: 
        Location: Delhi
        Name: Dheeraj Bhatt
        Industries: Hotels & Resorts
   
2026-04-15 18:39:47,188 | INFO | ai-websocket | Sorted 4: Deepak Raj Bhatt | Content: 
        Deepak Raj Bhatt
        
        
        Skills: 
        Location: Haridwar
        Name: Deepak Raj Bhatt
        Industries: Hotels & Re
2026-04-15 18:39:47,189 | INFO | ai-websocket | Sorted 5: Neeraj Bhatt | Content: 
        Neeraj Bhatt
        
        
        Skills: 
        Location: nan
        Name: Neeraj Bhatt
        Industries: Hotels & Resorts
       
2026-04-15 18:39:47,195 | INFO | ai-websocket | [SEARCH RESULT]: Successfully returning 6 results from DB
2026-04-15 18:39:47,936 | INFO | ai-websocket | --- STARTING UNIVERSAL EXTRACTION (6 results) ---
2026-04-15 18:39:47,936 | INFO | ai-websocket | SUCCESS: Intro extracted for Raj Bhatt
2026-04-15 18:39:47,941 | INFO | ai-websocket | Instruction attached to Prompt: [FIXED INTRO & CARD PROTECT]
2026-04-15 18:39:47,941 | INFO | ai-websocket | --- LLM STREAMING STARTED ---
2026-04-15 18:40:09,035 | INFO | ai-websocket | --- LLM STREAMING FINISHED ---
2026-04-15 18:40:09,035 | INFO | ai-websocket | SUCCESS: DB Intro found in LLM response!
2026-04-15 18:42:36,828 | DEBUG | ai-websocket | [WS RECEIVED] Raw Data: {'query': 'yuni hunter', 'user_id': 402981, 'org_id': 1, 'conversation_id': ''}
2026-04-15 18:42:36,828 | INFO | ai-websocket | [QUERY] User:402981 Org:1 : yuni hunter
2026-04-15 18:42:38,413 | DEBUG | ai-websocket | [CONVERSATION] ID: 597
2026-04-15 18:42:43,258 | INFO | ai-websocket | Intent detected: {'intent': 'SEARCH', 'type': 'job', 'keywords': 'yuni hunter', 'location': '', 'rephrased_query': 'yuni hunter'}
2026-04-15 18:42:43,258 | DEBUG | ai-websocket | [INTENT] {'intent': 'SEARCH', 'type': 'job', 'keywords': 'yuni hunter', 'location': '', 'rephrased_query': 'yuni hunter'}
2026-04-15 18:42:43,263 | DEBUG | ai-websocket | [BASE QUERY] yuni hunter
2026-04-15 18:42:46,745 | INFO | ai-websocket | [FOLLOWUP DETECT] {'is_followup': False, 'type': 'switch'}
2026-04-15 18:42:46,746 | INFO | ai-websocket | [FINAL QUERY] yuni hunter
2026-04-15 18:42:46,747 | INFO | ai-websocket | [INTENT TYPE] job | Location: 
2026-04-15 18:42:47,123 | INFO | ai-websocket | [SEARCH STAGE]: Trying Full Phrase Match for 'yuni hunter'
2026-04-15 18:42:47,125 | INFO | ai-websocket | --- STARTING DB EXECUTION ---
2026-04-15 18:42:47,125 | INFO | ai-websocket | SQL: 
            SELECT 
                msi.title, 
                msi.content, 
                msi.category_text, 
                msi.location_text, 
                msi.slug, 
                ua.package_id,
                COALESCE(NULLIF(ua.about_us, ''), msi.content, '') as about_us
            FROM master_search_mastersearchindex msi
            LEFT JOIN user_accounts ua ON (
                msi.user_name = ua.username 
                OR LOWER(msi.title) = LOWER(ua.company_name)
            )
            WHERE msi.is_live = TRUE
             AND LOWER(msi.category_text) LIKE %s
                AND (LOWER(msi.title) LIKE %s OR LOWER(msi.content) LIKE %s)
                ORDER BY 
                    (CASE WHEN ua.package_id > 0 THEN 0 ELSE 1 END),
                    CASE 
                        WHEN LOWER(msi.title) = %s THEN 0
                        WHEN LOWER(msi.title) LIKE %s THEN 1
                        ELSE 2
                    END,
                    msi.id DESC
                LIMIT 100
                
2026-04-15 18:42:47,127 | INFO | ai-websocket | Params: ['%job%', '%yuni hunter%', '%yuni hunter%', 'yuni hunter', '%yuni hunter%']
2026-04-15 18:42:47,919 | INFO | ai-websocket | [DB RAW COUNT]: 0 results found in database
2026-04-15 18:42:47,919 | INFO | ai-websocket | [SEARCH STAGE]: Full phrase failed. Trying AND condition for words: ['yuni', 'hunter']
2026-04-15 18:42:47,919 | INFO | ai-websocket | --- STARTING DB EXECUTION ---
2026-04-15 18:42:47,919 | INFO | ai-websocket | SQL: 
            SELECT 
                msi.title, 
                msi.content, 
                msi.category_text, 
                msi.location_text, 
                msi.slug, 
                ua.package_id,
                COALESCE(NULLIF(ua.about_us, ''), msi.content, '') as about_us
            FROM master_search_mastersearchindex msi
            LEFT JOIN user_accounts ua ON (
                msi.user_name = ua.username 
                OR LOWER(msi.title) = LOWER(ua.company_name)
            )
            WHERE msi.is_live = TRUE
             AND LOWER(msi.category_text) LIKE %s AND (LOWER(msi.title) LIKE %s OR LOWER(msi.content) LIKE %s) AND (LOWER(msi.title) LIKE %s OR LOWER(msi.content) LIKE %s) ORDER BY (CASE WHEN ua.package_id > 0 THEN 0 ELSE 1 END), msi.id DESC LIMIT 100
2026-04-15 18:42:47,922 | INFO | ai-websocket | Params: ['%job%', '%yuni%', '%yuni%', '%hunter%', '%hunter%']
2026-04-15 18:42:48,398 | INFO | ai-websocket | [DB RAW COUNT]: 0 results found in database
2026-04-15 18:42:48,400 | INFO | ai-websocket | [SEARCH STAGE]: AND match failed. Trying OR condition for words: ['yuni', 'hunter']
2026-04-15 18:42:48,400 | INFO | ai-websocket | --- STARTING DB EXECUTION ---
2026-04-15 18:42:48,400 | INFO | ai-websocket | SQL: 
            SELECT 
                msi.title, 
                msi.content, 
                msi.category_text, 
                msi.location_text, 
                msi.slug, 
                ua.package_id,
                COALESCE(NULLIF(ua.about_us, ''), msi.content, '') as about_us
            FROM master_search_mastersearchindex msi
            LEFT JOIN user_accounts ua ON (
                msi.user_name = ua.username 
                OR LOWER(msi.title) = LOWER(ua.company_name)
            )
            WHERE msi.is_live = TRUE
             AND LOWER(msi.category_text) LIKE %s AND ((LOWER(msi.title) LIKE %s OR LOWER(msi.content) LIKE %s) OR (LOWER(msi.title) LIKE %s OR LOWER(msi.content) LIKE %s)) ORDER BY (CASE WHEN ua.package_id > 0 THEN 0 ELSE 1 END), msi.id DESC LIMIT 100
2026-04-15 18:42:48,402 | INFO | ai-websocket | Params: ['%job%', '%yuni%', '%yuni%', '%hunter%', '%hunter%']
2026-04-15 18:42:50,854 | INFO | ai-websocket | [DB RAW COUNT]: 5 results found in database
2026-04-15 18:42:50,854 | INFO | ai-websocket | DEBUG DB DATA -> Title: Sales Hunter- Task Force | Original Content: 
        Sales Hunter- Task Force
        <b>Descr...
2026-04-15 18:42:50,854 | INFO | ai-websocket | DEBUG DB DATA -> Title: Room Attendant - voco Kirkton Park Hunter Valley | Original Content: 
        Room Attendant - voco Kirkton Park Hunter...
2026-04-15 18:42:50,854 | INFO | ai-websocket | DEBUG DB DATA -> Title: Food and Beverage Attendant - voco Kirkton Park Hunter Valley | Original Content: 
        Food and Beverage Attendant - voco Kirkto...
2026-04-15 18:42:50,854 | INFO | ai-websocket | DEBUG DB DATA -> Title: Food & Beverage Supervisor - voco Kirkton Park Hunter Valley | Original Content: 
        Food & Beverage Supervisor - voco Kirkton...
2026-04-15 18:42:50,854 | INFO | ai-websocket | DEBUG DB DATA -> Title: Meetings & Events Planner | Original Content: 
        Meetings & Events Planner
        Love br...
2026-04-15 18:42:50,854 | INFO | ai-websocket | --- RAW RESULTS BEFORE SORTING ---
2026-04-15 18:42:50,854 | INFO | ai-websocket | Row 1: Sales Hunter- Task Force | Paid: False | PkgID: None
2026-04-15 18:42:50,854 | INFO | ai-websocket | Row 2: Room Attendant - voco Kirkton Park Hunter Valley | Paid: False | PkgID: None
2026-04-15 18:42:50,854 | INFO | ai-websocket | Row 3: Food and Beverage Attendant - voco Kirkton Park Hunter Valley | Paid: False | PkgID: None
2026-04-15 18:42:50,854 | INFO | ai-websocket | Row 4: Food & Beverage Supervisor - voco Kirkton Park Hunter Valley | Paid: False | PkgID: None
2026-04-15 18:42:50,854 | INFO | ai-websocket | Row 5: Meetings & Events Planner | Paid: False | PkgID: None
2026-04-15 18:42:50,862 | INFO | ai-websocket | --- RESULTS AFTER PRIORITY SORTING (SENT TO LLM) ---
2026-04-15 18:42:50,862 | INFO | ai-websocket | Sorted 1: Sales Hunter- Task Force | Content: 
        Sales Hunter- Task Force
        <b>Description</b><br><br> At Hyatt, we believe our guests select Hyatt because of our caring and attentive 
2026-04-15 18:42:50,863 | INFO | ai-websocket | Sorted 2: Room Attendant - voco Kirkton Park Hunter Valley | Content: 
        Room Attendant - voco Kirkton Park Hunter Valley
        voco Kirkton Park Hunter Valley is a luxury boutique hotel on an intimate 70-acre es
2026-04-15 18:42:50,863 | INFO | ai-websocket | Sorted 3: Food and Beverage Attendant - voco Kirkton Park Hunter Valley | Content: 
        Food and Beverage Attendant - voco Kirkton Park Hunter Valley
        Truly memorable restaurant experiences don't just come from delicious d
2026-04-15 18:42:50,864 | INFO | ai-websocket | Sorted 4: Food & Beverage Supervisor - voco Kirkton Park Hunter Valley | Content: 
        Food & Beverage Supervisor - voco Kirkton Park Hunter Valley
        voco Kirkton Park Hunter Valley is a luxury boutique hotel set on an int
2026-04-15 18:42:50,864 | INFO | ai-websocket | Sorted 5: Meetings & Events Planner | Content: 
        Meetings & Events Planner
        Love bringing people together and making every detail shine? At <strong>voco Kirkton Park Hunter Valley</st
2026-04-15 18:42:50,864 | INFO | ai-websocket | [SEARCH RESULT]: Successfully returning 5 results from DB
2026-04-15 18:42:51,358 | WARNING | ai-websocket | ALERT: No valid intro could be built for yuni hunter
2026-04-15 18:42:51,413 | INFO | ai-websocket | --- LLM STREAMING STARTED ---
2026-04-15 18:43:06,203 | INFO | ai-websocket | --- LLM STREAMING FINISHED ---
2026-04-15 18:43:06,205 | WARNING | ai-websocket | ALERT: LLM might have ignored the fixed intro.
2026-04-15 18:43:09,699 | INFO | ai-websocket | [WS CONNECT] Origin: None
2026-04-15 18:43:09,707 | WARNING | ai-websocket | [WS DISCONNECTED]
2026-04-15 18:43:43,324 | WARNING | ai-websocket | [WS DISCONNECTED]
2026-04-15 18:46:06,170 | INFO | ai-websocket | [WS CONNECT] Origin: None
2026-04-15 18:46:17,403 | DEBUG | ai-websocket | [WS RECEIVED] Raw Data: {'query': 'who is yuni hunter', 'user_id': 402981, 'org_id': 1, 'conversation_id': ''}
2026-04-15 18:46:17,405 | INFO | ai-websocket | [QUERY] User:402981 Org:1 : who is yuni hunter
2026-04-15 18:46:18,730 | DEBUG | ai-websocket | [CONVERSATION] ID: 598
2026-04-15 18:46:23,787 | INFO | ai-websocket | Intent detected: {'intent': 'SEARCH', 'type': 'professional', 'keywords': 'yuni hunter', 'location': '', 'rephrased_query': 'who is yuni hunter'}
2026-04-15 18:46:23,789 | DEBUG | ai-websocket | [INTENT] {'intent': 'SEARCH', 'type': 'professional', 'keywords': 'yuni hunter', 'location': '', 'rephrased_query': 'who is yuni hunter'}
2026-04-15 18:46:23,790 | DEBUG | ai-websocket | [BASE QUERY] yuni hunter
2026-04-15 18:46:28,180 | INFO | ai-websocket | [FOLLOWUP DETECT] {'is_followup': False, 'type': 'switch'}
2026-04-15 18:46:28,180 | INFO | ai-websocket | [FINAL QUERY] yuni hunter
2026-04-15 18:46:28,180 | INFO | ai-websocket | [INTENT TYPE] professional | Location: 
2026-04-15 18:46:28,505 | INFO | ai-websocket | [SEARCH STAGE]: Trying Full Phrase Match for 'yuni hunter'
2026-04-15 18:46:28,505 | INFO | ai-websocket | --- STARTING DB EXECUTION ---
2026-04-15 18:46:28,505 | INFO | ai-websocket | SQL: 
            SELECT 
                msi.title, 
                msi.content, 
                msi.category_text, 
                msi.location_text, 
                msi.slug, 
                ua.package_id,
                COALESCE(NULLIF(ua.about_us, ''), msi.content, '') as about_us
            FROM master_search_mastersearchindex msi
            LEFT JOIN user_accounts ua ON (
                msi.user_name = ua.username 
                OR LOWER(msi.title) = LOWER(ua.company_name)
            )
            WHERE msi.is_live = TRUE
             AND LOWER(msi.category_text) LIKE %s
                AND (LOWER(msi.title) LIKE %s OR LOWER(msi.content) LIKE %s)
                ORDER BY 
                    (CASE WHEN ua.package_id > 0 THEN 0 ELSE 1 END),
                    CASE 
                        WHEN LOWER(msi.title) = %s THEN 0
                        WHEN LOWER(msi.title) LIKE %s THEN 1
                        ELSE 2
                    END,
                    msi.id DESC
                LIMIT 100
                
2026-04-15 18:46:28,511 | INFO | ai-websocket | Params: ['%professional%', '%yuni hunter%', '%yuni hunter%', 'yuni hunter', '%yuni hunter%']
2026-04-15 18:46:30,494 | INFO | ai-websocket | [DB RAW COUNT]: 1 results found in database
2026-04-15 18:46:30,498 | INFO | ai-websocket | DEBUG DB DATA -> Title: Yuni Hunter | Original Content: 
        Yuni Hunter
        Head Office & Admin
 ...
2026-04-15 18:46:30,500 | INFO | ai-websocket | --- RAW RESULTS BEFORE SORTING ---
2026-04-15 18:46:30,502 | INFO | ai-websocket | Row 1: Yuni Hunter | Paid: True | PkgID: 5
2026-04-15 18:46:30,502 | INFO | ai-websocket | --- RESULTS AFTER PRIORITY SORTING (SENT TO LLM) ---
2026-04-15 18:46:30,506 | INFO | ai-websocket | Sorted 1: Yuni Hunter | Content: 
        Yuni Hunter
        Head Office & Admin
        General Manager
        Skills: 
        Location: Irvine, CA, USA
        Name: Yuni Hunter

2026-04-15 18:46:30,508 | INFO | ai-websocket | [SEARCH RESULT]: Successfully returning 1 results from DB
2026-04-15 18:46:31,108 | INFO | ai-websocket | --- STARTING UNIVERSAL EXTRACTION (1 results) ---
2026-04-15 18:46:31,108 | INFO | ai-websocket | SUCCESS: Intro extracted for Yuni Hunter
2026-04-15 18:46:31,116 | INFO | ai-websocket | Instruction attached to Prompt: [FIXED INTRO & CARD PROTECT]
2026-04-15 18:46:31,116 | INFO | ai-websocket | --- LLM STREAMING STARTED ---
2026-04-15 18:46:42,558 | INFO | ai-websocket | --- LLM STREAMING FINISHED ---
2026-04-15 18:46:42,559 | INFO | ai-websocket | SUCCESS: DB Intro found in LLM response!
2026-04-15 18:47:13,672 | DEBUG | ai-websocket | [WS RECEIVED] Raw Data: {'query': 'vandana bhatt', 'user_id': 402981, 'org_id': 1, 'conversation_id': ''}
2026-04-15 18:47:13,672 | INFO | ai-websocket | [QUERY] User:402981 Org:1 : vandana bhatt
2026-04-15 18:47:14,702 | DEBUG | ai-websocket | [CONVERSATION] ID: 599
2026-04-15 18:47:18,065 | INFO | ai-websocket | Intent detected: {'intent': 'SEARCH', 'type': 'professional', 'keywords': 'vandana bhatt', 'location': '', 'rephrased_query': 'vandana bhatt'}
2026-04-15 18:47:18,067 | DEBUG | ai-websocket | [INTENT] {'intent': 'SEARCH', 'type': 'professional', 'keywords': 'vandana bhatt', 'location': '', 'rephrased_query': 'vandana bhatt'}
2026-04-15 18:47:18,067 | DEBUG | ai-websocket | [BASE QUERY] vandana bhatt
2026-04-15 18:47:20,870 | INFO | ai-websocket | [FOLLOWUP DETECT] {'is_followup': False, 'type': 'switch'}
2026-04-15 18:47:20,870 | INFO | ai-websocket | [FINAL QUERY] vandana bhatt
2026-04-15 18:47:20,870 | INFO | ai-websocket | [INTENT TYPE] professional | Location: 
2026-04-15 18:47:21,278 | INFO | ai-websocket | [SEARCH STAGE]: Trying Full Phrase Match for 'vandana bhatt'
2026-04-15 18:47:21,278 | INFO | ai-websocket | --- STARTING DB EXECUTION ---
2026-04-15 18:47:21,280 | INFO | ai-websocket | SQL: 
            SELECT 
                msi.title, 
                msi.content, 
                msi.category_text, 
                msi.location_text, 
                msi.slug, 
                ua.package_id,
                COALESCE(NULLIF(ua.about_us, ''), msi.content, '') as about_us
            FROM master_search_mastersearchindex msi
            LEFT JOIN user_accounts ua ON (
                msi.user_name = ua.username 
                OR LOWER(msi.title) = LOWER(ua.company_name)
            )
            WHERE msi.is_live = TRUE
             AND LOWER(msi.category_text) LIKE %s
                AND (LOWER(msi.title) LIKE %s OR LOWER(msi.content) LIKE %s)
                ORDER BY 
                    (CASE WHEN ua.package_id > 0 THEN 0 ELSE 1 END),
                    CASE 
                        WHEN LOWER(msi.title) = %s THEN 0
                        WHEN LOWER(msi.title) LIKE %s THEN 1
                        ELSE 2
                    END,
                    msi.id DESC
                LIMIT 100
                
2026-04-15 18:47:21,280 | INFO | ai-websocket | Params: ['%professional%', '%vandana bhatt%', '%vandana bhatt%', 'vandana bhatt', '%vandana bhatt%']
2026-04-15 18:47:23,214 | INFO | ai-websocket | [DB RAW COUNT]: 1 results found in database
2026-04-15 18:47:23,214 | INFO | ai-websocket | DEBUG DB DATA -> Title: Vandana Bhatt | Original Content: 
        Vandana Bhatt
        General Management
...
2026-04-15 18:47:23,214 | INFO | ai-websocket | --- RAW RESULTS BEFORE SORTING ---
2026-04-15 18:47:23,214 | INFO | ai-websocket | Row 1: Vandana Bhatt | Paid: False | PkgID: None
2026-04-15 18:47:23,214 | INFO | ai-websocket | --- RESULTS AFTER PRIORITY SORTING (SENT TO LLM) ---
2026-04-15 18:47:23,214 | INFO | ai-websocket | Sorted 1: Vandana Bhatt | Content: 
        Vandana Bhatt
        General Management
        Managing Director (MD)
        Skills: 
        Location: Los Angeles, CA, USA
        Name:
2026-04-15 18:47:23,214 | INFO | ai-websocket | [SEARCH RESULT]: Successfully returning 1 results from DB
2026-04-15 18:47:24,295 | INFO | ai-websocket | --- STARTING UNIVERSAL EXTRACTION (1 results) ---
2026-04-15 18:47:24,295 | INFO | ai-websocket | SUCCESS: Intro extracted for Vandana Bhatt
2026-04-15 18:47:24,408 | INFO | ai-websocket | Instruction attached to Prompt: [FIXED INTRO & CARD PROTECT]
2026-04-15 18:47:24,410 | INFO | ai-websocket | --- LLM STREAMING STARTED ---
2026-04-15 18:47:36,665 | INFO | ai-websocket | --- LLM STREAMING FINISHED ---
2026-04-15 18:47:36,665 | INFO | ai-websocket | SUCCESS: DB Intro found in LLM response!
2026-04-15 19:00:45,415 | DEBUG | ai-websocket | [WS RECEIVED] Raw Data: {'query': 'vandana bhatt', 'user_id': 402981, 'org_id': 1, 'conversation_id': ''}
2026-04-15 19:00:45,431 | INFO | ai-websocket | [QUERY] User:402981 Org:1 : vandana bhatt
2026-04-15 19:00:45,493 | ERROR | ai-websocket | [DB ERROR create_conversation] server closed the connection unexpectedly
	This probably means the server terminated abnormally
	before or while processing the request.
server closed the connection unexpectedly
	This probably means the server terminated abnormally
	before or while processing the request.
Traceback (most recent call last):
  File "E:\hospitality\hozpitality-ai\ai_server_2.py", line 628, in create_conversation
    cur.execute("""
psycopg2.OperationalError: server closed the connection unexpectedly
	This probably means the server terminated abnormally
	before or while processing the request.
server closed the connection unexpectedly
	This probably means the server terminated abnormally
	before or while processing the request.

2026-04-15 19:00:45,532 | DEBUG | ai-websocket | [CONVERSATION] ID: None
2026-04-15 19:00:49,659 | ERROR | ai-websocket | Intent error: HTTPConnectionPool(host='localhost', port=11434): Max retries exceeded with url: /api/generate (Caused by NewConnectionError("HTTPConnection(host='localhost', port=11434): Failed to establish a new connection: [WinError 10061] No connection could be made because the target machine actively refused it"))
2026-04-15 19:00:49,660 | DEBUG | ai-websocket | [INTENT] {'intent': 'SEARCH', 'type': 'article', 'keywords': 'vandana bhatt', 'location': '', 'rephrased_query': 'vandana bhatt'}
2026-04-15 19:00:49,662 | DEBUG | ai-websocket | [BASE QUERY] vandana bhatt
2026-04-15 19:01:14,628 | ERROR | ai-websocket | [WS ERROR] Error 10061 connecting to localhost:6379. No connection could be made because the target machine actively refused it.
Traceback (most recent call last):
  File "E:\hospitality\hozpitality-ai\venv\Lib\site-packages\redis\connection.py", line 1319, in can_read
    return self._parser.can_read(timeout)
           ^^^^^^^^^^^^^^^^^^^^^^^^^^^^^^
  File "E:\hospitality\hozpitality-ai\venv\Lib\site-packages\redis\_parsers\base.py", line 160, in can_read
    return self._buffer and self._buffer.can_read(timeout)
                            ^^^^^^^^^^^^^^^^^^^^^^^^^^^^^^
  File "E:\hospitality\hozpitality-ai\venv\Lib\site-packages\redis\_parsers\socket.py", line 95, in can_read
    return bool(self.unread_bytes()) or self._read_from_socket(
                                        ^^^^^^^^^^^^^^^^^^^^^^^
  File "E:\hospitality\hozpitality-ai\venv\Lib\site-packages\redis\_parsers\socket.py", line 65, in _read_from_socket
    data = sock.recv(socket_read_size)
           ^^^^^^^^^^^^^^^^^^^^^^^^^^^
ConnectionResetError: [WinError 10054] An existing connection was forcibly closed by the remote host

During handling of the above exception, another exception occurred:

Traceback (most recent call last):
  File "E:\hospitality\hozpitality-ai\venv\Lib\site-packages\redis\connection.py", line 3048, in get_connection
    connection.can_read()
  File "E:\hospitality\hozpitality-ai\venv\Lib\site-packages\redis\connection.py", line 1323, in can_read
    raise ConnectionError(f"Error while reading from {host_error}: {e.args}")
redis.exceptions.ConnectionError: Error while reading from localhost:6379: (10054, 'An existing connection was forcibly closed by the remote host', None, 10054, None)

During handling of the above exception, another exception occurred:

Traceback (most recent call last):
  File "E:\hospitality\hozpitality-ai\venv\Lib\site-packages\redis\connection.py", line 1003, in connect_check_health
    sock = self._connect()
           ^^^^^^^^^^^^^^^
  File "E:\hospitality\hozpitality-ai\venv\Lib\site-packages\redis\connection.py", line 1515, in _connect
    raise err
  File "E:\hospitality\hozpitality-ai\venv\Lib\site-packages\redis\connection.py", line 1499, in _connect
    sock.connect(socket_address)
ConnectionRefusedError: [WinError 10061] No connection could be made because the target machine actively refused it

During handling of the above exception, another exception occurred:

Traceback (most recent call last):
  File "E:\hospitality\hozpitality-ai\ai_server_2.py", line 1540, in websocket_chat
    last_ai = get_last_ai_response(user_id, org_id)
              ^^^^^^^^^^^^^^^^^^^^^^^^^^^^^^^^^^^^^
  File "E:\hospitality\hozpitality-ai\ai_server_2.py", line 338, in get_last_ai_response
    return redis_client.get(key) or ""
           ^^^^^^^^^^^^^^^^^^^^^
  File "E:\hospitality\hozpitality-ai\venv\Lib\site-packages\redis\commands\core.py", line 2073, in get
    return self.execute_command("GET", name, keys=[name])
           ^^^^^^^^^^^^^^^^^^^^^^^^^^^^^^^^^^^^^^^^^^^^^^
  File "E:\hospitality\hozpitality-ai\venv\Lib\site-packages\redis\client.py", line 716, in execute_command
    return self._execute_command(*args, **options)
           ^^^^^^^^^^^^^^^^^^^^^^^^^^^^^^^^^^^^^^^
  File "E:\hospitality\hozpitality-ai\venv\Lib\site-packages\redis\client.py", line 722, in _execute_command
    conn = self.connection or pool.get_connection()
                              ^^^^^^^^^^^^^^^^^^^^^
  File "E:\hospitality\hozpitality-ai\venv\Lib\site-packages\redis\utils.py", line 236, in wrapper
    return func(*args, **kwargs)
           ^^^^^^^^^^^^^^^^^^^^^
  File "E:\hospitality\hozpitality-ai\venv\Lib\site-packages\redis\connection.py", line 3055, in get_connection
    connection.connect()
  File "E:\hospitality\hozpitality-ai\venv\Lib\site-packages\redis\connection.py", line 976, in connect
    self.retry.call_with_retry(
  File "E:\hospitality\hozpitality-ai\venv\Lib\site-packages\redis\retry.py", line 132, in call_with_retry
    raise error
  File "E:\hospitality\hozpitality-ai\venv\Lib\site-packages\redis\retry.py", line 120, in call_with_retry
    return do()
           ^^^^
  File "E:\hospitality\hozpitality-ai\venv\Lib\site-packages\redis\connection.py", line 977, in <lambda>
    lambda: self.connect_check_health(
            ^^^^^^^^^^^^^^^^^^^^^^^^^^
  File "E:\hospitality\hozpitality-ai\venv\Lib\site-packages\redis\connection.py", line 1025, in connect_check_health
    raise e
redis.exceptions.ConnectionError: Error 10061 connecting to localhost:6379. No connection could be made because the target machine actively refused it.
2026-04-15 19:02:45,973 | INFO | ai-websocket | [WS CONNECT] Origin: None
2026-04-15 19:03:19,366 | DEBUG | ai-websocket | [WS RECEIVED] Raw Data: {'query': 'vandana bhatt', 'user_id': 402981, 'org_id': 1, 'conversation_id': ''}
2026-04-15 19:03:19,366 | INFO | ai-websocket | [QUERY] User:402981 Org:1 : vandana bhatt
2026-04-15 19:03:20,966 | DEBUG | ai-websocket | [CONVERSATION] ID: 600
2026-04-15 19:03:26,253 | INFO | ai-websocket | Intent detected: {'intent': 'SEARCH', 'type': 'PROFESSIONAL', 'keywords': 'vandana bhatt', 'location': '', 'rephrased_query': 'vandana bhatt'}
2026-04-15 19:03:26,253 | DEBUG | ai-websocket | [INTENT] {'intent': 'SEARCH', 'type': 'PROFESSIONAL', 'keywords': 'vandana bhatt', 'location': '', 'rephrased_query': 'vandana bhatt'}
2026-04-15 19:03:26,253 | DEBUG | ai-websocket | [BASE QUERY] vandana bhatt
2026-04-15 19:03:31,702 | INFO | ai-websocket | [FOLLOWUP DETECT] {'is_followup': False, 'type': 'switch'}
2026-04-15 19:03:31,703 | INFO | ai-websocket | [FINAL QUERY] vandana bhatt
2026-04-15 19:03:31,703 | INFO | ai-websocket | [INTENT TYPE] PROFESSIONAL | Location: 
2026-04-15 19:03:32,577 | INFO | ai-websocket | [SEARCH STAGE]: Trying Full Phrase Match for 'vandana bhatt'
2026-04-15 19:03:32,577 | INFO | ai-websocket | --- STARTING DB EXECUTION ---
2026-04-15 19:03:32,577 | INFO | ai-websocket | SQL: 
            SELECT 
                msi.title, 
                msi.content, 
                msi.category_text, 
                msi.location_text, 
                msi.slug, 
                ua.package_id,
                COALESCE(NULLIF(ua.about_us, ''), msi.content, '') as about_us
            FROM master_search_mastersearchindex msi
            LEFT JOIN user_accounts ua ON (
                msi.user_name = ua.username 
                OR LOWER(msi.title) = LOWER(ua.company_name)
            )
            WHERE msi.is_live = TRUE
             AND LOWER(msi.category_text) LIKE %s
                AND (LOWER(msi.title) LIKE %s OR LOWER(msi.content) LIKE %s)
                ORDER BY 
                    (CASE WHEN ua.package_id > 0 THEN 0 ELSE 1 END),
                    CASE 
                        WHEN LOWER(msi.title) = %s THEN 0
                        WHEN LOWER(msi.title) LIKE %s THEN 1
                        ELSE 2
                    END,
                    msi.id DESC
                LIMIT 100
                
2026-04-15 19:03:32,580 | INFO | ai-websocket | Params: ['%professional%', '%vandana bhatt%', '%vandana bhatt%', 'vandana bhatt', '%vandana bhatt%']
2026-04-15 19:03:36,319 | INFO | ai-websocket | [DB RAW COUNT]: 1 results found in database
2026-04-15 19:03:36,319 | INFO | ai-websocket | DEBUG DB DATA -> Title: Vandana Bhatt | Original Content: 
        Vandana Bhatt
        General Management
...
2026-04-15 19:03:36,319 | INFO | ai-websocket | --- RAW RESULTS BEFORE SORTING ---
2026-04-15 19:03:36,320 | INFO | ai-websocket | Row 1: Vandana Bhatt | Paid: False | PkgID: None
2026-04-15 19:03:36,321 | INFO | ai-websocket | --- RESULTS AFTER PRIORITY SORTING (SENT TO LLM) ---
2026-04-15 19:03:36,321 | INFO | ai-websocket | Sorted 1: Vandana Bhatt | Content: 
        Vandana Bhatt
        General Management
        Managing Director (MD)
        Skills: 
        Location: Los Angeles, CA, USA
        Name:
2026-04-15 19:03:36,321 | INFO | ai-websocket | [SEARCH RESULT]: Successfully returning 1 results from DB
2026-04-15 19:03:37,386 | INFO | ai-websocket | --- STARTING UNIVERSAL EXTRACTION (1 results) ---
2026-04-15 19:03:37,386 | INFO | ai-websocket | SUCCESS: Intro extracted for Vandana Bhatt
2026-04-15 19:03:37,387 | INFO | ai-websocket | Instruction attached to Prompt: [FIXED INTRO & CARD PROTECT]
2026-04-15 19:03:37,388 | INFO | ai-websocket | --- LLM STREAMING STARTED ---
2026-04-15 19:03:47,517 | INFO | ai-websocket | --- LLM STREAMING FINISHED ---
2026-04-15 19:03:47,517 | WARNING | ai-websocket | ALERT: LLM might have ignored the fixed intro.
2026-04-15 19:05:18,752 | DEBUG | ai-websocket | [WS RECEIVED] Raw Data: {'query': 'vandana bhatt', 'user_id': 402981, 'org_id': 1, 'conversation_id': ''}
2026-04-15 19:05:18,756 | INFO | ai-websocket | [QUERY] User:402981 Org:1 : vandana bhatt
2026-04-15 19:05:20,086 | DEBUG | ai-websocket | [CONVERSATION] ID: 601
2026-04-15 19:05:23,657 | INFO | ai-websocket | Intent detected: {'intent': 'SEARCH', 'type': 'PROFESSIONAL', 'keywords': 'vandana bhatt', 'location': '', 'rephrased_query': 'vandana bhatt'}
2026-04-15 19:05:23,657 | DEBUG | ai-websocket | [INTENT] {'intent': 'SEARCH', 'type': 'PROFESSIONAL', 'keywords': 'vandana bhatt', 'location': '', 'rephrased_query': 'vandana bhatt'}
2026-04-15 19:05:23,658 | DEBUG | ai-websocket | [BASE QUERY] vandana bhatt
2026-04-15 19:05:26,536 | INFO | ai-websocket | [FOLLOWUP DETECT] {'is_followup': False, 'response': 'I want to know more about awards', 'type': 'refine'}
2026-04-15 19:05:26,537 | INFO | ai-websocket | [FINAL QUERY] vandana bhatt
2026-04-15 19:05:26,537 | INFO | ai-websocket | [INTENT TYPE] PROFESSIONAL | Location: 
2026-04-15 19:05:26,915 | INFO | ai-websocket | [SEARCH STAGE]: Trying Full Phrase Match for 'vandana bhatt'
2026-04-15 19:05:26,916 | INFO | ai-websocket | --- STARTING DB EXECUTION ---
2026-04-15 19:05:26,916 | INFO | ai-websocket | SQL: 
            SELECT 
                msi.title, 
                msi.content, 
                msi.category_text, 
                msi.location_text, 
                msi.slug, 
                ua.package_id,
                COALESCE(NULLIF(ua.about_us, ''), msi.content, '') as about_us
            FROM master_search_mastersearchindex msi
            LEFT JOIN user_accounts ua ON (
                msi.user_name = ua.username 
                OR LOWER(msi.title) = LOWER(ua.company_name)
            )
            WHERE msi.is_live = TRUE
             AND LOWER(msi.category_text) LIKE %s
                AND (LOWER(msi.title) LIKE %s OR LOWER(msi.content) LIKE %s)
                ORDER BY 
                    (CASE WHEN ua.package_id > 0 THEN 0 ELSE 1 END),
                    CASE 
                        WHEN LOWER(msi.title) = %s THEN 0
                        WHEN LOWER(msi.title) LIKE %s THEN 1
                        ELSE 2
                    END,
                    msi.id DESC
                LIMIT 100
                
2026-04-15 19:05:26,918 | INFO | ai-websocket | Params: ['%professional%', '%vandana bhatt%', '%vandana bhatt%', 'vandana bhatt', '%vandana bhatt%']
2026-04-15 19:05:30,206 | INFO | ai-websocket | [DB RAW COUNT]: 1 results found in database
2026-04-15 19:05:30,206 | INFO | ai-websocket | DEBUG DB DATA -> Title: Vandana Bhatt | Original Content: 
        Vandana Bhatt
        General Management
...
2026-04-15 19:05:30,206 | INFO | ai-websocket | --- RAW RESULTS BEFORE SORTING ---
2026-04-15 19:05:30,208 | INFO | ai-websocket | Row 1: Vandana Bhatt | Paid: False | PkgID: None
2026-04-15 19:05:30,209 | INFO | ai-websocket | --- RESULTS AFTER PRIORITY SORTING (SENT TO LLM) ---
2026-04-15 19:05:30,209 | INFO | ai-websocket | Sorted 1: Vandana Bhatt | Content: 
        Vandana Bhatt
        General Management
        Managing Director (MD)
        Skills: 
        Location: Los Angeles, CA, USA
        Name:
2026-04-15 19:05:30,209 | INFO | ai-websocket | [SEARCH RESULT]: Successfully returning 1 results from DB
2026-04-15 19:05:30,587 | INFO | ai-websocket | --- STARTING UNIVERSAL EXTRACTION (1 results) ---
2026-04-15 19:05:30,588 | INFO | ai-websocket | SUCCESS: Intro extracted for Vandana Bhatt
2026-04-15 19:05:30,592 | INFO | ai-websocket | Instruction attached to Prompt: [FIXED INTRO & CARD PROTECT]
2026-04-15 19:05:30,592 | INFO | ai-websocket | --- LLM STREAMING STARTED ---
2026-04-15 19:05:43,669 | INFO | ai-websocket | --- LLM STREAMING FINISHED ---
2026-04-15 19:05:43,670 | WARNING | ai-websocket | ALERT: LLM might have ignored the fixed intro.
2026-04-15 19:18:09,996 | WARNING | ai-websocket | [WS DISCONNECTED]
2026-04-15 19:20:04,690 | INFO | ai-websocket | [WS CONNECT] Origin: None
2026-04-15 19:20:06,034 | DEBUG | ai-websocket | [WS RECEIVED] Raw Data: {'query': 'vandana bhatt', 'user_id': 402981, 'org_id': 1, 'conversation_id': ''}
2026-04-15 19:20:06,034 | INFO | ai-websocket | [QUERY] User:402981 Org:1 : vandana bhatt
2026-04-15 19:20:07,052 | DEBUG | ai-websocket | [CONVERSATION] ID: 602
2026-04-15 19:20:24,220 | INFO | ai-websocket | Intent detected: {'intent': 'SEARCH', 'type': 'PROFESSIONAL', 'keywords': 'vandana bhatt', 'location': '', 'rephrased_query': 'vandana bhatt'}
2026-04-15 19:20:24,220 | DEBUG | ai-websocket | [INTENT] {'intent': 'SEARCH', 'type': 'PROFESSIONAL', 'keywords': 'vandana bhatt', 'location': '', 'rephrased_query': 'vandana bhatt'}
2026-04-15 19:20:24,220 | DEBUG | ai-websocket | [BASE QUERY] vandana bhatt
2026-04-15 19:20:35,603 | ERROR | ai-websocket | Followup detect error: Extra data: line 5 column 1 (char 50)
2026-04-15 19:20:35,603 | INFO | ai-websocket | [FOLLOWUP DETECT] {'is_followup': False, 'type': 'switch'}
2026-04-15 19:20:35,604 | INFO | ai-websocket | [FINAL QUERY] vandana bhatt
2026-04-15 19:20:35,604 | INFO | ai-websocket | [INTENT TYPE] PROFESSIONAL | Location: 
2026-04-15 19:20:35,928 | INFO | ai-websocket | [SEARCH STAGE]: Trying Full Phrase Match for 'vandana bhatt'
2026-04-15 19:20:35,929 | INFO | ai-websocket | --- STARTING DB EXECUTION ---
2026-04-15 19:20:35,929 | INFO | ai-websocket | SQL: 
            SELECT 
                msi.title, 
                msi.content, 
                msi.category_text, 
                msi.location_text, 
                msi.slug, 
                ua.package_id,
                COALESCE(NULLIF(ua.about_us, '<[^>]*>', '', 'g'), ''), msi.content, '') as about_us
            FROM master_search_mastersearchindex msi
            LEFT JOIN user_accounts ua ON (
                msi.user_name = ua.username 
                OR LOWER(msi.title) = LOWER(ua.company_name)
            )
            WHERE msi.is_live = TRUE
             AND LOWER(msi.category_text) LIKE %s
                AND (LOWER(msi.title) LIKE %s OR LOWER(msi.content) LIKE %s)
                ORDER BY 
                    (CASE WHEN ua.package_id > 0 THEN 0 ELSE 1 END),
                    CASE 
                        WHEN LOWER(msi.title) = %s THEN 0
                        WHEN LOWER(msi.title) LIKE %s THEN 1
                        ELSE 2
                    END,
                    msi.id DESC
                LIMIT 100
                
2026-04-15 19:20:35,930 | INFO | ai-websocket | Params: ['%professional%', '%vandana bhatt%', '%vandana bhatt%', 'vandana bhatt', '%vandana bhatt%']
2026-04-15 19:20:36,656 | ERROR | ai-websocket | DB ERROR in search_db: syntax error at or near ","
LINE 9: ...            COALESCE(NULLIF(ua.about_us, '<[^>]*>', '', 'g')...
                                                             ^
Traceback (most recent call last):
  File "E:\hospitality\hozpitality-ai\ai_server_2.py", line 1010, in search_db
    results = execute(sql, params)
              ^^^^^^^^^^^^^^^^^^^^
  File "E:\hospitality\hozpitality-ai\ai_server_2.py", line 914, in execute
    cur.execute(sql, params)
psycopg2.errors.SyntaxError: syntax error at or near ","
LINE 9: ...            COALESCE(NULLIF(ua.about_us, '<[^>]*>', '', 'g')...
                                                             ^

2026-04-15 19:20:39,224 | WARNING | ai-websocket | ALERT: No valid intro could be built for vandana bhatt
2026-04-15 19:20:39,225 | WARNING | ai-websocket | [NO RESULTS] - switching to AI mode
2026-04-15 19:21:43,698 | WARNING | ai-websocket | [WS DISCONNECTED]
2026-04-15 19:23:03,253 | INFO | ai-websocket | [WS CONNECT] Origin: None
2026-04-15 19:23:07,483 | DEBUG | ai-websocket | [WS RECEIVED] Raw Data: {'query': 'vandana bhatt', 'user_id': 402981, 'org_id': 1, 'conversation_id': ''}
2026-04-15 19:23:07,484 | INFO | ai-websocket | [QUERY] User:402981 Org:1 : vandana bhatt
2026-04-15 19:23:08,999 | DEBUG | ai-websocket | [CONVERSATION] ID: 603
2026-04-15 19:23:12,446 | INFO | ai-websocket | Intent detected: {'intent': 'SEARCH', 'type': 'PROFESSIONAL', 'keywords': 'vandana bhatt', 'location': '', 'rephrased_query': 'vandana bhatt'}
2026-04-15 19:23:12,447 | DEBUG | ai-websocket | [INTENT] {'intent': 'SEARCH', 'type': 'PROFESSIONAL', 'keywords': 'vandana bhatt', 'location': '', 'rephrased_query': 'vandana bhatt'}
2026-04-15 19:23:12,447 | DEBUG | ai-websocket | [BASE QUERY] vandana bhatt
2026-04-15 19:23:16,374 | INFO | ai-websocket | [FOLLOWUP DETECT] {'is_followup': False, 'type': 'new topic'}
2026-04-15 19:23:16,374 | INFO | ai-websocket | [FINAL QUERY] vandana bhatt
2026-04-15 19:23:16,374 | INFO | ai-websocket | [INTENT TYPE] PROFESSIONAL | Location: 
2026-04-15 19:23:16,698 | INFO | ai-websocket | [SEARCH STAGE]: Trying Full Phrase Match for 'vandana bhatt'
2026-04-15 19:23:16,699 | INFO | ai-websocket | --- STARTING DB EXECUTION ---
2026-04-15 19:23:16,700 | INFO | ai-websocket | SQL: 
            SELECT 
                msi.title, 
                msi.content, 
                msi.category_text, 
                msi.location_text, 
                msi.slug, 
                ua.package_id,
                NULLIF(regexp_replace(ua.about_us, '<[^>]*>', '', 'g'), ''), msi.content, '') as about_us
            FROM master_search_mastersearchindex msi
            LEFT JOIN user_accounts ua ON (
                msi.user_name = ua.username 
                OR LOWER(msi.title) = LOWER(ua.company_name)
            )
            WHERE msi.is_live = TRUE
             AND LOWER(msi.category_text) LIKE %s
                AND (LOWER(msi.title) LIKE %s OR LOWER(msi.content) LIKE %s)
                ORDER BY 
                    (CASE WHEN ua.package_id > 0 THEN 0 ELSE 1 END),
                    CASE 
                        WHEN LOWER(msi.title) = %s THEN 0
                        WHEN LOWER(msi.title) LIKE %s THEN 1
                        ELSE 2
                    END,
                    msi.id DESC
                LIMIT 100
                
2026-04-15 19:23:16,701 | INFO | ai-websocket | Params: ['%professional%', '%vandana bhatt%', '%vandana bhatt%', 'vandana bhatt', '%vandana bhatt%']
2026-04-15 19:23:17,512 | ERROR | ai-websocket | DB ERROR in search_db: syntax error at or near ")"
LINE 9: ...bout_us, '<[^>]*>', '', 'g'), ''), msi.content, '') as about...
                                                             ^
Traceback (most recent call last):
  File "E:\hospitality\hozpitality-ai\ai_server_2.py", line 1010, in search_db
    results = execute(sql, params)
              ^^^^^^^^^^^^^^^^^^^^
  File "E:\hospitality\hozpitality-ai\ai_server_2.py", line 914, in execute
    cur.execute(sql, params)
psycopg2.errors.SyntaxError: syntax error at or near ")"
LINE 9: ...bout_us, '<[^>]*>', '', 'g'), ''), msi.content, '') as about...
                                                             ^

2026-04-15 19:23:18,124 | INFO | ai-websocket | --- STARTING UNIVERSAL EXTRACTION (2 results) ---
2026-04-15 19:23:18,124 | DEBUG | ai-websocket | Result has no about_us field, checking next...
2026-04-15 19:23:18,125 | DEBUG | ai-websocket | Result has no about_us field, checking next...
2026-04-15 19:23:18,125 | WARNING | ai-websocket | ALERT: No valid intro could be built for vandana bhatt
2026-04-15 19:23:18,126 | INFO | ai-websocket | --- LLM STREAMING STARTED ---
2026-04-15 19:23:27,787 | INFO | ai-websocket | --- LLM STREAMING FINISHED ---
2026-04-15 19:23:27,787 | WARNING | ai-websocket | ALERT: LLM might have ignored the fixed intro.
2026-04-15 19:23:51,163 | WARNING | ai-websocket | [WS DISCONNECTED]
2026-04-15 19:28:14,597 | INFO | ai-websocket | [WS CONNECT] Origin: None
2026-04-15 19:28:16,800 | DEBUG | ai-websocket | [WS RECEIVED] Raw Data: {'query': 'vandana bhatt', 'user_id': 402981, 'org_id': 1, 'conversation_id': ''}
2026-04-15 19:28:16,801 | INFO | ai-websocket | [QUERY] User:402981 Org:1 : vandana bhatt
2026-04-15 19:28:18,124 | DEBUG | ai-websocket | [CONVERSATION] ID: 604
2026-04-15 19:28:21,247 | INFO | ai-websocket | Intent detected: {'intent': 'SEARCH', 'type': 'professional', 'keywords': 'vandana bhatt', 'location': '', 'rephrased_query': 'vandana bhatt'}
2026-04-15 19:28:21,248 | DEBUG | ai-websocket | [INTENT] {'intent': 'SEARCH', 'type': 'professional', 'keywords': 'vandana bhatt', 'location': '', 'rephrased_query': 'vandana bhatt'}
2026-04-15 19:28:21,250 | DEBUG | ai-websocket | [BASE QUERY] vandana bhatt
2026-04-15 19:28:29,900 | INFO | ai-websocket | [FOLLOWUP DETECT] {'is_followup': False, 'type': 'new topic'}
2026-04-15 19:28:29,900 | INFO | ai-websocket | [FINAL QUERY] vandana bhatt
2026-04-15 19:28:29,900 | INFO | ai-websocket | [INTENT TYPE] professional | Location: 
2026-04-15 19:28:30,231 | INFO | ai-websocket | [SEARCH STAGE]: Trying Full Phrase Match for 'vandana bhatt'
2026-04-15 19:28:30,231 | INFO | ai-websocket | --- STARTING DB EXECUTION ---
2026-04-15 19:28:30,231 | INFO | ai-websocket | SQL: 
            SELECT 
                msi.title, 
                msi.content, 
                msi.category_text, 
                msi.location_text, 
                msi.slug, 
                ua.package_id,
                COALESCE(
                    NULLIF(regexp_replace(ua.about_us, '<[^>]*>', '', 'g'), ''), 
                    msi.content, 
                    ''
                ) as about_us
            FROM master_search_mastersearchindex msi
            LEFT JOIN user_accounts ua ON (
                msi.user_name = ua.username 
                OR LOWER(msi.title) = LOWER(ua.company_name)
            )
            WHERE msi.is_live = TRUE
             AND LOWER(msi.category_text) LIKE %s
                AND (LOWER(msi.title) LIKE %s OR LOWER(msi.content) LIKE %s)
                ORDER BY 
                    (CASE WHEN ua.package_id > 0 THEN 0 ELSE 1 END),
                    CASE 
                        WHEN LOWER(msi.title) = %s THEN 0
                        WHEN LOWER(msi.title) LIKE %s THEN 1
                        ELSE 2
                    END,
                    msi.id DESC
                LIMIT 100
                
2026-04-15 19:28:30,231 | INFO | ai-websocket | Params: ['%professional%', '%vandana bhatt%', '%vandana bhatt%', 'vandana bhatt', '%vandana bhatt%']
2026-04-15 19:28:32,976 | INFO | ai-websocket | [DB RAW COUNT]: 1 results found in database
2026-04-15 19:28:32,976 | INFO | ai-websocket | DEBUG DB DATA -> Title: Vandana Bhatt | Original Content: 
        Vandana Bhatt
        General Management
...
2026-04-15 19:28:32,976 | INFO | ai-websocket | --- RAW RESULTS BEFORE SORTING ---
2026-04-15 19:28:32,982 | INFO | ai-websocket | Row 1: Vandana Bhatt | Paid: False | PkgID: None
2026-04-15 19:28:32,982 | INFO | ai-websocket | --- RESULTS AFTER PRIORITY SORTING (SENT TO LLM) ---
2026-04-15 19:28:32,983 | INFO | ai-websocket | Sorted 1: Vandana Bhatt | Content: 
        Vandana Bhatt
        General Management
        Managing Director (MD)
        Skills: 
        Location: Los Angeles, CA, USA
        Name:
2026-04-15 19:28:32,983 | INFO | ai-websocket | [SEARCH RESULT]: Successfully returning 1 results from DB
2026-04-15 19:28:34,121 | INFO | ai-websocket | --- STARTING UNIVERSAL EXTRACTION (1 results) ---
2026-04-15 19:28:34,122 | INFO | ai-websocket | SUCCESS: Intro extracted for Vandana Bhatt
2026-04-15 19:28:34,125 | INFO | ai-websocket | Instruction attached to Prompt: [FIXED INTRO & CARD PROTECT]
2026-04-15 19:28:34,126 | INFO | ai-websocket | --- LLM STREAMING STARTED ---
2026-04-15 19:28:44,335 | INFO | ai-websocket | --- LLM STREAMING FINISHED ---
2026-04-15 19:28:44,336 | WARNING | ai-websocket | ALERT: LLM might have ignored the fixed intro.
2026-04-15 19:28:47,769 | DEBUG | ai-websocket | [WS RECEIVED] Raw Data: {'query': 'vandana bhatt', 'user_id': 402981, 'org_id': 1, 'conversation_id': ''}
2026-04-15 19:28:47,769 | INFO | ai-websocket | [QUERY] User:402981 Org:1 : vandana bhatt
2026-04-15 19:28:48,990 | DEBUG | ai-websocket | [CONVERSATION] ID: 605
2026-04-15 19:28:52,169 | INFO | ai-websocket | Intent detected: {'intent': 'SEARCH', 'type': 'professional', 'keywords': 'vandana bhatt', 'location': '', 'rephrased_query': 'vandana bhatt'}
2026-04-15 19:28:52,170 | DEBUG | ai-websocket | [INTENT] {'intent': 'SEARCH', 'type': 'professional', 'keywords': 'vandana bhatt', 'location': '', 'rephrased_query': 'vandana bhatt'}
2026-04-15 19:28:52,170 | DEBUG | ai-websocket | [BASE QUERY] vandana bhatt
2026-04-15 19:28:54,890 | INFO | ai-websocket | [FOLLOWUP DETECT] {'is_followup': False, 'type': 'new topic'}
2026-04-15 19:28:54,890 | INFO | ai-websocket | [FINAL QUERY] vandana bhatt
2026-04-15 19:28:54,890 | INFO | ai-websocket | [INTENT TYPE] professional | Location: 
2026-04-15 19:28:55,237 | INFO | ai-websocket | [SEARCH STAGE]: Trying Full Phrase Match for 'vandana bhatt'
2026-04-15 19:28:55,237 | INFO | ai-websocket | --- STARTING DB EXECUTION ---
2026-04-15 19:28:55,237 | INFO | ai-websocket | SQL: 
            SELECT 
                msi.title, 
                msi.content, 
                msi.category_text, 
                msi.location_text, 
                msi.slug, 
                ua.package_id,
                COALESCE(
                    NULLIF(regexp_replace(ua.about_us, '<[^>]*>', '', 'g'), ''), 
                    msi.content, 
                    ''
                ) as about_us
            FROM master_search_mastersearchindex msi
            LEFT JOIN user_accounts ua ON (
                msi.user_name = ua.username 
                OR LOWER(msi.title) = LOWER(ua.company_name)
            )
            WHERE msi.is_live = TRUE
             AND LOWER(msi.category_text) LIKE %s
                AND (LOWER(msi.title) LIKE %s OR LOWER(msi.content) LIKE %s)
                ORDER BY 
                    (CASE WHEN ua.package_id > 0 THEN 0 ELSE 1 END),
                    CASE 
                        WHEN LOWER(msi.title) = %s THEN 0
                        WHEN LOWER(msi.title) LIKE %s THEN 1
                        ELSE 2
                    END,
                    msi.id DESC
                LIMIT 100
                
2026-04-15 19:28:55,237 | INFO | ai-websocket | Params: ['%professional%', '%vandana bhatt%', '%vandana bhatt%', 'vandana bhatt', '%vandana bhatt%']
2026-04-15 19:28:58,532 | INFO | ai-websocket | [DB RAW COUNT]: 1 results found in database
2026-04-15 19:28:58,534 | INFO | ai-websocket | DEBUG DB DATA -> Title: Vandana Bhatt | Original Content: 
        Vandana Bhatt
        General Management
...
2026-04-15 19:28:58,534 | INFO | ai-websocket | --- RAW RESULTS BEFORE SORTING ---
2026-04-15 19:28:58,534 | INFO | ai-websocket | Row 1: Vandana Bhatt | Paid: False | PkgID: None
2026-04-15 19:28:58,534 | INFO | ai-websocket | --- RESULTS AFTER PRIORITY SORTING (SENT TO LLM) ---
2026-04-15 19:28:58,534 | INFO | ai-websocket | Sorted 1: Vandana Bhatt | Content: 
        Vandana Bhatt
        General Management
        Managing Director (MD)
        Skills: 
        Location: Los Angeles, CA, USA
        Name:
2026-04-15 19:28:58,534 | INFO | ai-websocket | [SEARCH RESULT]: Successfully returning 1 results from DB
2026-04-15 19:28:59,038 | INFO | ai-websocket | --- STARTING UNIVERSAL EXTRACTION (1 results) ---
2026-04-15 19:28:59,038 | INFO | ai-websocket | SUCCESS: Intro extracted for Vandana Bhatt
2026-04-15 19:28:59,042 | INFO | ai-websocket | Instruction attached to Prompt: [FIXED INTRO & CARD PROTECT]
2026-04-15 19:28:59,042 | INFO | ai-websocket | --- LLM STREAMING STARTED ---
2026-04-15 19:29:11,763 | INFO | ai-websocket | --- LLM STREAMING FINISHED ---
2026-04-15 19:29:11,764 | WARNING | ai-websocket | ALERT: LLM might have ignored the fixed intro.
2026-04-15 19:29:14,504 | WARNING | ai-websocket | [WS DISCONNECTED]
2026-04-15 19:29:32,696 | INFO | ai-websocket | [WS CONNECT] Origin: None
2026-04-15 19:29:34,221 | DEBUG | ai-websocket | [WS RECEIVED] Raw Data: {'query': 'vandana bhatt', 'user_id': 402981, 'org_id': 1, 'conversation_id': ''}
2026-04-15 19:29:34,222 | INFO | ai-websocket | [QUERY] User:402981 Org:1 : vandana bhatt
2026-04-15 19:29:35,692 | DEBUG | ai-websocket | [CONVERSATION] ID: 606
2026-04-15 19:29:40,991 | INFO | ai-websocket | Intent detected: {'intent': 'SEARCH', 'type': 'PROFESSIONAL', 'keywords': 'vandana bhatt', 'location': '', 'rephrased_query': 'vandana bhatt'}
2026-04-15 19:29:40,992 | DEBUG | ai-websocket | [INTENT] {'intent': 'SEARCH', 'type': 'PROFESSIONAL', 'keywords': 'vandana bhatt', 'location': '', 'rephrased_query': 'vandana bhatt'}
2026-04-15 19:29:40,992 | DEBUG | ai-websocket | [BASE QUERY] vandana bhatt
2026-04-15 19:29:44,700 | INFO | ai-websocket | [FOLLOWUP DETECT] {'is_followup': False, 'type': 'switch'}
2026-04-15 19:29:44,700 | INFO | ai-websocket | [FINAL QUERY] vandana bhatt
2026-04-15 19:29:44,701 | INFO | ai-websocket | [INTENT TYPE] PROFESSIONAL | Location: 
2026-04-15 19:29:45,026 | INFO | ai-websocket | [SEARCH STAGE]: Trying Full Phrase Match for 'vandana bhatt'
2026-04-15 19:29:45,026 | INFO | ai-websocket | --- STARTING DB EXECUTION ---
2026-04-15 19:29:45,026 | INFO | ai-websocket | SQL: 
            SELECT 
                msi.title, 
                msi.content, 
                msi.category_text, 
                msi.location_text, 
                msi.slug, 
                ua.package_id,
                COALESCE(
                    NULLIF(regexp_replace(ua.about_us, '<[^>]*>', '', 'g'), ''), 
                    msi.content, 
                    ''
                ) as about_us
            FROM master_search_mastersearchindex msi
            LEFT JOIN user_accounts ua ON (
                msi.user_name = ua.username 
                OR LOWER(msi.title) = LOWER(ua.company_name)
            )
            WHERE msi.is_live = TRUE
             AND LOWER(msi.category_text) LIKE %s
                AND (LOWER(msi.title) LIKE %s OR LOWER(msi.content) LIKE %s)
                ORDER BY 
                    (CASE WHEN ua.package_id > 0 THEN 0 ELSE 1 END),
                    CASE 
                        WHEN LOWER(msi.title) = %s THEN 0
                        WHEN LOWER(msi.title) LIKE %s THEN 1
                        ELSE 2
                    END,
                    msi.id DESC
                LIMIT 100
                
2026-04-15 19:29:45,027 | INFO | ai-websocket | Params: ['%professional%', '%vandana bhatt%', '%vandana bhatt%', 'vandana bhatt', '%vandana bhatt%']
2026-04-15 19:29:47,758 | INFO | ai-websocket | [DB RAW COUNT]: 1 results found in database
2026-04-15 19:29:47,759 | INFO | ai-websocket | DEBUG DB DATA -> Title: Vandana Bhatt | Original Content: 
        Vandana Bhatt
        General Management
...
2026-04-15 19:29:47,759 | INFO | ai-websocket | --- RAW RESULTS BEFORE SORTING ---
2026-04-15 19:29:47,760 | INFO | ai-websocket | Row 1: Vandana Bhatt | Paid: False | PkgID: None
2026-04-15 19:29:47,760 | INFO | ai-websocket | --- RESULTS AFTER PRIORITY SORTING (SENT TO LLM) ---
2026-04-15 19:29:47,760 | INFO | ai-websocket | Sorted 1: Vandana Bhatt | Content: 
        Vandana Bhatt
        General Management
        Managing Director (MD)
        Skills: 
        Location: Los Angeles, CA, USA
        Name:
2026-04-15 19:29:47,761 | INFO | ai-websocket | [SEARCH RESULT]: Successfully returning 1 results from DB
2026-04-15 19:29:48,184 | INFO | ai-websocket | --- STARTING UNIVERSAL EXTRACTION (3 results) ---
2026-04-15 19:29:48,185 | INFO | ai-websocket | SUCCESS: Intro extracted for Vandana Bhatt
2026-04-15 19:29:48,186 | INFO | ai-websocket | Instruction attached to Prompt: [FIXED INTRO & CARD PROTECT]
2026-04-15 19:29:48,186 | INFO | ai-websocket | --- LLM STREAMING STARTED ---
2026-04-15 19:30:11,215 | INFO | ai-websocket | --- LLM STREAMING FINISHED ---
2026-04-15 19:30:11,216 | WARNING | ai-websocket | ALERT: LLM might have ignored the fixed intro.
2026-04-15 19:40:24,179 | WARNING | ai-websocket | [WS DISCONNECTED]
2026-04-15 19:55:27,764 | INFO | ai-websocket | [WS CONNECT] Origin: None
2026-04-15 19:55:40,053 | ERROR | ai-websocket | [WS ERROR] Expecting property name enclosed in double quotes: line 1 column 2 (char 1)
Traceback (most recent call last):
  File "E:\hospitality\hozpitality-ai\ai_server_2.py", line 1512, in websocket_chat
    data = await websocket.receive_json()
           ^^^^^^^^^^^^^^^^^^^^^^^^^^^^^^
  File "E:\hospitality\hozpitality-ai\venv\Lib\site-packages\starlette\websockets.py", line 142, in receive_json
    return json.loads(text)
           ^^^^^^^^^^^^^^^^
  File "E:\Anaconda3\Lib\json\__init__.py", line 346, in loads
    return _default_decoder.decode(s)
           ^^^^^^^^^^^^^^^^^^^^^^^^^^
  File "E:\Anaconda3\Lib\json\decoder.py", line 337, in decode
    obj, end = self.raw_decode(s, idx=_w(s, 0).end())
               ^^^^^^^^^^^^^^^^^^^^^^^^^^^^^^^^^^^^^^
  File "E:\Anaconda3\Lib\json\decoder.py", line 353, in raw_decode
    obj, end = self.scan_once(s, idx)
               ^^^^^^^^^^^^^^^^^^^^^^
json.decoder.JSONDecodeError: Expecting property name enclosed in double quotes: line 1 column 2 (char 1)
2026-04-15 19:57:01,655 | INFO | ai-websocket | [WS CONNECT] Origin: None
2026-04-15 19:57:03,017 | DEBUG | ai-websocket | [WS RECEIVED] Raw Data: {'query': 'vandana bhatt', 'user_id': 402981, 'org_id': 1, 'conversation_id': ''}
2026-04-15 19:57:03,017 | INFO | ai-websocket | [QUERY] User:402981 Org:1 : vandana bhatt
2026-04-15 19:57:04,163 | DEBUG | ai-websocket | [CONVERSATION] ID: 607
2026-04-15 19:57:31,651 | INFO | ai-websocket | Intent detected: {'intent': 'SEARCH', 'type': 'professional', 'keywords': 'vandana bhatt', 'location': '', 'rephrased_query': 'vandana bhatt'}
2026-04-15 19:57:31,651 | DEBUG | ai-websocket | [INTENT] {'intent': 'SEARCH', 'type': 'professional', 'keywords': 'vandana bhatt', 'location': '', 'rephrased_query': 'vandana bhatt'}
2026-04-15 19:57:31,652 | DEBUG | ai-websocket | [BASE QUERY] vandana bhatt
2026-04-15 19:57:43,870 | INFO | ai-websocket | [FOLLOWUP DETECT] {'is_followup': False, 'type': 'switch'}
2026-04-15 19:57:43,870 | INFO | ai-websocket | [FINAL QUERY] vandana bhatt
2026-04-15 19:57:43,873 | INFO | ai-websocket | [INTENT TYPE] professional | Location: 
2026-04-15 19:57:44,191 | INFO | ai-websocket | [SEARCH STAGE]: Trying Full Phrase Match for 'vandana bhatt'
2026-04-15 19:57:44,191 | INFO | ai-websocket | --- STARTING DB EXECUTION ---
2026-04-15 19:57:44,191 | INFO | ai-websocket | SQL: 
            SELECT 
                msi.title, 
                msi.content, 
                msi.category_text, 
                msi.location_text, 
                msi.slug, 
                ua.package_id,
                COALESCE(
                    NULLIF(regexp_replace(ua.about_us, '<[^>]*>', '', 'g'), ''), 
                    msi.content, 
                    ''
                ) as about_us
            FROM master_search_mastersearchindex msi
            LEFT JOIN user_accounts ua ON (
                msi.user_name = ua.username 
                OR LOWER(msi.title) = LOWER(ua.company_name)
            )
            WHERE msi.is_live = TRUE
             AND LOWER(msi.category_text) LIKE %s
                AND (LOWER(msi.title) LIKE %s OR LOWER(msi.content) LIKE %s)
                ORDER BY 
                    (CASE WHEN ua.package_id > 0 THEN 0 ELSE 1 END),
                    CASE 
                        WHEN LOWER(msi.title) = %s THEN 0
                        WHEN LOWER(msi.title) LIKE %s THEN 1
                        ELSE 2
                    END,
                    msi.id DESC
                LIMIT 100
                
2026-04-15 19:57:44,192 | INFO | ai-websocket | Params: ['%professional%', '%vandana bhatt%', '%vandana bhatt%', 'vandana bhatt', '%vandana bhatt%']
2026-04-15 19:57:47,651 | INFO | ai-websocket | [DB RAW COUNT]: 1 results found in database
2026-04-15 19:57:47,651 | INFO | ai-websocket | DEBUG DB DATA -> Title: Vandana Bhatt | Original Content: 
        Vandana Bhatt
        General Management
...
2026-04-15 19:57:47,651 | INFO | ai-websocket | --- RAW RESULTS BEFORE SORTING ---
2026-04-15 19:57:47,651 | INFO | ai-websocket | Row 1: Vandana Bhatt | Paid: False | PkgID: None
2026-04-15 19:57:47,654 | INFO | ai-websocket | --- RESULTS AFTER PRIORITY SORTING (SENT TO LLM) ---
2026-04-15 19:57:47,654 | INFO | ai-websocket | Sorted 1: Vandana Bhatt | Content: 
        Vandana Bhatt
        General Management
        Managing Director (MD)
        Skills: 
        Location: Los Angeles, CA, USA
        Name:
2026-04-15 19:57:47,654 | INFO | ai-websocket | [SEARCH RESULT]: Successfully returning 1 results from DB
2026-04-15 19:57:48,823 | INFO | ai-websocket | --- STARTING UNIVERSAL EXTRACTION (1 results) ---
2026-04-15 19:57:48,823 | INFO | ai-websocket | SUCCESS: Intro extracted for Vandana Bhatt
2026-04-15 19:57:48,825 | INFO | ai-websocket | Instruction attached to Prompt: [FIXED INTRO & CARD PROTECT]
2026-04-15 19:57:48,828 | INFO | ai-websocket | --- LLM STREAMING STARTED ---
2026-04-15 19:57:59,971 | INFO | ai-websocket | --- LLM STREAMING FINISHED ---
2026-04-15 19:57:59,973 | WARNING | ai-websocket | ALERT: LLM might have ignored the fixed intro.
2026-04-15 19:58:12,566 | DEBUG | ai-websocket | [WS RECEIVED] Raw Data: {'query': 'raj bhatt', 'user_id': 402981, 'org_id': 1, 'conversation_id': ''}
2026-04-15 19:58:12,572 | INFO | ai-websocket | [QUERY] User:402981 Org:1 : raj bhatt
2026-04-15 19:58:13,605 | DEBUG | ai-websocket | [CONVERSATION] ID: 608
2026-04-15 19:58:16,924 | INFO | ai-websocket | Intent detected: {'intent': 'SEARCH', 'type': 'PROFESSIONAL', 'keywords': 'raj bhatt', 'location': '', 'rephrased_query': 'raj bhatt'}
2026-04-15 19:58:16,924 | DEBUG | ai-websocket | [INTENT] {'intent': 'SEARCH', 'type': 'PROFESSIONAL', 'keywords': 'raj bhatt', 'location': '', 'rephrased_query': 'raj bhatt'}
2026-04-15 19:58:16,924 | DEBUG | ai-websocket | [BASE QUERY] raj bhatt
2026-04-15 19:58:20,174 | INFO | ai-websocket | [FOLLOWUP DETECT] {'is_followup': False, 'type': 'switch'}
2026-04-15 19:58:20,174 | INFO | ai-websocket | [FINAL QUERY] raj bhatt
2026-04-15 19:58:20,174 | INFO | ai-websocket | [INTENT TYPE] PROFESSIONAL | Location: 
2026-04-15 19:58:20,492 | INFO | ai-websocket | [SEARCH STAGE]: Trying Full Phrase Match for 'raj bhatt'
2026-04-15 19:58:20,492 | INFO | ai-websocket | --- STARTING DB EXECUTION ---
2026-04-15 19:58:20,495 | INFO | ai-websocket | SQL: 
            SELECT 
                msi.title, 
                msi.content, 
                msi.category_text, 
                msi.location_text, 
                msi.slug, 
                ua.package_id,
                COALESCE(
                    NULLIF(regexp_replace(ua.about_us, '<[^>]*>', '', 'g'), ''), 
                    msi.content, 
                    ''
                ) as about_us
            FROM master_search_mastersearchindex msi
            LEFT JOIN user_accounts ua ON (
                msi.user_name = ua.username 
                OR LOWER(msi.title) = LOWER(ua.company_name)
            )
            WHERE msi.is_live = TRUE
             AND LOWER(msi.category_text) LIKE %s
                AND (LOWER(msi.title) LIKE %s OR LOWER(msi.content) LIKE %s)
                ORDER BY 
                    (CASE WHEN ua.package_id > 0 THEN 0 ELSE 1 END),
                    CASE 
                        WHEN LOWER(msi.title) = %s THEN 0
                        WHEN LOWER(msi.title) LIKE %s THEN 1
                        ELSE 2
                    END,
                    msi.id DESC
                LIMIT 100
                
2026-04-15 19:58:20,495 | INFO | ai-websocket | Params: ['%professional%', '%raj bhatt%', '%raj bhatt%', 'raj bhatt', '%raj bhatt%']
2026-04-15 19:58:25,894 | INFO | ai-websocket | [DB RAW COUNT]: 17 results found in database
2026-04-15 19:58:25,894 | INFO | ai-websocket | DEBUG DB DATA -> Title: Raj Bhatt | Original Content: 
        Raj Bhatt
        General Management
    ...
2026-04-15 19:58:25,894 | INFO | ai-websocket | DEBUG DB DATA -> Title: DeepakRaj Bhatt | Original Content: 
        DeepakRaj Bhatt
        Housekeeping
    ...
2026-04-15 19:58:25,894 | INFO | ai-websocket | DEBUG DB DATA -> Title: Dheeraj Bhatt | Original Content: 
        Dheeraj Bhatt
        
        
        S...
2026-04-15 19:58:25,899 | INFO | ai-websocket | DEBUG DB DATA -> Title: Deepak Raj Bhatt | Original Content: 
        Deepak Raj Bhatt
        
        
      ...
2026-04-15 19:58:25,900 | INFO | ai-websocket | DEBUG DB DATA -> Title: Neeraj Bhatt | Original Content: 
        Neeraj Bhatt
        
        
        Sk...
2026-04-15 19:58:25,901 | INFO | ai-websocket | DEBUG DB DATA -> Title: Prakash raj Bhattarai | Original Content: 
        Prakash raj Bhattarai
        
        
 ...
2026-04-15 19:58:25,901 | INFO | ai-websocket | DEBUG DB DATA -> Title: Eika Raj bhatta | Original Content: 
        Eika Raj bhatta
        Housekeeping
    ...
2026-04-15 19:58:25,901 | INFO | ai-websocket | DEBUG DB DATA -> Title: Suraj Bhattrai | Original Content: 
        Suraj Bhattrai
        Head Office & Admi...
2026-04-15 19:58:25,901 | INFO | ai-websocket | DEBUG DB DATA -> Title: DHIRGA RAJ BHATTARAI | Original Content: 
        DHIRGA RAJ BHATTARAI
        Food and Bev...
2026-04-15 19:58:25,904 | INFO | ai-websocket | DEBUG DB DATA -> Title: Neeraj Bhatt | Original Content: 
        Neeraj Bhatt
        Food and Beverage Se...
2026-04-15 19:58:25,904 | INFO | ai-websocket | DEBUG DB DATA -> Title: Prem Raj Bhatt | Original Content: 
        Prem Raj Bhatt
        Chefs-Kitchen
    ...
2026-04-15 19:58:25,904 | INFO | ai-websocket | DEBUG DB DATA -> Title: Nabraj Bhattarai | Original Content: 
        Nabraj Bhattarai
        Chefs-Kitchen
  ...
2026-04-15 19:58:25,904 | INFO | ai-websocket | DEBUG DB DATA -> Title: janak raj bhatt | Original Content: 
        janak raj bhatt
        Housekeeping
    ...
2026-04-15 19:58:25,904 | INFO | ai-websocket | DEBUG DB DATA -> Title: Suraj Bhattarai | Original Content: 
        Suraj Bhattarai
        Food and Beverage...
2026-04-15 19:58:25,904 | INFO | ai-websocket | DEBUG DB DATA -> Title: Shiraj Bhattarai | Original Content: 
        Shiraj Bhattarai
        Front of House
 ...
2026-04-15 19:58:25,904 | INFO | ai-websocket | DEBUG DB DATA -> Title: Bedhraj Bhattarai | Original Content: 
        Bedhraj Bhattarai
        Housekeeping
  ...
2026-04-15 19:58:25,904 | INFO | ai-websocket | DEBUG DB DATA -> Title: Suraj Bhattacharya | Original Content: 
        Suraj Bhattacharya
        Housekeeping
 ...
2026-04-15 19:58:25,909 | INFO | ai-websocket | --- RAW RESULTS BEFORE SORTING ---
2026-04-15 19:58:25,909 | INFO | ai-websocket | Row 1: Raj Bhatt | Paid: True | PkgID: 5
2026-04-15 19:58:25,909 | INFO | ai-websocket | Row 2: DeepakRaj Bhatt | Paid: False | PkgID: None
2026-04-15 19:58:25,909 | INFO | ai-websocket | Row 3: Dheeraj Bhatt | Paid: False | PkgID: None
2026-04-15 19:58:25,909 | INFO | ai-websocket | Row 4: Deepak Raj Bhatt | Paid: False | PkgID: None
2026-04-15 19:58:25,909 | INFO | ai-websocket | Row 5: Neeraj Bhatt | Paid: False | PkgID: None
2026-04-15 19:58:25,909 | INFO | ai-websocket | --- RESULTS AFTER PRIORITY SORTING (SENT TO LLM) ---
2026-04-15 19:58:25,914 | INFO | ai-websocket | Sorted 1: Raj Bhatt | Content: 
        Raj Bhatt
        General Management
        CEO
        Skills: Leadership, Hotel Management, HR, Consulting
        Location: Los Angeles, 
2026-04-15 19:58:25,914 | INFO | ai-websocket | Sorted 2: DeepakRaj Bhatt | Content: 
        DeepakRaj Bhatt
        Housekeeping
        Housekeeping Supervisor
        Skills: 
        Location: Dubai - United Arab Emirates
        
2026-04-15 19:58:25,914 | INFO | ai-websocket | Sorted 3: Dheeraj Bhatt | Content: 
        Dheeraj Bhatt
        
        
        Skills: 
        Location: Delhi
        Name: Dheeraj Bhatt
        Industries: Hotels & Resorts
   
2026-04-15 19:58:25,916 | INFO | ai-websocket | Sorted 4: Deepak Raj Bhatt | Content: 
        Deepak Raj Bhatt
        
        
        Skills: 
        Location: Haridwar
        Name: Deepak Raj Bhatt
        Industries: Hotels & Re
2026-04-15 19:58:25,917 | INFO | ai-websocket | Sorted 5: Neeraj Bhatt | Content: 
        Neeraj Bhatt
        
        
        Skills: 
        Location: nan
        Name: Neeraj Bhatt
        Industries: Hotels & Resorts
       
2026-04-15 19:58:25,917 | INFO | ai-websocket | [SEARCH RESULT]: Successfully returning 6 results from DB
2026-04-15 19:58:26,684 | INFO | ai-websocket | --- STARTING UNIVERSAL EXTRACTION (6 results) ---
2026-04-15 19:58:26,685 | INFO | ai-websocket | SUCCESS: Intro extracted for Raj Bhatt
2026-04-15 19:58:26,720 | INFO | ai-websocket | Instruction attached to Prompt: [FIXED INTRO & CARD PROTECT]
2026-04-15 19:58:26,720 | INFO | ai-websocket | --- LLM STREAMING STARTED ---
2026-04-15 19:58:50,018 | INFO | ai-websocket | --- LLM STREAMING FINISHED ---
2026-04-15 19:58:50,018 | INFO | ai-websocket | SUCCESS: DB Intro found in LLM response!
2026-04-15 19:58:56,254 | DEBUG | ai-websocket | [WS RECEIVED] Raw Data: {'query': 'chandan roy', 'user_id': 402981, 'org_id': 1, 'conversation_id': ''}
2026-04-15 19:58:56,256 | INFO | ai-websocket | [QUERY] User:402981 Org:1 : chandan roy
2026-04-15 19:58:57,822 | DEBUG | ai-websocket | [CONVERSATION] ID: 609
2026-04-15 19:59:02,816 | INFO | ai-websocket | Intent detected: {'intent': 'SEARCH', 'type': 'professional', 'keywords': 'chandan roy', 'location': '', 'rephrased_query': 'chandan roy'}
2026-04-15 19:59:02,816 | DEBUG | ai-websocket | [INTENT] {'intent': 'SEARCH', 'type': 'professional', 'keywords': 'chandan roy', 'location': '', 'rephrased_query': 'chandan roy'}
2026-04-15 19:59:02,816 | DEBUG | ai-websocket | [BASE QUERY] chandan roy
2026-04-15 19:59:06,218 | INFO | ai-websocket | [FOLLOWUP DETECT] {'is_followup': False, 'response': 'I want to know more about awards', 'type': 'refine'}
2026-04-15 19:59:06,220 | INFO | ai-websocket | [FINAL QUERY] chandan roy
2026-04-15 19:59:06,221 | INFO | ai-websocket | [INTENT TYPE] professional | Location: 
2026-04-15 19:59:06,538 | INFO | ai-websocket | [SEARCH STAGE]: Trying Full Phrase Match for 'chandan roy'
2026-04-15 19:59:06,538 | INFO | ai-websocket | --- STARTING DB EXECUTION ---
2026-04-15 19:59:06,538 | INFO | ai-websocket | SQL: 
            SELECT 
                msi.title, 
                msi.content, 
                msi.category_text, 
                msi.location_text, 
                msi.slug, 
                ua.package_id,
                COALESCE(
                    NULLIF(regexp_replace(ua.about_us, '<[^>]*>', '', 'g'), ''), 
                    msi.content, 
                    ''
                ) as about_us
            FROM master_search_mastersearchindex msi
            LEFT JOIN user_accounts ua ON (
                msi.user_name = ua.username 
                OR LOWER(msi.title) = LOWER(ua.company_name)
            )
            WHERE msi.is_live = TRUE
             AND LOWER(msi.category_text) LIKE %s
                AND (LOWER(msi.title) LIKE %s OR LOWER(msi.content) LIKE %s)
                ORDER BY 
                    (CASE WHEN ua.package_id > 0 THEN 0 ELSE 1 END),
                    CASE 
                        WHEN LOWER(msi.title) = %s THEN 0
                        WHEN LOWER(msi.title) LIKE %s THEN 1
                        ELSE 2
                    END,
                    msi.id DESC
                LIMIT 100
                
2026-04-15 19:59:06,538 | INFO | ai-websocket | Params: ['%professional%', '%chandan roy%', '%chandan roy%', 'chandan roy', '%chandan roy%']
2026-04-15 19:59:10,412 | INFO | ai-websocket | [DB RAW COUNT]: 1 results found in database
2026-04-15 19:59:10,413 | INFO | ai-websocket | DEBUG DB DATA -> Title: Chandan Roy | Original Content: 
        Chandan Roy
        
        IT Assistant...
2026-04-15 19:59:10,413 | INFO | ai-websocket | --- RAW RESULTS BEFORE SORTING ---
2026-04-15 19:59:10,415 | INFO | ai-websocket | Row 1: Chandan Roy | Paid: False | PkgID: None
2026-04-15 19:59:10,415 | INFO | ai-websocket | --- RESULTS AFTER PRIORITY SORTING (SENT TO LLM) ---
2026-04-15 19:59:10,416 | INFO | ai-websocket | Sorted 1: Chandan Roy | Content: 
        Chandan Roy
        
        IT Assistant
        Skills: 
        Location: Mumbai
        Name: Chandan Roy
        Industries: Association
2026-04-15 19:59:10,417 | INFO | ai-websocket | [SEARCH RESULT]: Successfully returning 1 results from DB
2026-04-15 19:59:10,980 | INFO | ai-websocket | --- STARTING UNIVERSAL EXTRACTION (1 results) ---
2026-04-15 19:59:10,981 | INFO | ai-websocket | SUCCESS: Intro extracted for Chandan Roy
2026-04-15 19:59:11,022 | INFO | ai-websocket | Instruction attached to Prompt: [FIXED INTRO & CARD PROTECT]
2026-04-15 19:59:11,024 | INFO | ai-websocket | --- LLM STREAMING STARTED ---
2026-04-15 19:59:23,735 | INFO | ai-websocket | --- LLM STREAMING FINISHED ---
2026-04-15 19:59:23,735 | WARNING | ai-websocket | ALERT: LLM might have ignored the fixed intro.
2026-04-15 20:05:57,794 | WARNING | ai-websocket | [WS DISCONNECTED]
